-- phpMyAdmin SQL Dump
-- version 4.8.5
-- https://www.phpmyadmin.net/
--
-- Хост: 127.0.0.1
-- Время создания: Май 14 2019 г., 22:24
-- Версия сервера: 10.1.38-MariaDB
-- Версия PHP: 7.3.3

SET SQL_MODE = "NO_AUTO_VALUE_ON_ZERO";
SET AUTOCOMMIT = 0;
START TRANSACTION;
SET time_zone = "+00:00";


/*!40101 SET @OLD_CHARACTER_SET_CLIENT=@@CHARACTER_SET_CLIENT */;
/*!40101 SET @OLD_CHARACTER_SET_RESULTS=@@CHARACTER_SET_RESULTS */;
/*!40101 SET @OLD_COLLATION_CONNECTION=@@COLLATION_CONNECTION */;
/*!40101 SET NAMES utf8mb4 */;

--
-- База данных: `db_domy`
--

DELIMITER $$
--
-- Процедуры
--
CREATE DEFINER=`root`@`localhost` PROCEDURE `getAll` (IN `p_id_action` INT)  SQL SECURITY INVOKER
BEGIN
	select * from spr_question_tree join spr_question on spr_question_tree.ID_CHILD = spr_question.ID
    where spr_question_tree.ID_TREE =
    (select TREE from spr_action where ID = p_id_action);
END$$

CREATE DEFINER=`root`@`localhost` PROCEDURE `getAnswer` (IN `P_ID_ACTION` INT, IN `P_ID_Q` INT)  SQL SECURITY INVOKER
BEGIN

	select spr_answer.ID as id_answer,
           spr_answer.ANSWER as answer,
           spr_answer.INFO as info,
           spr_answer_question.IS_HAVE_COMMENT as is_have_comment,
           spr_answer_question.IS_MUST_COMMENT as is_must_comment,
           spr_answer_question.IS_HAVE_SCALE as is_have_scale,
           spr_answer_question.SCALE_MIN     as scale_min,
           spr_answer_question.SCALE_MAX     as scale_max,
           spr_answer_question.SCALE_STEP    as scale_step,
           spr_answer_question.SHOW_INDEX    as show_index,
           spr_answer_question.IS_TRUE       as is_true,
           spr_answer_question.IS_TRUE_COMMENT  as is_true_comment
			           
           # SPR_QUESTION_TREE.ID_CHILD        as id_child 
                      
    from   spr_answer_question join spr_answer on spr_answer_question.ID_ANSWER = spr_answer.ID
           left join spr_question_tree on   spr_question_tree.ID_PARENT = spr_answer_question.ID_QUESTION and
           									spr_question_tree.ID_ASWER_BRANCH = spr_answer_question.ID_ANSWER and

spr_question_tree.ID_TREE = 
   (select TREE from spr_action where ID = P_ID_ACTION)
           
    where  spr_answer_question.ID_QUESTION = P_ID_Q
           
    order by 
    	   spr_answer_question.SHOW_INDEX;
    
END$$

CREATE DEFINER=`root`@`localhost` PROCEDURE `getPromocod` (IN `P_mail` VARCHAR(255))  SQL SECURITY INVOKER
BEGIN

SELECT DISTINCT user_trophy.PROMO_CODE as promocode, spr_action.ACTION_NAME as action_name
FROM user_trophy JOIN usr_login ON user_trophy.ID_USER = usr_login.ID_USER JOIN spr_action ON user_trophy.ID_ACTION = spr_action.ID
WHERE usr_login.MAIL LIKE P_mail;

END$$

CREATE DEFINER=`root`@`localhost` PROCEDURE `getQuestion` (IN `P_ID_ACTION` INT, IN `P_ID_Q` INT, IN `P_ID_A` INT)  SQL SECURITY INVOKER
BEGIN

	select spr_question.ID as id_parent,
           spr_question.QUESTION as question,
           spr_question.INFO as info,
           spr_question.IS_MULTI_ANSWER as is_multi_aswer,
           spr_question.IS_MUST_HAVE_ANSWER as is_must_have_answer,
           spr_question.ID_LEVEL as id_level
    from spr_question_tree join spr_question on spr_question_tree.ID_CHILD = spr_question.ID
    where COALESCE(spr_question_tree.ID_PARENT, 0) = COALESCE(P_ID_Q, 0) and
          ( COALESCE(spr_question_tree.ID_ASWER_BRANCH, 0)=0 or
            COALESCE(spr_question_tree.ID_ASWER_BRANCH, 0) = COALESCE(P_ID_A, 0) ) and
          spr_question_tree.ID_TREE =
          (select TREE from spr_action where ID = P_ID_ACTION);
          
    
END$$

CREATE DEFINER=`root`@`localhost` PROCEDURE `getQuestionsCount` (IN `p_id_action` INT, IN `p_id_level` INT)  SQL SECURITY INVOKER
BEGIN
  select count(*) as questions_count 
  from spr_question_tree join spr_question on spr_question_tree.ID_CHILD = spr_question.ID
  where 
  CASE
  WHEN p_id_level = 0 THEN
  spr_question_tree.ID_TREE = 
  (select TREE from spr_action where ID = p_id_action)
  ELSE
  spr_question_tree.ID_TREE = 
  (select TREE from spr_action where ID = p_id_action)
  AND
  (spr_question.ID_LEVEL = p_id_level)
  END;
END$$

CREATE DEFINER=`root`@`localhost` PROCEDURE `getUserStat` (IN `P_Play_key` VARCHAR(255))  SQL SECURITY INVOKER
BEGIN

SELECT tbl.group_name, SUM(tbl.is_true) as count_true, COUNT(tbl.group_name) as count_all FROM
(SELECT spr_question_group.GROUP_NAME as group_name, usr_answer.IS_TRUE as is_true

FROM usr_answer JOIN spr_question ON usr_answer.ID_QUESTION = spr_question.ID JOIN spr_question_group ON spr_question.ID_GROUP = spr_question_group.ID

WHERE usr_answer.PLAY_KEY = P_Play_key) as tbl

GROUP BY group_name;

END$$

CREATE DEFINER=`root`@`localhost` PROCEDURE `putUserAnswer` (IN `P_ID_USER` INT, IN `P_ID_QUESTION` INT, IN `P_ANSWER` VARCHAR(255), IN `P_INFO` VARCHAR(1024), IN `P_SCALE_VALUE` FLOAT, IN `P_IS_TRUE` TINYINT, IN `P_ID_ACTION` INT(255), IN `P_Play_key` VARCHAR(255))  MODIFIES SQL DATA
    SQL SECURITY INVOKER
BEGIN

  insert into usr_answer(ID_USER, ID_QUESTION, ANSWER, INFO, SCALE_VALUE, IS_TRUE, ID_ACTION, PLAY_KEY) values 
  (P_ID_USER, P_ID_QUESTION, P_ANSWER, P_INFO, P_SCALE_VALUE, P_IS_TRUE, P_ID_ACTION, P_Play_key);
  
END$$

DELIMITER ;

-- --------------------------------------------------------

--
-- Структура таблицы `biz_reg`
--

CREATE TABLE `biz_reg` (
  `ID` int(11) NOT NULL,
  `ORG_NAME` varchar(255) NOT NULL,
  `DESCRIPTION` text NOT NULL,
  `CONTRACT_NUMBER` int(11) DEFAULT NULL,
  `CONTRACT_DATE` date DEFAULT NULL,
  `DT_INSERTED` datetime NOT NULL DEFAULT CURRENT_TIMESTAMP,
  `DT_MODIFIED` datetime NOT NULL DEFAULT '0000-00-00 00:00:00' ON UPDATE CURRENT_TIMESTAMP
) ENGINE=InnoDB DEFAULT CHARSET=utf8;

--
-- Дамп данных таблицы `biz_reg`
--

INSERT INTO `biz_reg` (`ID`, `ORG_NAME`, `DESCRIPTION`, `CONTRACT_NUMBER`, `CONTRACT_DATE`, `DT_INSERTED`, `DT_MODIFIED`) VALUES
(0, 'Думай', 'Электронный сервис полезных квизов и викторин', NULL, NULL, '0000-00-00 00:00:00', '0000-00-00 00:00:00');

-- --------------------------------------------------------

--
-- Структура таблицы `spr_action`
--

CREATE TABLE `spr_action` (
  `ID` int(11) NOT NULL,
  `ACTION_NAME` varchar(256) NOT NULL,
  `DESCRIPTION` text NOT NULL,
  `GIFT_1` int(11) DEFAULT NULL,
  `GIFT_2` int(11) DEFAULT NULL,
  `GIFT_3` int(11) DEFAULT NULL,
  `GIFT_4` int(11) DEFAULT NULL,
  `GIFT_5` int(11) DEFAULT NULL,
  `TREE` int(11) NOT NULL,
  `MODE` int(11) DEFAULT NULL,
  `DT_INSERTED` datetime NOT NULL DEFAULT CURRENT_TIMESTAMP,
  `DT_MODIFIED` datetime NOT NULL DEFAULT '0000-00-00 00:00:00' ON UPDATE CURRENT_TIMESTAMP
) ENGINE=InnoDB DEFAULT CHARSET=utf8;

--
-- Дамп данных таблицы `spr_action`
--

INSERT INTO `spr_action` (`ID`, `ACTION_NAME`, `DESCRIPTION`, `GIFT_1`, `GIFT_2`, `GIFT_3`, `GIFT_4`, `GIFT_5`, `TREE`, `MODE`, `DT_INSERTED`, `DT_MODIFIED`) VALUES
(1, 'Выбор жилья', '60 вопросов с подарком от Думая и сбором желания по локации и количеству комнат', 0, NULL, NULL, NULL, NULL, 2, NULL, '0000-00-00 00:00:00', '2019-05-14 23:17:10'),
(2, 'Выбор жилья', '30 вопросов с подарком от сервиса думай сбором желания по локации и количеству комнат, сложный тест (без повторов)', 0, NULL, NULL, NULL, NULL, 3, NULL, '2019-05-01 23:17:29', '0000-00-00 00:00:00'),
(3, 'Выбор жилья', '30 вопросов с подарком от сервиса Думай и сбором желаний по локации и количеству комнат с возвратом к не отвеченному вопросу', 0, NULL, NULL, NULL, NULL, 3, NULL, '2019-05-01 23:21:32', '2019-05-11 09:51:50'),
(4, 'Выбор жилья', 'Экспресс тест на 15 вопросов с повторами', 0, NULL, NULL, NULL, NULL, 5, NULL, '2019-05-10 14:10:47', '2019-05-10 19:22:10');

-- --------------------------------------------------------

--
-- Структура таблицы `spr_answer`
--

CREATE TABLE `spr_answer` (
  `ID` int(11) NOT NULL,
  `ID_GROUP` int(11) NOT NULL,
  `ANSWER` varchar(1024) NOT NULL,
  `INFO` varchar(1024) DEFAULT NULL COMMENT 'доп.инфо к ответу',
  `DT_INSERTED` datetime DEFAULT CURRENT_TIMESTAMP,
  `DT_MODIFIED` datetime DEFAULT NULL ON UPDATE CURRENT_TIMESTAMP
) ENGINE=InnoDB DEFAULT CHARSET=utf8;

--
-- Дамп данных таблицы `spr_answer`
--

INSERT INTO `spr_answer` (`ID`, `ID_GROUP`, `ANSWER`, `INFO`, `DT_INSERTED`, `DT_MODIFIED`) VALUES
(1, 1, 'район', NULL, '2019-01-16 23:48:24', '0000-00-00 00:00:00'),
(2, 1, 'цена', NULL, '2019-01-16 23:48:34', '0000-00-00 00:00:00'),
(3, 1, 'наличие объектов инфраструктуры (школ, больниц, садов)', NULL, '2019-01-16 23:49:04', '0000-00-00 00:00:00'),
(4, 1, 'экология', NULL, '2019-01-16 23:49:44', '2019-01-17 00:02:17'),
(5, 1, 'Да', NULL, '2019-01-17 00:07:24', '2019-04-14 11:41:13'),
(6, 1, 'Нет', NULL, '2019-01-17 00:07:37', '2019-04-14 11:41:26'),
(7, 1, '5-7 млн', NULL, '2019-01-17 00:15:33', NULL),
(8, 1, '7-10 млн', NULL, '2019-01-17 00:15:52', NULL),
(9, 1, '10-15 млн', NULL, '2019-01-17 00:16:10', NULL),
(10, 1, '15-20 млн', NULL, '2019-01-17 00:16:24', NULL),
(11, 1, 'от 20 млн', NULL, '2019-01-17 00:16:43', NULL),
(12, 1, 'да, это освободит меня от \"бумажных\" хлопот и снимет риски', NULL, '2019-01-17 22:50:15', NULL),
(13, 1, 'нет, я подкован и в состоянии самостоятельно совершить сделку', NULL, '2019-01-17 22:50:37', NULL),
(14, 1, 'до 1 месяца', NULL, '2019-01-17 22:51:37', NULL),
(15, 1, '1-3 месяца', NULL, '2019-01-17 22:51:57', NULL),
(16, 1, '3-6 месяцев', NULL, '2019-01-17 22:52:26', NULL),
(17, 1, 'от полугода до года', NULL, '2019-01-17 22:52:36', NULL),
(18, 1, 'свыше года', NULL, '2019-01-17 22:53:00', NULL),
(19, 1, 'введите ответ', NULL, '2019-01-17 22:57:42', NULL),
(20, 1, 'Менее месяца', NULL, '2019-05-01 14:08:05', NULL),
(21, 1, 'Месяц', NULL, '2019-05-01 14:08:05', NULL),
(22, 1, '6 месяцев', NULL, '2019-05-01 14:08:05', '2019-05-14 22:54:35'),
(23, 1, 'Менее месяца', NULL, '2019-05-01 14:08:05', '2019-05-14 22:54:50'),
(24, 1, 'Всю жизнь', NULL, '2019-05-01 14:08:05', NULL),
(25, 1, 'С 1 по 4', NULL, '2019-05-01 14:08:05', '2019-05-14 22:56:42'),
(26, 1, 'С 5 по 15', NULL, '2019-05-01 14:08:05', '2019-05-14 22:56:51'),
(27, 1, 'Выше 15', NULL, '2019-05-01 14:08:05', '2019-05-14 22:57:07'),
(28, 1, 'От 15 и выше', NULL, '2019-05-01 14:08:05', NULL),
(29, 1, 'Лучше ближе к крыше - вот это для героев в самом расцвете сил!', NULL, '2019-05-01 14:08:05', NULL),
(30, 1, 'Да, это может быть выгодный вариант', NULL, '2019-05-01 14:08:05', NULL),
(31, 1, 'Нет, не стоит', NULL, '2019-05-01 14:08:05', NULL),
(32, 1, 'Обращаю, ближе к лифту - быстрее дома', NULL, '2019-05-01 14:08:05', NULL),
(33, 1, '\"Брежневка\" лучше', NULL, '2019-05-01 14:08:05', NULL),
(34, 1, 'Новостройка', NULL, '2019-05-01 14:08:05', NULL),
(35, 1, 'Качество постройки дома определяется другими факторами', NULL, '2019-05-01 14:08:06', '2019-05-14 22:58:49'),
(36, 1, 'Качество постройки дома определяется другими факторами', NULL, '2019-05-01 14:08:06', NULL),
(37, 1, 'Да, на их отсутствие, чтоб владельцы авто не мешали жить пешеходам', NULL, '2019-05-01 14:08:06', NULL),
(38, 1, 'В одиночку', NULL, '2019-05-01 14:08:06', NULL),
(39, 1, 'На медведя я, друзья, выйду без испуга. Если с другом буду я, а медведь - без друга!', NULL, '2019-05-01 14:08:06', NULL),
(40, 1, 'Не влияет на принятие решения о покупке квартиры', NULL, '2019-05-01 14:08:06', NULL),
(41, 1, 'Нет, имидж с квартирой никак не связан', NULL, '2019-05-01 14:08:06', NULL),
(42, 1, 'Нет, а что надо было?', NULL, '2019-05-01 14:08:06', NULL),
(43, 1, 'Проверяю, если это не \"новостройка\"', NULL, '2019-05-01 14:08:06', NULL),
(44, 1, 'Утро', NULL, '2019-05-01 14:08:06', NULL),
(45, 1, 'День', NULL, '2019-05-01 14:08:06', NULL),
(46, 1, 'Вечер', NULL, '2019-05-01 14:08:06', NULL),
(47, 1, 'Ночь - а вдруг в квартире приведения живут', NULL, '2019-05-01 14:08:06', NULL),
(48, 1, 'Не знаю', NULL, '2019-05-01 14:08:06', NULL),
(49, 1, 'Конечно, характеристики', NULL, '2019-05-01 14:08:06', NULL),
(50, 1, 'Эмоции (вдруг угадаю)', NULL, '2019-05-01 14:08:06', NULL),
(51, 1, '50/50', NULL, '2019-05-01 14:08:06', NULL),
(52, 1, 'Нет (я вообще не проверяю никакой короб, вы что?)', NULL, '2019-05-01 14:08:06', NULL),
(53, 1, 'В такой проверке нет смылса - всегда можно установить вентилятор на вытяжку.', NULL, '2019-05-01 14:08:06', NULL),
(54, 1, '250-270', NULL, '2019-05-01 14:08:06', NULL),
(55, 1, '270-290', NULL, '2019-05-01 14:08:06', NULL),
(56, 1, 'Более 290', NULL, '2019-05-01 14:08:06', NULL),
(57, 1, 'Небольшая и функциональная', NULL, '2019-05-01 14:08:06', NULL),
(58, 1, 'Лучше свободные метры', NULL, '2019-05-01 14:08:06', NULL),
(59, 1, 'От 1 до 4 месяцев', NULL, '2019-05-01 14:08:06', NULL),
(60, 1, 'От 4 месяцев до года', NULL, '2019-05-01 14:08:06', NULL),
(61, 1, 'По-разному', NULL, '2019-05-01 14:08:06', '2019-05-11 10:33:23'),
(62, 1, 'С милым/милой рай и в шалаше', NULL, '2019-05-01 14:08:07', NULL),
(63, 1, '4 кв.м.', NULL, '2019-05-01 14:08:07', NULL),
(64, 1, '6 кв.м.', NULL, '2019-05-01 14:08:07', NULL),
(65, 1, '8-10 кв.м.', NULL, '2019-05-01 14:08:07', NULL),
(66, 1, '11-12 кв.м.', NULL, '2019-05-01 14:08:07', NULL),
(67, 1, '«Распашонка»', NULL, '2019-05-01 14:08:07', NULL),
(68, 1, '«Линейка»', NULL, '2019-05-01 14:08:07', NULL),
(69, 1, 'Все индивидуально', NULL, '2019-05-01 14:08:07', NULL),
(70, 1, 'Хорошо', NULL, '2019-05-01 14:08:07', NULL),
(71, 1, 'Плохо', NULL, '2019-05-01 14:08:07', NULL),
(72, 1, 'Лучше всего вовсе без углов', NULL, '2019-05-01 14:08:07', NULL),
(73, 1, 'Честно говоря, забываю', NULL, '2019-05-01 14:08:07', NULL),
(74, 1, 'Всегда стараюсь заглянуть в каждый угол', NULL, '2019-05-01 14:08:07', NULL),
(75, 1, 'Каждый угол осматривать нет смысла', NULL, '2019-05-01 14:08:07', NULL),
(76, 1, 'северная', NULL, '2019-05-01 14:08:07', NULL),
(77, 1, 'южная', NULL, '2019-05-01 14:08:07', NULL),
(78, 1, 'западная', NULL, '2019-05-01 14:08:07', NULL),
(79, 1, 'восточная', NULL, '2019-05-01 14:08:07', NULL),
(80, 1, 'Без отделки панель', NULL, '2019-05-01 14:08:07', NULL),
(81, 1, 'Без отделки кирпич', NULL, '2019-05-01 14:08:07', NULL),
(82, 1, 'Отделкой фасада штукатуркой (или мокрые фасады)', NULL, '2019-05-01 14:08:07', NULL),
(83, 1, 'Керамогранит', NULL, '2019-05-01 14:08:07', NULL),
(84, 1, 'Из соломы (как у Ниф Нифа в сказке\" Три поросенка\")', NULL, '2019-05-01 14:08:07', NULL),
(85, 1, 'Да, если цена выгодная', NULL, '2019-05-01 14:08:07', NULL),
(86, 1, 'Длительность строительства дома не влияет на принятие решения о покупке квартиры', NULL, '2019-05-01 14:08:07', NULL),
(87, 1, 'Спросить у соседей', NULL, '2019-05-01 14:08:07', NULL),
(88, 1, 'Сверить планировку квартиры с планом БТИ', NULL, '2019-05-01 14:08:07', NULL),
(89, 1, 'Указанные варианты не дают информации о проведенной перепланировке', NULL, '2019-05-01 14:08:07', NULL),
(90, 1, 'Транспортная нагрузка', NULL, '2019-05-01 14:08:08', NULL),
(91, 1, 'ТЭЦ', NULL, '2019-05-01 14:08:08', NULL),
(92, 1, 'Очистные сооружения', NULL, '2019-05-01 14:08:08', NULL),
(93, 1, 'Теща/Свекровь в радиусе 1 км', NULL, '2019-05-01 14:08:08', NULL),
(94, 1, 'Зависит от условий договора с застройщиком', NULL, '2019-05-01 14:08:08', NULL),
(95, 1, 'Зависит от размера ТЭЦ', NULL, '2019-05-01 14:08:08', NULL),
(96, 1, 'Да, может в разных районах города', NULL, '2019-05-01 14:08:08', NULL),
(97, 1, 'Да, может внутри одного района в разных домах', NULL, '2019-05-01 14:08:08', NULL),
(98, 1, 'Нет нельзя', NULL, '2019-05-01 14:08:08', NULL),
(99, 1, 'Да, предложить хозяину выпить воды из под крана', NULL, '2019-05-01 14:08:08', NULL),
(100, 1, 'На углу дома', NULL, '2019-05-01 14:08:08', NULL),
(101, 1, 'В середине дома', NULL, '2019-05-01 14:08:08', NULL),
(102, 1, 'Не имеет значения', NULL, '2019-05-01 14:08:08', NULL),
(103, 1, 'Нет, если привлечение третьих лиц регулируется условиями договора', NULL, '2019-05-01 14:08:08', NULL),
(104, 1, 'Зависит от формы договора', NULL, '2019-05-01 14:08:08', NULL),
(105, 1, 'На определенный срок', NULL, '2019-05-01 14:08:08', NULL),
(106, 1, 'До выполнения обязательств', NULL, '2019-05-01 14:08:08', NULL),
(107, 1, 'Нет, это его долг', NULL, '2019-05-01 14:08:08', NULL),
(108, 1, 'Нет, если отсутствие такого долга указано в договоре купли продажи', NULL, '2019-05-01 14:08:08', NULL),
(109, 1, 'Наличие водоемов поблизости', NULL, '2019-05-01 14:08:08', NULL),
(110, 1, 'Наличие парков поблизости', NULL, '2019-05-01 14:08:08', NULL),
(111, 1, 'Низкая плотность застройки', NULL, '2019-05-01 14:08:08', NULL),
(112, 1, 'Удаленность от промзон.', NULL, '2019-05-01 14:08:08', NULL),
(113, 1, 'Благоприятная роза ветров и возвышенность', NULL, '2019-05-01 14:08:08', NULL),
(115, 1, 'Северо-западе', NULL, '2019-05-01 14:08:08', NULL),
(116, 1, 'Юго-западе', NULL, '2019-05-01 14:08:08', NULL),
(117, 1, 'Юго-востоке', NULL, '2019-05-01 14:08:08', NULL),
(118, 1, 'Северо-востоке', NULL, '2019-05-01 14:08:08', NULL),
(119, 1, 'Приблизительно одинаково', NULL, '2019-05-01 14:08:08', NULL),
(120, 1, 'На 10-15%', NULL, '2019-05-01 14:08:08', NULL),
(121, 1, 'На 25-35%', NULL, '2019-05-01 14:08:08', NULL),
(122, 1, '35-40%', NULL, '2019-05-01 14:08:09', NULL),
(123, 1, 'Более 50%', NULL, '2019-05-01 14:08:09', NULL),
(124, 1, 'Провести интервью (соседей в одном блоке)', NULL, '2019-05-01 14:08:09', NULL),
(125, 1, 'По запаху рядом с дверью (всех соседей)', NULL, '2019-05-01 14:08:09', NULL),
(126, 1, 'По состоянию входной двери и входной зоны (соседей сверху и соседей снизу)', NULL, '2019-05-01 14:08:09', NULL),
(127, 1, 'В современном новом доме фактор соседей не влияет на выбор квартиры', NULL, '2019-05-01 14:08:09', NULL),
(128, 1, 'В течении первых 5 секунд замера уровень радиационного фона составил 50 мкР/ч, дальнейший замер в течении часа в разных частях квартиры показал уровень - 8 мкР/ч', NULL, '2019-05-01 14:08:09', NULL),
(129, 1, 'Средний уровень радиации составил 22 мкР/ч при естественном уровне радиации на улице 25 мкР/ч', NULL, '2019-05-01 14:08:09', NULL),
(130, 1, 'Средний уровень радиации в ванне составил 65 мкР/ч, в квартире в целом - 18 мкР/ч.', NULL, '2019-05-01 14:08:09', NULL),
(131, 1, 'Кирпичный', NULL, '2019-05-01 14:08:09', NULL),
(132, 1, 'Панельный', NULL, '2019-05-01 14:08:09', NULL),
(133, 1, 'Монолитный', NULL, '2019-05-01 14:08:09', NULL),
(134, 1, '3D печать', NULL, '2019-05-01 14:08:09', NULL),
(135, 1, 'Без балконов', NULL, '2019-05-01 14:08:09', NULL),
(136, 1, 'С одним балконом 10 кв.м.', NULL, '2019-05-01 14:08:09', NULL),
(137, 1, 'Двумя балконами площадью 8 кв.м,', NULL, '2019-05-01 14:08:09', NULL),
(138, 1, 'С тремя балконами площадью 15 м.кв.', NULL, '2019-05-01 14:08:09', NULL),
(139, 1, 'Приобретение аммиачной квартиры', NULL, '2019-05-01 14:08:09', NULL),
(140, 1, 'Покупка квартиры по завышенной стоимости', NULL, '2019-05-01 14:08:09', NULL),
(141, 1, 'Проблемы с системами кондиционирования', NULL, '2019-05-01 14:08:09', NULL),
(142, 1, 'Проблемы с системами вентиляции', NULL, '2019-05-01 14:08:10', NULL),
(143, 1, 'Проблемы с системами отопления', NULL, '2019-05-01 14:08:10', NULL),
(144, 1, 'Проблемы с системами электроснабжения', NULL, '2019-05-01 14:08:10', NULL),
(145, 1, 'Плохое благоустройство прилегающей территории', NULL, '2019-05-01 14:08:10', NULL),
(147, 1, 'Бракованные стеклопакеты', NULL, '2019-05-01 14:08:10', NULL),
(152, 1, 'Низкое качество работы управляющей компании', NULL, '2019-05-01 14:08:10', NULL),
(153, 1, 'Затопление канализацией', NULL, '2019-05-01 14:08:10', NULL),
(154, 1, 'Затопление водой', NULL, '2019-05-01 14:08:10', NULL),
(155, 1, 'Негативные запахи', NULL, '2019-05-01 14:08:10', NULL),
(156, 1, 'Электромагнитное излучение', NULL, '2019-05-01 14:08:10', NULL),
(157, 1, '1 этаж', NULL, '2019-05-01 14:08:10', NULL),
(158, 1, '10 этаж', NULL, '2019-05-01 14:08:10', NULL),
(159, 1, '15 этаж', NULL, '2019-05-01 14:08:10', NULL),
(160, 1, 'Информации для ответа недостаточно', NULL, '2019-05-01 14:08:10', NULL),
(161, 1, 'Никакой. С джакузи - пусть покупает частный дом', NULL, '2019-05-01 14:08:10', NULL),
(162, 1, 'Автомат этажа слишком слабый', NULL, '2019-05-01 14:08:10', NULL),
(163, 1, 'Автомат квартиры слишком мощный', NULL, '2019-05-01 14:08:10', NULL),
(164, 1, 'Автомат квартиры слишком слабый', NULL, '2019-05-01 14:08:10', NULL),
(165, 1, 'Сечение проводящего кабеля недостаточно, автомат квартиры слишком слабый', NULL, '2019-05-01 14:08:10', NULL),
(166, 1, 'Сечение проводящего кабеля недостаточно, автомат квартиры слишком мощный', NULL, '2019-05-01 14:08:10', NULL),
(167, 1, 'СМИ (интернет, телевидение, газеты, журналы и прочее', NULL, '2019-05-01 14:08:10', NULL),
(168, 1, 'Реклама и рекомендации агентств недвижимости', NULL, '2019-05-01 14:08:10', NULL),
(169, 1, 'Данные ИФНС о строительной организации и собственниках', NULL, '2019-05-01 14:08:10', NULL),
(170, 1, 'Данные службы судебных приставов об открытых производствах по различным делам', NULL, '2019-05-01 14:08:10', NULL),
(171, 1, 'Оценка деловой репутации застройщика, полученная из разговоров с друзьями и знакомыми', NULL, '2019-05-01 14:08:10', NULL),
(172, 1, 'Информация о том, участвует ли данная новостройка в программах ипотечного кредитования у крупнейших банков из первой десятки', NULL, '2019-05-01 14:08:10', NULL),
(173, 1, 'Да, но только через нотариуса', NULL, '2019-05-01 14:08:10', NULL),
(174, 1, 'Да, осуществив запрос выписки по почте на бумажном носителе', NULL, '2019-05-01 14:08:10', NULL),
(175, 1, 'Можно, если вы являетесь совершеннолетним гражданином РФ', NULL, '2019-05-01 14:08:10', NULL),
(176, 1, 'На 5-10%', NULL, '2019-05-01 14:08:10', NULL),
(177, 1, 'На 10-12%', NULL, '2019-05-01 14:08:10', NULL),
(178, 1, 'На 0%', NULL, '2019-05-01 14:08:10', NULL),
(179, 1, 'На 1-5%', NULL, '2019-05-01 14:08:10', NULL),
(180, 1, 'О наличие скрытой комиссии агентства недвижимости', NULL, '2019-05-01 14:08:11', NULL),
(181, 1, 'Это стандартный пункт, защищающий персональные данные продавца', NULL, '2019-05-01 14:08:11', NULL),
(182, 1, 'О наличии скрытой комиссии продавца квартиры', NULL, '2019-05-01 14:08:11', NULL),
(183, 1, 'О недобросовестности агентства недвижимости', NULL, '2019-05-01 14:08:11', NULL),
(184, 1, 'Да, если это будет прописано в договоре', NULL, '2019-05-01 14:08:11', NULL),
(185, 1, 'Да, если в договоре ипотеки нет запрета на аренду третьим лицам', NULL, '2019-05-01 14:08:11', NULL),
(186, 1, 'Да, если доля собственных средств составляет  50%', NULL, '2019-05-01 14:08:11', NULL),
(187, 1, 'Да, если доля собственных средств составляет  70%', NULL, '2019-05-01 14:08:11', NULL),
(188, 1, 'Нет правильных ответов', NULL, '2019-05-01 14:08:11', NULL),
(189, 1, 'Кирпичные', NULL, '2019-05-01 14:08:11', NULL),
(190, 1, 'Панельные', NULL, '2019-05-01 14:08:11', NULL),
(191, 1, 'Монолитные', NULL, '2019-05-01 14:08:11', NULL);

-- --------------------------------------------------------

--
-- Структура таблицы `spr_answer_group`
--

CREATE TABLE `spr_answer_group` (
  `ID` int(11) NOT NULL,
  `GROUP_NAME` varchar(256) NOT NULL,
  `DT_INSERTED` datetime DEFAULT CURRENT_TIMESTAMP,
  `DT_MODIFIED` datetime DEFAULT NULL ON UPDATE CURRENT_TIMESTAMP
) ENGINE=InnoDB DEFAULT CHARSET=utf8;

--
-- Дамп данных таблицы `spr_answer_group`
--

INSERT INTO `spr_answer_group` (`ID`, `GROUP_NAME`, `DT_INSERTED`, `DT_MODIFIED`) VALUES
(1, 'Общие', '2019-01-16 22:49:13', '0000-00-00 00:00:00');

-- --------------------------------------------------------

--
-- Структура таблицы `spr_answer_question`
--

CREATE TABLE `spr_answer_question` (
  `ID_QUESTION` int(11) NOT NULL,
  `ID_ANSWER` int(11) NOT NULL,
  `IS_HAVE_COMMENT` smallint(6) NOT NULL DEFAULT '0' COMMENT 'есть комментарий',
  `IS_MUST_COMMENT` smallint(6) NOT NULL DEFAULT '0' COMMENT 'комментарий обязателен для заполнения',
  `IS_HAVE_SCALE` smallint(6) DEFAULT '0' COMMENT 'есть шкала оценки',
  `SCALE_MIN` smallint(6) DEFAULT NULL COMMENT 'минимальное значение шкалы',
  `SCALE_MAX` smallint(6) DEFAULT NULL COMMENT 'максимальное значение',
  `SCALE_STEP` float DEFAULT NULL COMMENT 'шаг изменения шкалы (0-произволное, null-не задано)',
  `SHOW_INDEX` smallint(6) DEFAULT NULL COMMENT 'порядок при наличии ранжирования',
  `IS_TRUE` tinyint(4) DEFAULT NULL COMMENT 'признак правильного ответа',
  `IS_TRUE_COMMENT` text COMMENT 'пояснение к правильному ответу',
  `DT_INSERTED` datetime DEFAULT CURRENT_TIMESTAMP,
  `DT_MODIFIED` datetime DEFAULT NULL ON UPDATE CURRENT_TIMESTAMP
) ENGINE=InnoDB DEFAULT CHARSET=utf8;

--
-- Дамп данных таблицы `spr_answer_question`
--

INSERT INTO `spr_answer_question` (`ID_QUESTION`, `ID_ANSWER`, `IS_HAVE_COMMENT`, `IS_MUST_COMMENT`, `IS_HAVE_SCALE`, `SCALE_MIN`, `SCALE_MAX`, `SCALE_STEP`, `SHOW_INDEX`, `IS_TRUE`, `IS_TRUE_COMMENT`, `DT_INSERTED`, `DT_MODIFIED`) VALUES
(1, 1, 0, 0, 1, 1, 10, NULL, 1, 1, 'Это пример', '2019-01-17 00:03:04', '2019-03-31 23:43:42'),
(1, 2, 0, 0, 1, 1, 10, NULL, 2, NULL, NULL, '2019-01-17 00:03:32', '2019-03-22 23:16:17'),
(1, 3, 0, 0, 1, 1, 10, NULL, 3, NULL, 'Потому что ты гений', '2019-01-17 00:04:05', '2019-03-22 23:17:29'),
(1, 4, 0, 0, 1, 1, 10, NULL, 4, 1, 'Специально сделал его длинным оцень длинным. Специально сделал его длинным оцень длинным. Специально сделал его длинным оцень длинным. Специально сделал его длинным оцень длинным. Специально сделал его длинным оцень длинным. Специально сделал его длинным оцень длинным. Специально сделал его длинным оцень длинным. Специально сделал его длинным оцень длинным.\r\nСпециально сделал его длинным оцень длинным.\r\nСпециально сделал его длинным оцень длинным. Специально сделал его длинным оцень длинным. Специально сделал его длинным оцень длинным. Специально сделал его длинным оцень длинным. ', '2019-01-17 00:04:27', '2019-03-31 23:45:40'),
(2, 5, 0, 0, 0, NULL, NULL, NULL, 1, NULL, NULL, '2019-01-17 00:11:54', '2019-01-17 00:14:06'),
(2, 6, 0, 0, 0, NULL, NULL, NULL, 2, 1, 'Здесь мы  должны давать пояснения, вот оно - вы гений.', '2019-01-17 00:12:16', '2019-03-03 10:37:16'),
(3, 7, 0, 0, 0, NULL, NULL, NULL, 1, NULL, NULL, '2019-01-17 00:17:26', '2019-01-17 00:18:11'),
(3, 8, 0, 0, 0, NULL, NULL, NULL, 2, NULL, NULL, '2019-01-17 00:17:33', '2019-01-17 00:18:13'),
(3, 9, 0, 0, 0, NULL, NULL, NULL, 3, NULL, NULL, '2019-01-17 00:17:43', '2019-01-17 00:18:16'),
(3, 10, 0, 0, 0, NULL, NULL, NULL, 4, NULL, NULL, '2019-01-17 00:17:52', '2019-01-17 00:18:17'),
(3, 11, 0, 0, 0, NULL, NULL, NULL, 5, 1, 'Здесь мы  должны давать пояснения, вот оно - вы гений.', '2019-01-17 00:17:58', '2019-03-03 10:37:36'),
(4, 5, 0, 0, 0, NULL, NULL, NULL, 1, NULL, NULL, '2019-01-17 00:25:25', '2019-01-17 00:25:52'),
(4, 6, 0, 0, 0, NULL, NULL, NULL, 2, 1, 'Здесь мы  должны давать пояснения, вот оно - вы гений.', '2019-01-17 00:25:45', '2019-03-03 10:37:48'),
(5, 12, 0, 0, 0, NULL, NULL, NULL, 1, 1, NULL, '2019-01-17 22:50:57', '2019-03-26 22:11:20'),
(5, 13, 0, 0, 0, NULL, NULL, NULL, 2, 1, 'Здесь мы  должны давать пояснения, вот оно - вы гений.', '2019-01-17 22:51:11', '2019-03-03 10:37:58'),
(6, 14, 0, 0, 0, NULL, NULL, NULL, 1, NULL, NULL, '2019-01-17 22:53:27', '2019-01-17 22:54:18'),
(6, 15, 0, 0, 0, NULL, NULL, NULL, 2, NULL, NULL, '2019-01-17 22:53:37', '2019-01-17 22:54:20'),
(6, 16, 0, 0, 0, NULL, NULL, NULL, 3, NULL, NULL, '2019-01-17 22:53:48', '2019-01-17 22:54:21'),
(6, 17, 0, 0, 0, NULL, NULL, NULL, 4, NULL, NULL, '2019-01-17 22:54:04', '2019-01-17 22:54:22'),
(6, 18, 0, 0, 0, NULL, NULL, NULL, 5, 1, 'Здесь мы  должны давать пояснения, вот оно - вы гений.', '2019-01-17 22:54:10', '2019-03-03 10:38:11'),
(7, 18, 0, 0, 0, NULL, NULL, NULL, NULL, NULL, '', '2019-04-14 09:30:27', NULL),
(7, 19, 1, 0, 0, NULL, NULL, NULL, NULL, 1, 'Здесь мы  должны давать пояснения, вот оно - вы гений и меткий стрелок.', '2019-01-17 22:57:52', '2019-04-14 12:41:09'),
(8, 21, 0, 0, 0, NULL, NULL, NULL, NULL, 1, 'Чем больше времени затрачиваете, тем сложнее сделать выбор.<br>Профессионалы говорят так: \"Не поторопишься - упустишь квартиру, поторопишься - приобретешь плохую\". Поэтому оптимальный срок - 1 месяц.', '2019-05-01 14:26:15', NULL),
(8, 22, 0, 0, 0, NULL, NULL, NULL, NULL, NULL, '', '2019-05-01 14:26:15', NULL),
(8, 23, 0, 0, 0, NULL, NULL, NULL, NULL, NULL, '', '2019-05-01 14:26:15', NULL),
(9, 25, 0, 0, 0, NULL, NULL, NULL, NULL, NULL, '', '2019-05-01 14:26:15', NULL),
(9, 26, 0, 0, 0, NULL, NULL, NULL, NULL, 1, 'Почему лучшие этажи 5-15?<br>Это наиболее удобный вариант, автомобильных шумов почти не слышно, из окон открывается  хороший вид. И соотношение стоимости м.кв.  и получаемого комфорта - оптимальное.<br>Хотя есть особенности, о которых мы вас спросим на следующих уровнях теста.', '2019-05-01 14:26:15', '2019-05-14 23:13:30'),
(9, 27, 0, 0, 0, NULL, NULL, NULL, NULL, NULL, '', '2019-05-01 14:26:15', NULL),
(10, 30, 0, 0, 0, NULL, NULL, NULL, NULL, NULL, '', '2019-05-01 14:26:16', NULL),
(10, 31, 0, 0, 0, NULL, NULL, NULL, NULL, 1, 'Подобные объявления требуют вашего пристального внимания. Квартира не может стоить дешевле рынка на 15% и более.<br>И никогда не смотрите на объявления из разряда \"Живу в Европе, здесь осталась квартира, и она не нужна\".', '2019-05-01 14:26:16', NULL),
(11, 5, 0, 0, 0, NULL, NULL, NULL, NULL, 1, 'Шум от лифтовой шахты может стать источником дискомфорта.', '2019-05-01 14:26:16', NULL),
(11, 6, 0, 0, 0, NULL, NULL, NULL, NULL, NULL, '', '2019-05-01 14:26:16', NULL),
(11, 32, 0, 0, 0, NULL, NULL, NULL, NULL, NULL, '', '2019-05-01 14:26:16', NULL),
(12, 33, 0, 0, 0, NULL, NULL, NULL, NULL, NULL, '', '2019-05-01 14:26:16', NULL),
(12, 34, 0, 0, 0, NULL, NULL, NULL, NULL, NULL, '', '2019-05-01 14:26:16', NULL),
(12, 35, 0, 0, 0, NULL, NULL, NULL, NULL, 1, 'Если дом сделан с учетом всех нормативов, то качество \"вторички\" ничуть не уступает современным новостройкам. Качество строительства  зависит от соблюдения СНиП и примененных материалов.<br>Какие материалы лучше ? - об этом в следующих вопросах.', '2019-05-01 14:26:16', '2019-05-14 23:05:16'),
(13, 5, 0, 0, 0, NULL, NULL, NULL, NULL, 1, 'Лучше обращать, даже если авто у вас нет. Сегодня нет, завтра есть.', '2019-05-01 14:26:16', NULL),
(13, 6, 0, 0, 0, NULL, NULL, NULL, NULL, NULL, '', '2019-05-01 14:26:16', NULL),
(13, 37, 0, 0, 0, NULL, NULL, NULL, NULL, NULL, '', '2019-05-01 14:26:16', NULL),
(14, 38, 0, 0, 0, NULL, NULL, NULL, NULL, NULL, '', '2019-05-01 14:26:16', NULL),
(14, 39, 0, 0, 0, NULL, NULL, NULL, NULL, 1, 'Есть смысл взять на осмотр квартиры стороннего наблюдателя, который не будет в ней жить. Он сможет объективнее оценить плюсы и минусы квартиры и дома.', '2019-05-01 14:26:16', NULL),
(14, 40, 0, 0, 0, NULL, NULL, NULL, NULL, NULL, '', '2019-05-01 14:26:16', NULL),
(15, 5, 0, 0, 0, NULL, NULL, NULL, NULL, 1, 'Да, это его продолжение и неотъемлемая часть, которая во многом выбирается бессознательно.', '2019-05-01 14:26:16', NULL),
(15, 41, 0, 0, 0, NULL, NULL, NULL, NULL, NULL, '', '2019-05-01 14:26:16', NULL),
(16, 5, 0, 0, 0, NULL, NULL, NULL, NULL, 1, 'Если дом окружает ветхий фонд, то в настоящем это фактор \"разбитых окон\", а в будущем - район может превратится в сплошной шум от новых строек.', '2019-05-01 14:26:16', NULL),
(16, 42, 0, 0, 0, NULL, NULL, NULL, NULL, NULL, '', '2019-05-01 14:26:16', NULL),
(17, 5, 0, 0, 0, NULL, NULL, NULL, NULL, 1, 'Если квартира была в собственности менее года, это говорит о том, что, скорее всего, перед вами перекупщик. Он мог замаскировать косметическим ремонтом все неисправности, в т.ч. полученные от застройщика.<br>Если же квартира была в собственности всего несколько месяцев и сразу продается, то это должно вас насторожить.', '2019-05-01 14:26:16', NULL),
(17, 6, 0, 0, 0, NULL, NULL, NULL, NULL, NULL, '', '2019-05-01 14:26:16', NULL),
(17, 43, 0, 0, 0, NULL, NULL, NULL, NULL, NULL, '', '2019-05-01 14:26:16', NULL),
(18, 44, 0, 0, 0, NULL, NULL, NULL, NULL, NULL, '', '2019-05-01 14:26:16', NULL),
(18, 45, 0, 0, 0, NULL, NULL, NULL, NULL, 1, 'Осмотр квартиры целесообразнее проводить днем, чтобы увидеть все мелкие недостатки и особенности ремонта, а также недостатки благоустройства прилегающей к дому территории.', '2019-05-01 14:26:16', NULL),
(18, 46, 0, 0, 0, NULL, NULL, NULL, NULL, NULL, '', '2019-05-01 14:26:16', NULL),
(18, 47, 0, 0, 0, NULL, NULL, NULL, NULL, NULL, '', '2019-05-01 14:26:17', NULL),
(19, 5, 0, 0, 0, NULL, NULL, NULL, NULL, 1, 'Проверять долю владения собственника нужно обязательно. Чтобы была полная прозрачность и гарантия юридической чистоты сделки.<br>Эта информация содержится в выписке из  ЕГРН, ее можно заказать на сайте Росреестра https://rosreestr.ru.', '2019-05-01 14:26:17', NULL),
(19, 6, 0, 0, 0, NULL, NULL, NULL, NULL, NULL, '', '2019-05-01 14:26:17', NULL),
(19, 48, 0, 0, 0, NULL, NULL, NULL, NULL, NULL, '', '2019-05-01 14:26:17', NULL),
(20, 49, 0, 0, 0, NULL, NULL, NULL, NULL, NULL, '', '2019-05-01 14:26:17', NULL),
(20, 50, 0, 0, 0, NULL, NULL, NULL, NULL, 1, 'Исследователи доказали, что в большинстве случаев (в 2 раза) большую роль играют именно эмоции - нравится/не нравится.', '2019-05-01 14:26:17', NULL),
(20, 51, 0, 0, 0, NULL, NULL, NULL, NULL, NULL, '', '2019-05-01 14:26:17', NULL),
(21, 5, 0, 0, 0, NULL, NULL, NULL, NULL, 1, 'Как проверить эффективность вентиляции ?<br> Можно листом бумаги. Просто поднесите его к отверстию и увидите, насколько хорошо работает тяга. От этого будет зависеть весь воздухообмен в квартире, а значит и качество жизни.<br>В соответствии с нормативами в жилых помещениях воздух должен полностью заменяться каждый час или ~3 м.куб. в час на 1 м.кв. площади. Иначе вы рискуете повредить здоровье, вдыхая застоявшийся воздух с повышенным содержанием токсинов от строительных конструкций и мебели.<br>Если естественная вентиляция не работает - проблему можно решить принудительной приточной или вытяжной вентиляцией - но это потребует значительных затрат и в ряде случаев капитального ремонта квартиры.', '2019-05-01 14:26:17', '2019-05-06 22:19:29'),
(21, 52, 0, 0, 0, NULL, NULL, NULL, NULL, NULL, '', '2019-05-01 14:26:17', NULL),
(21, 53, 0, 0, 0, NULL, NULL, NULL, NULL, NULL, '', '2019-05-01 14:26:17', NULL),
(22, 54, 0, 0, 0, NULL, NULL, NULL, NULL, NULL, '', '2019-05-01 14:26:17', NULL),
(22, 55, 0, 0, 0, NULL, NULL, NULL, NULL, NULL, '', '2019-05-01 14:26:17', NULL),
(22, 56, 0, 0, 0, NULL, NULL, NULL, NULL, 1, 'Самой хорошей считается высота от 290 см. Доказано, что чем выше высота потолка, тем психологически свободнее чувствуют себя хозяева и гости и лучше воздухообмен.<br>Однако, учитывайте, что ремонт квартиры с высокими потолками обойдется вам дороже из-за большей площади отделки.', '2019-05-01 14:26:17', NULL),
(23, 57, 0, 0, 0, NULL, NULL, NULL, NULL, 1, 'Лучше небольшая, но функциональная. Планировка должна быть функциональной и гибкой.<br>Под функциональностью зонирования имеется в виду, что в квартире должна быть соблюдена логика перемещения (рядом со спальней есть ванная, гостиная находится по соседству с кухней и т. п.), сохранена удобная геометрия комнат, продумана расстановка мебели и техники, учтено естественное освещение и все тонкости инженерных коммуникаций.', '2019-05-01 14:26:17', NULL),
(23, 58, 0, 0, 0, NULL, NULL, NULL, NULL, NULL, '', '2019-05-01 14:26:17', NULL),
(24, 59, 0, 0, 0, NULL, NULL, NULL, NULL, NULL, '', '2019-05-01 14:26:17', NULL),
(24, 60, 0, 0, 0, NULL, NULL, NULL, NULL, NULL, '', '2019-05-01 14:26:17', NULL),
(24, 61, 0, 0, 0, NULL, NULL, NULL, NULL, 1, 'В каждом случае — индивидуально.', '2019-05-01 14:26:17', NULL),
(24, 62, 0, 0, 0, NULL, NULL, NULL, NULL, NULL, '', '2019-05-01 14:26:17', NULL),
(25, 63, 0, 0, 0, NULL, NULL, NULL, NULL, NULL, '', '2019-05-01 14:26:17', NULL),
(25, 64, 0, 0, 0, NULL, NULL, NULL, NULL, NULL, '', '2019-05-01 14:26:17', NULL),
(25, 65, 0, 0, 0, NULL, NULL, NULL, NULL, 1, '8-10 кв.м. Именно такую кухню возможно \"вооружить\" всем необходимым набором мебели и техники.', '2019-05-01 14:26:17', '2019-05-12 10:02:42'),
(25, 66, 0, 0, 0, NULL, NULL, NULL, NULL, NULL, '', '2019-05-01 14:26:17', NULL),
(26, 67, 0, 0, 0, NULL, NULL, NULL, NULL, NULL, '', '2019-05-01 14:26:17', NULL),
(26, 68, 0, 0, 0, NULL, NULL, NULL, NULL, NULL, '', '2019-05-01 14:26:17', NULL),
(26, 69, 0, 0, 0, NULL, NULL, NULL, NULL, 1, 'Все индивидуально. И зависит от каждого конкретного случая.', '2019-05-01 14:26:17', NULL),
(27, 70, 0, 0, 0, NULL, NULL, NULL, NULL, NULL, '', '2019-05-01 14:26:17', NULL),
(27, 71, 0, 0, 0, NULL, NULL, NULL, NULL, 1, 'Не нужно быть дизайнером, чтобы понимать: самая эргономичная форма помещения - квадрат или широкий прямоугольник. Поэтому не поддавайтесь соблазнам \"креативных\" планировок.', '2019-05-01 14:26:18', NULL),
(27, 72, 0, 0, 0, NULL, NULL, NULL, NULL, NULL, '', '2019-05-01 14:26:18', NULL),
(28, 73, 0, 0, 0, NULL, NULL, NULL, NULL, NULL, '', '2019-05-01 14:26:18', NULL),
(28, 74, 0, 0, 0, NULL, NULL, NULL, NULL, 1, 'Вывести плесень можно только путем создания таких условий, при которых вы сами сбежите из своей квартиры.<br>Осматривать каждый угол обязательно!', '2019-05-01 14:26:18', NULL),
(28, 75, 0, 0, 0, NULL, NULL, NULL, NULL, NULL, '', '2019-05-01 14:26:18', NULL),
(29, 76, 0, 0, 0, NULL, NULL, NULL, NULL, NULL, '', '2019-05-01 14:26:18', NULL),
(29, 77, 0, 0, 0, NULL, NULL, NULL, NULL, NULL, '', '2019-05-01 14:26:18', NULL),
(29, 78, 0, 0, 0, NULL, NULL, NULL, NULL, 1, 'Северная сторона наиболее темная и холодная. Если такие комнаты в квартире есть, то вам потребуется уделить внимание их искусственному освещению и утеплению.<br>Южная сторона, будет причинять дискомфорт в солнечные дни. В таких комнатах также нужно избегать попадания прямых солнечных лучей на элементы отделки и мебели, чтобы не допустить потери цвета. Особенно сразу после ремонта, когда еще не успели повесить шторы!', '2019-05-01 14:26:18', NULL),
(29, 79, 0, 0, 0, NULL, NULL, NULL, NULL, 1, '', '2019-05-01 14:26:18', NULL),
(30, 80, 0, 0, 0, NULL, NULL, NULL, NULL, NULL, '', '2019-05-01 14:26:18', NULL),
(30, 81, 0, 0, 0, NULL, NULL, NULL, NULL, NULL, '', '2019-05-01 14:26:18', NULL),
(30, 82, 0, 0, 0, NULL, NULL, NULL, NULL, 1, 'Фасады с отделкой  штукатуркой (любые типы мокрых фасадов) наименее стойки к атмосферным воздействиям. Через несколько лет в отделке могут появится трещины и  серые подтеки, пыль и грязь от ближайших автодорог ложится на штукатурку тёмным слоем.', '2019-05-01 14:26:18', NULL),
(30, 83, 0, 0, 0, NULL, NULL, NULL, NULL, NULL, '', '2019-05-01 14:26:18', NULL),
(30, 84, 0, 0, 0, NULL, NULL, NULL, NULL, NULL, '', '2019-05-01 14:26:18', NULL),
(31, 6, 0, 0, 0, NULL, NULL, NULL, NULL, 1, 'Лучше не рисковать, такое жилье не ликвидное, либо станет неликвидным со временем эксплуатации.  Дом стоял и мок несколько лет, грибок, плесень, вода в подвалах, и наверняка достроили тяп-ляп. Бетон стоял под открытым небом, арматура ржавела, соединительные конструкции - тоже.<br>Если это монолит - это еще полбеды. А если панель - высоки риски потери прочности и разрушения конструкций.', '2019-05-01 14:26:18', NULL),
(31, 85, 0, 0, 0, NULL, NULL, NULL, NULL, NULL, '', '2019-05-01 14:26:18', NULL),
(31, 86, 0, 0, 0, NULL, NULL, NULL, NULL, NULL, '', '2019-05-01 14:26:18', NULL),
(32, 87, 0, 0, 0, NULL, NULL, NULL, NULL, NULL, '', '2019-05-01 14:26:18', NULL),
(32, 88, 0, 0, 0, NULL, NULL, NULL, NULL, NULL, '', '2019-05-01 14:26:18', NULL),
(32, 89, 0, 0, 0, NULL, NULL, NULL, NULL, 1, 'Если план БТИ менялся, то сверки с планом БТИ будет недостаточно.<br>Для того, чтобы понять, была ли в приобретаемой квартире перепланировка, нужно сравнить план БТИ с первоначальной планировкой квартиры и фактическую планировку. Если они один-в-один соответствует друг другу, то в данной квартире перепланировки нет.', '2019-05-01 14:26:18', '2019-05-11 10:13:35'),
(33, 5, 0, 0, 0, NULL, NULL, NULL, NULL, NULL, '', '2019-05-01 14:26:18', NULL),
(33, 6, 0, 0, 0, NULL, NULL, NULL, NULL, 1, 'Прописанные в квартире третьи лица не могут получить в ней долю, не могут отобрать ее у собственника. Зарегистрированный гражданин не имеет никаких прав на собственность в данной квартире. Если он отказывается выписаться самостоятельно, то собственник имеет право обратиться в суд.<br>Кроме того, в настоящее время трудоспособного человека можно выписать просто по желанию собственника.<br>Стоит отметить, что выписывать несовершеннолетнего ребенка, если нет информации о его будущей регистрации, нельзя.', '2019-05-01 14:26:18', NULL),
(34, 90, 0, 0, 0, NULL, NULL, NULL, NULL, 1, 'Наиболее значимый фактор — автомобили: они ответственны за 92 % всех выбросов, остальные 8 % — выбросы стационарных источников: промышленных предприятий, ТЭК, очистных сооружений и так далее.', '2019-05-01 14:26:18', NULL),
(34, 91, 0, 0, 0, NULL, NULL, NULL, NULL, NULL, '', '2019-05-01 14:26:18', NULL),
(34, 92, 0, 0, 0, NULL, NULL, NULL, NULL, NULL, '', '2019-05-01 14:26:18', NULL),
(34, 93, 0, 0, 0, NULL, NULL, NULL, NULL, NULL, '', '2019-05-01 14:26:19', NULL),
(35, 5, 0, 0, 0, NULL, NULL, NULL, NULL, NULL, '', '2019-05-01 14:26:19', NULL),
(35, 6, 0, 0, 0, NULL, NULL, NULL, NULL, NULL, '', '2019-05-01 14:26:19', NULL),
(35, 94, 0, 0, 0, NULL, NULL, NULL, NULL, 1, 'Как правило, принято включать разводку электричества в черновую отделку квартиры.<br>Но, точное определение состава работ, которые должен выполнить застройщик, дает только договор с застройщиком. Что может существенно повлиять на стоимость квартиры.', '2019-05-01 14:26:19', NULL),
(36, 5, 0, 0, 0, NULL, NULL, NULL, NULL, 1, 'Согласно СанПиН 2.2.1/2.1.1.1200-03 “Санитарно-защитные зоны и санитарная классификация предприятий, сооружений и иных объектов”, ТЭЦ и районные котельные тепловой мощностью 200 Гкал и выше, работающие на угольном и мазутном топливе, относятся ко второму классу опасности с СЗЗ не менее 500 м, работающие на газовом и газомазутном топливе - относятся к предприятиям третьего класса с СЗЗ не менее 300 м.', '2019-05-01 14:26:19', NULL),
(36, 6, 0, 0, 0, NULL, NULL, NULL, NULL, NULL, '', '2019-05-01 14:26:19', NULL),
(36, 95, 0, 0, 0, NULL, NULL, NULL, NULL, NULL, '', '2019-05-01 14:26:19', '2019-05-11 00:42:09'),
(37, 5, 0, 0, 0, NULL, NULL, NULL, NULL, 1, 'Необходимо разделять понятия «свалка» и «полигон ТБО»: свалки — это несанкционированные места складирования отходов, полигоны — официальные.<br>Например в Москве полигонов ТБО нет - все ТБО свозятся на полигоны в области.', '2019-05-01 14:26:19', NULL),
(37, 6, 0, 0, 0, NULL, NULL, NULL, NULL, NULL, '', '2019-05-01 14:26:19', NULL),
(38, 6, 0, 0, 0, NULL, NULL, NULL, NULL, NULL, '', '2019-05-01 14:26:19', NULL),
(38, 96, 0, 0, 0, NULL, NULL, NULL, NULL, 1, 'Качество воды в квартире зависит от источника забора, очистных сооружений, изношенности сети водопровода района и наличия системы очистки водопроводной воды в домовом водомерном узле.', '2019-05-01 14:26:19', NULL),
(38, 97, 0, 0, 0, NULL, NULL, NULL, NULL, 1, '', '2019-05-01 14:26:19', NULL),
(39, 5, 0, 0, 0, NULL, NULL, NULL, NULL, 1, 'Первый способ - снять крышку со смывного бачка унитаза - вода в бачке отстаивается и по уровню налета можно судить о составе и загрязненности воды.<br>Другой - брызнуть водой на стекло - чем больше примесей, тем больше будет налет после высыхания влаги.<br>После этих действий можно задать вопросы о качестве воды продавцу.', '2019-05-01 14:26:19', NULL),
(39, 98, 0, 0, 0, NULL, NULL, NULL, NULL, NULL, '', '2019-05-01 14:26:19', NULL),
(39, 99, 0, 0, 0, NULL, NULL, NULL, NULL, NULL, '', '2019-05-01 14:26:19', NULL),
(40, 100, 0, 0, 0, NULL, NULL, NULL, NULL, 1, 'Современные строительные материалы обеспечивают хорошую тепло-и-шумоизоляцию. При этом угловая квартира имеет меньше соседей, поэтому меньше возможных негативных факторов, исходящих от них (шум, запах, подтопление, пожар и прочее).', '2019-05-01 14:26:19', NULL),
(40, 101, 0, 0, 0, NULL, NULL, NULL, NULL, NULL, '', '2019-05-01 14:26:19', NULL),
(40, 102, 0, 0, 0, NULL, NULL, NULL, NULL, NULL, '', '2019-05-01 14:26:19', NULL),
(41, 5, 0, 0, 0, NULL, NULL, NULL, NULL, NULL, '', '2019-05-01 14:26:19', NULL),
(41, 6, 0, 0, 0, NULL, NULL, NULL, NULL, NULL, '', '2019-05-01 14:26:19', NULL),
(41, 103, 0, 0, 0, NULL, NULL, NULL, NULL, 1, 'Условие  о привлечении третьих лиц для исполнения обязательств по договору может быть уместно и соответствует нормам ГК.<br>Риэлторы часто включают этот пункт в договор. Например, могут привлекаться сотрудники, работающие по агентскому договору, адвокаты и юристы, то есть, те профессионалы, которые помогут провести сделку.', '2019-05-01 14:26:19', NULL),
(41, 104, 0, 0, 0, NULL, NULL, NULL, NULL, NULL, '', '2019-05-01 14:26:19', NULL),
(42, 105, 0, 0, 0, NULL, NULL, NULL, NULL, 1, 'Юристы рекомендуют заключать договор на срок, не превышающий 3 месяца. В случае необходимости его можно будет продлить.<br>Формулировка «до выполнения обязательств» в бессрочном договоре должна насторожить, потому что в такой ситуации вы можете ничего не добиться от агента годами.<br>И обратите внимание, не предусмотрен ли штраф за досрочное расторжение договора.', '2019-05-01 14:26:19', NULL),
(42, 106, 0, 0, 0, NULL, NULL, NULL, NULL, NULL, '', '2019-05-01 14:26:19', NULL),
(43, 5, 0, 0, 0, NULL, NULL, NULL, NULL, 1, 'По закону долг за капитальный ремонт переходит к следующему собственнику. Это долг, закрепленный за квартирой -см. п. 3 ст. 158 ЖК РФ.<br>Но, чтобы этого не делать, в первую очередь, проверьте все задолженности по квартире лично через запрос в управляющую компанию.', '2019-05-01 14:26:19', NULL),
(43, 107, 0, 0, 0, NULL, NULL, NULL, NULL, NULL, '', '2019-05-01 14:26:19', NULL),
(43, 108, 0, 0, 0, NULL, NULL, NULL, NULL, NULL, '', '2019-05-01 14:26:19', NULL),
(44, 5, 0, 0, 0, NULL, NULL, NULL, NULL, NULL, '', '2019-05-01 14:26:19', NULL),
(44, 6, 0, 0, 0, NULL, NULL, NULL, NULL, 1, 'Продать «хрущевки» сейчас можно только с дисконтом – до 15%. Привлекательность этих квартир снижается уже больше десяти лет. У новой генерации покупателей (25-35-летних) начисто отсутствует интерес к жилью в «хрущевках» – ими востребованы современные форматы.<br>Основными покупателями квартир в старых пятиэтажках являются люди с невысоким доходом, для которых низкая цена – абсолютный приоритет при выборе жилья.', '2019-05-01 14:26:20', NULL),
(45, 5, 0, 0, 0, NULL, NULL, NULL, NULL, 1, 'Сделка возможна, но  срок экспозиции квартиры (поиска покупателя) существенно удлинится. Либо придется сделать скидку. Так как покупателю придется  пройти весь путь узаконивания и груз материальных и моральных трат упадет на него.<br> Понятно, что мы здесь не рассматриваем недобросовестные действия участников сделки.', '2019-05-01 14:26:20', NULL),
(45, 6, 0, 0, 0, NULL, NULL, NULL, NULL, NULL, '', '2019-05-01 14:26:20', NULL),
(46, 5, 0, 0, 0, NULL, NULL, NULL, NULL, 1, 'С 1 июля 2019 года застройщики обязаны привлекать деньги граждан только с помощью специальных эскроу-счетов в уполномоченных банках.<br>Для граждан использование эскроу-счетов — гарантия сохранности денег. Они лежат на счете в банке. Застройщик не имеет к ним доступа до завершения строительства — значит, исключена возможность нецелевого расходования денежных средств покупателей жилья.<br>Дольщик может вернуть деньги, если застройщик не в состоянии закончить строительство объекта и признан банкротом.', '2019-05-01 14:26:20', NULL),
(46, 6, 0, 0, 0, NULL, NULL, NULL, NULL, NULL, '', '2019-05-01 14:26:20', NULL),
(47, 5, 0, 0, 0, NULL, NULL, NULL, NULL, NULL, '', '2019-05-01 14:26:20', NULL),
(47, 6, 0, 0, 0, NULL, NULL, NULL, NULL, 1, 'Частой ошибкой при покупке квартиры в новостройке является подписание акта покупателем на основании устных обещаний от застройщика исправить неполадки.<br>Такое соглашение грозит тем, что будущему владельцу придется самостоятельно проводить ремонтные работы. Лучше до исправления дефектов ничего не подписывать.', '2019-05-01 14:26:20', NULL),
(48, 93, 0, 0, 0, NULL, NULL, NULL, NULL, NULL, '', '2019-05-01 14:26:20', NULL),
(48, 109, 0, 0, 0, NULL, NULL, NULL, NULL, NULL, '', '2019-05-01 14:26:20', NULL),
(48, 110, 0, 0, 0, NULL, NULL, NULL, NULL, NULL, '', '2019-05-01 14:26:20', NULL),
(48, 111, 0, 0, 0, NULL, NULL, NULL, NULL, NULL, '', '2019-05-01 14:26:20', NULL),
(48, 112, 0, 0, 0, NULL, NULL, NULL, NULL, NULL, '', '2019-05-01 14:26:20', NULL),
(48, 113, 0, 0, 0, NULL, NULL, NULL, NULL, 1, 'Наиболее значимый благоприятный фактор - роза ветров со стороны природных зон и возвышенность. Т.к. это обеспечивает постоянный приток и быструю замену чистого воздуха в районе.', '2019-05-01 14:26:20', NULL),
(49, 115, 0, 0, 0, NULL, NULL, NULL, NULL, NULL, '', '2019-05-01 14:26:20', NULL),
(49, 116, 0, 0, 0, NULL, NULL, NULL, NULL, NULL, '', '2019-05-01 14:26:20', NULL),
(49, 117, 0, 0, 0, NULL, NULL, NULL, NULL, 1, 'Больше всего производств — около 24 % — расположено на юго-востоке Москвы.', '2019-05-01 14:26:20', NULL),
(49, 118, 0, 0, 0, NULL, NULL, NULL, NULL, NULL, '', '2019-05-01 14:26:20', NULL),
(49, 119, 0, 0, 0, NULL, NULL, NULL, NULL, NULL, '', '2019-05-01 14:26:20', NULL),
(50, 120, 0, 0, 0, NULL, NULL, NULL, NULL, NULL, '', '2019-05-01 14:26:20', NULL),
(50, 121, 0, 0, 0, NULL, NULL, NULL, NULL, 1, 'Цена на старте продаж составляет порядка 75% от окончательной цены. Можно сказать, что цена на новостройку за период строительства вырастет примерно на 33% (1/0.75=1.33).', '2019-05-01 14:26:20', NULL),
(50, 122, 0, 0, 0, NULL, NULL, NULL, NULL, NULL, '', '2019-05-01 14:26:20', NULL),
(50, 123, 0, 0, 0, NULL, NULL, NULL, NULL, NULL, '', '2019-05-01 14:26:20', NULL),
(51, 124, 0, 0, 0, NULL, NULL, NULL, NULL, 1, 'Соседи являются главным скрытым фактором при покупке квартиры, который впоследствии может привести к необходимости ее продажи.<br>Соседи сверху могут угрожать вам подтоплением, засорением канализации и повышенным шумом.<br>Соседи снизу - неприятным запахом из вентиляции, балконных стояков и щелей в перекрытиях.<br> Соседи по лестничной клетке - антисанитарией, шумом и низкой культурой поведения.', '2019-05-01 14:26:20', NULL),
(51, 125, 0, 0, 0, NULL, NULL, NULL, NULL, 1, '', '2019-05-01 14:26:20', NULL),
(51, 126, 0, 0, 0, NULL, NULL, NULL, NULL, 1, '', '2019-05-01 14:26:20', NULL),
(51, 127, 0, 0, 0, NULL, NULL, NULL, NULL, NULL, '', '2019-05-01 14:26:20', NULL),
(52, 128, 0, 0, 0, NULL, NULL, NULL, NULL, 1, 'Даже минимальные дозы радиации способны вызвать генетические и соматические изменения. Они могут сказаться на здоровье не сразу и долго оставаться незамеченными. Поэтому абсолютно безопасных показателей радиационного излучения не существует, можно говорить лишь о допустимых пределах.<br>Мы предлагаем ориентироваться на предел до 25 мкР/час, после которого необходимо задавать вопросы застройщику или продавцу квартиры. Для большинства регионов России естественный уровень радиации колеблется в пределах от 10 до 20 мкР/час.', '2019-05-01 14:26:21', NULL),
(52, 129, 0, 0, 0, NULL, NULL, NULL, NULL, 1, '', '2019-05-01 14:26:21', NULL),
(52, 130, 0, 0, 0, NULL, NULL, NULL, NULL, NULL, '', '2019-05-01 14:26:21', NULL),
(53, 131, 0, 0, 0, NULL, NULL, NULL, NULL, 1, '', '2019-05-01 14:26:21', NULL),
(53, 132, 0, 0, 0, NULL, NULL, NULL, NULL, NULL, '', '2019-05-01 14:26:21', NULL),
(53, 133, 0, 0, 0, NULL, NULL, NULL, NULL, 1, 'Для перепланировки требуется частичный перенос внутренних стен и перегородок. Такая операция возможна при получении соответствующего разрешения от надзорного органа в кирпичных домах, либо в монолитных домах (по перегородкам, не являющимся монолитной частью дома).<br>В блочных домах все стены являются несущими элементами и не подлежат переносу.', '2019-05-01 14:26:21', NULL),
(53, 134, 0, 0, 0, NULL, NULL, NULL, NULL, NULL, '', '2019-05-01 14:26:21', NULL),
(54, 135, 0, 0, 0, NULL, NULL, NULL, NULL, 1, 'Согласно сложившейся практике при указании площади квартиры в объявлениях о продаже ее площадь указывается вместе с балконами.<br>Тогда как при определении площади квартиры в правоустанавливающих документах и в договоре, площадь балконов берется с коэффициентом 0,3, лоджий — 0,5.', '2019-05-01 14:26:21', NULL),
(54, 136, 0, 0, 0, NULL, NULL, NULL, NULL, NULL, '', '2019-05-01 14:26:21', NULL),
(54, 137, 0, 0, 0, NULL, NULL, NULL, NULL, NULL, '', '2019-05-01 14:26:21', NULL),
(54, 138, 0, 0, 0, NULL, NULL, NULL, NULL, NULL, '', '2019-05-01 14:26:21', NULL),
(55, 139, 0, 0, 0, NULL, NULL, NULL, NULL, 1, 'По порядку:<br>1) Если при постройке дома в холодное время года нарушена технология по пропорции добавления аммиачных добавок для застывания бетона на морозе, то выделение аммиака и соответствующий запах проявятся в теплое время года (зимой запах в такой квартире будет минимальным).<br>2) Неработоспособность кондиционеров зимой полноценно  проверить невозможно.<br>3) Если в доме нарушена система вентиляции - проблема возникнет в летнее, жаркое время, когда естественная тяга вытяжки будет в разы меньше чем зимой.<br>4) Мощности системы электроснабжения может не хватить для работы системы кондиционирования и дополнительного подогрева воды в летнее время.<br>5) Зимой все изъяны благоустройства территории будут под снежным покровом.', '2019-05-01 14:26:21', NULL),
(55, 140, 0, 0, 0, NULL, NULL, NULL, NULL, NULL, '', '2019-05-01 14:26:21', NULL),
(55, 141, 0, 0, 0, NULL, NULL, NULL, NULL, 1, '', '2019-05-01 14:26:21', NULL),
(55, 142, 0, 0, 0, NULL, NULL, NULL, NULL, 1, '', '2019-05-01 14:26:21', NULL),
(55, 143, 0, 0, 0, NULL, NULL, NULL, NULL, NULL, '', '2019-05-01 14:26:21', NULL),
(55, 144, 0, 0, 0, NULL, NULL, NULL, NULL, 1, '', '2019-05-01 14:26:21', NULL),
(55, 145, 0, 0, 0, NULL, NULL, NULL, NULL, 1, '', '2019-05-01 14:26:21', NULL),
(56, 140, 0, 0, 0, NULL, NULL, NULL, NULL, NULL, '', '2019-05-01 14:26:21', NULL),
(56, 142, 0, 0, 0, NULL, NULL, NULL, NULL, NULL, '', '2019-05-01 14:26:21', NULL),
(56, 143, 0, 0, 0, NULL, NULL, NULL, NULL, 1, '', '2019-05-01 14:26:21', NULL),
(56, 144, 0, 0, 0, NULL, NULL, NULL, NULL, NULL, '', '2019-05-01 14:26:21', NULL),
(56, 145, 0, 0, 0, NULL, NULL, NULL, NULL, NULL, '', '2019-05-01 14:26:21', NULL),
(56, 147, 0, 0, 0, NULL, NULL, NULL, NULL, 1, 'По порядку:<br>1) Если стеклопакеты с плохой теплоизоляцией, то проверить это в жаркий летний день невозможно.<br>2) Не герметичность систем отопления летом можно проверить только специально заказав опрессовку системы в специализированной компании - иначе есть существенные риски затопления квартиры после подачи тепла в зимнее время.<br> 3) В зимнее время от управляющей компании требуется гораздо больше усилий для уборки помещений и прилегающей территории - в летнее время такой некачественный сервис не проявится.', '2019-05-01 14:26:21', NULL),
(56, 152, 0, 0, 0, NULL, NULL, NULL, NULL, 1, '', '2019-05-01 14:26:21', NULL),
(57, 153, 0, 0, 0, NULL, NULL, NULL, NULL, NULL, '', '2019-05-01 14:26:21', NULL),
(57, 154, 0, 0, 0, NULL, NULL, NULL, NULL, NULL, '', '2019-05-01 14:26:21', NULL),
(57, 155, 0, 0, 0, NULL, NULL, NULL, NULL, NULL, '', '2019-05-01 14:26:22', NULL),
(57, 156, 0, 0, 0, NULL, NULL, NULL, NULL, 1, 'Зачастую на крышах домов при соблюдении ряда условий по законодательству могут размещаться вышки ретрансляторов сотовой и другой связи, что создает дополнительные факторы повышенного электромагнитного излучения.<br>Риски затопления канализацией отсутствуют, риски негативных запахов одинаковы для всех этажей при правильном устройстве каналов вытяжек.<br>Риски затопления водой с крыши в новом доме будут ниже, чем риски протопления от соседей сверху.', '2019-05-01 14:26:22', NULL),
(58, 157, 0, 0, 0, NULL, NULL, NULL, NULL, NULL, '', '2019-05-01 14:26:22', NULL),
(58, 158, 0, 0, 0, NULL, NULL, NULL, NULL, NULL, '', '2019-05-01 14:26:22', NULL),
(58, 159, 0, 0, 0, NULL, NULL, NULL, NULL, NULL, '', '2019-05-01 14:26:22', NULL),
(58, 160, 0, 0, 0, NULL, NULL, NULL, NULL, 1, 'В многоэтажных домах подача воды осуществляется несколькими водонапорными устройствами, таким образом, что этажи распределены между ними примерно равными частями.<br>Напр. 1-7 этажи первое водонапорное устройство, 8-15 - второе, 15-25 третье. На верхних этажах в указанных интервалах  напор воды будет наименьшим, на нижних - наибольшим. При этом с повышением этажа давление падает примерно на 0,3 атм. На нижних этажах интервала  устанавливают устройства понижающие давление.<br>По СНИП нормальным считается давление в пределах от 0,3 до 6 атм. (для холодной воды) и 0,3 до 4,5 атм. (для горячей воды). При этом необходимо знать,  что для стиральной машины нужно мин давление 2 атм., для посудомоечной машины - 1,5 атм., для нормальной работы джакузи и гидромассажного оборудования - 4 атм.,  а для комфортной работы большинства современных смесителей и душевых леек - 3,5 атм.<br>Для квартир на верхних этажах интервала при недостаточном давление воды, его повышение является весьма дорогой и проблематичной задачей.<br>Наиболее простой и примитивный способ проверить достаточное давление горячей и холодной воды  - включить душ на полную подачу отдельно по холодной и отдельно по горячей воде. При достаточном  давлении (~ от 2,5-3 атм.) струя должна бить вверх  не меньше чем на 1 метр.', '2019-05-01 14:26:22', NULL),
(58, 161, 0, 0, 0, NULL, NULL, NULL, NULL, NULL, '', '2019-05-01 14:26:22', NULL),
(59, 162, 0, 0, 0, NULL, NULL, NULL, NULL, NULL, '', '2019-05-01 14:26:22', NULL),
(59, 163, 0, 0, 0, NULL, NULL, NULL, NULL, NULL, '', '2019-05-01 14:26:22', NULL),
(59, 164, 0, 0, 0, NULL, NULL, NULL, NULL, NULL, '', '2019-05-01 14:26:22', NULL),
(59, 165, 0, 0, 0, NULL, NULL, NULL, NULL, NULL, '', '2019-05-01 14:26:22', NULL),
(59, 166, 0, 0, 0, NULL, NULL, NULL, NULL, 1, 'Электротехнический вопрос - один из самых сложных и важных при покупке квартиры!<br> Несоответствие характеристик автоматических выключателей квартиры  к допустимым нагрузкам электрической сети  - это наибольший из рисков владельца квартиры, который может привести к пожару!<br>В описанном кейсе отключение автомата этажа свидетельствует, что в квартире либо отсутствует автомат, либо его предельно допустимая нагрузка на отключение существенно выше проектной. Электрики говорят - \"чувствительный автомат лучше чем запах проводки\".<br>Мы рекомендуем при приемке квартиры на вторичном рынке приглашать сертифицированного специалиста для оценки правильности подключения электрооборудования квартиры к сети. При покупке квартиры от застройщика в новостройке прошедшей гос. приемку, указанные риски будут минимальны.', '2019-05-01 14:26:22', NULL),
(60, 167, 0, 0, 0, NULL, NULL, NULL, NULL, 1, 'Конечно нужно максимально собрать информацию их всех источников.<br>Покупка квартиры - крупнейшая сделка в жизни каждого человека. Если слепо доверять постерам, буклетам и проспектам в красочных обертках и безусловным уверениям контрагента по сделке - то можно налететь на корягу.<br>Вы должны четко представлять, что целью каждого участника на рынке недвижимости является быстрое закрытие сделки и максимизация дохода.', '2019-05-01 14:26:22', NULL),
(60, 168, 0, 0, 0, NULL, NULL, NULL, NULL, 1, '', '2019-05-01 14:26:22', NULL),
(60, 169, 0, 0, 0, NULL, NULL, NULL, NULL, 1, '', '2019-05-01 14:26:22', NULL),
(60, 170, 0, 0, 0, NULL, NULL, NULL, NULL, 1, '', '2019-05-01 14:26:22', NULL),
(60, 171, 0, 0, 0, NULL, NULL, NULL, NULL, 1, '', '2019-05-01 14:26:22', NULL),
(60, 172, 0, 0, 0, NULL, NULL, NULL, NULL, 1, '', '2019-05-01 14:26:22', NULL),
(61, 6, 0, 0, 0, NULL, NULL, NULL, NULL, NULL, '', '2019-05-01 14:26:22', NULL),
(61, 173, 0, 0, 0, NULL, NULL, NULL, NULL, NULL, '', '2019-05-01 14:26:22', NULL),
(61, 174, 0, 0, 0, NULL, NULL, NULL, NULL, NULL, '', '2019-05-01 14:26:22', NULL),
(61, 175, 0, 0, 0, NULL, NULL, NULL, NULL, 1, 'Данное право предусмотрено Федеральным законом № 218-ФЗ от 13.07.2015. Информация о собственнике жилья может быть направлена любому гражданину Российской Федерации, которому она необходима', '2019-05-01 14:26:22', NULL),
(62, 176, 0, 0, 0, NULL, NULL, NULL, NULL, NULL, '', '2019-05-01 14:26:22', NULL),
(62, 177, 0, 0, 0, NULL, NULL, NULL, NULL, NULL, '', '2019-05-01 14:26:22', NULL),
(62, 178, 0, 0, 0, NULL, NULL, NULL, NULL, 1, 'Экология не является ключевым фактором, который влияет на цену недвижимости.<br>Например центральный район Москвы, несмотря на транспортную загруженность, все-таки самый дорогой.', '2019-05-01 14:26:22', NULL),
(62, 179, 0, 0, 0, NULL, NULL, NULL, NULL, NULL, '', '2019-05-01 14:26:23', NULL),
(63, 180, 0, 0, 0, NULL, NULL, NULL, NULL, 1, 'Такой пункт в агентских договорах  свидетельствует о намерении компании сформировать скрытую комиссию - т.е. получить комиссию с обоих сторон сделки, манипулируя стоимостью продажи.', '2019-05-01 14:26:23', NULL),
(63, 181, 0, 0, 0, NULL, NULL, NULL, NULL, NULL, '', '2019-05-01 14:26:23', NULL),
(63, 182, 0, 0, 0, NULL, NULL, NULL, NULL, NULL, '', '2019-05-01 14:26:23', NULL),
(63, 183, 0, 0, 0, NULL, NULL, NULL, NULL, 1, '', '2019-05-01 14:26:23', NULL),
(64, 5, 0, 0, 0, NULL, NULL, NULL, NULL, NULL, '', '2019-05-01 14:26:23', NULL),
(64, 6, 0, 0, 0, NULL, NULL, NULL, NULL, 1, 'Риэлтора нельзя привлечь к судебной ответственности в качестве третьей стороны, так как продавец и покупатель вступают в правоотношения самостоятельно.', '2019-05-01 14:26:23', NULL),
(64, 184, 0, 0, 0, NULL, NULL, NULL, NULL, NULL, '', '2019-05-01 14:26:23', NULL),
(65, 5, 0, 0, 0, NULL, NULL, NULL, NULL, NULL, '', '2019-05-01 14:26:23', NULL),
(65, 6, 0, 0, 0, NULL, NULL, NULL, NULL, NULL, '', '2019-05-01 14:26:23', NULL),
(65, 185, 0, 0, 0, NULL, NULL, NULL, NULL, 1, 'Закон этого делать не запрещает. Стоит посмотреть договор с банком, не оговаривается ли он запрет на аренду третьими лицами.', '2019-05-01 14:26:23', NULL),
(66, 5, 0, 0, 0, NULL, NULL, NULL, NULL, NULL, '', '2019-05-01 14:26:23', NULL),
(66, 186, 0, 0, 0, NULL, NULL, NULL, NULL, NULL, '', '2019-05-01 14:26:23', NULL),
(66, 187, 0, 0, 0, NULL, NULL, NULL, NULL, NULL, '', '2019-05-01 14:26:23', NULL),
(66, 188, 0, 0, 0, NULL, NULL, NULL, NULL, 1, 'В настоящее время  доходность сдачи в аренду квартир  не превышает 5% в год от стоимости квартиры.<br>При текущем уровне ипотечных ставок не менее 8% в год  и ставок по вкладам не менее 5% в год, сдача ипотечных квартир в аренду не эффективна с первоначальным взносом 50% и 70%.<br>Другими словами, от такого варианта вложения денежных средств вы либо получите убыток, либо упущенную возможность дополнительного дохода по сравнению  с  размещением средств на вкладе.<br>Такой вариант вложений может иметь смысл только при высоких инфляционных ожиданиях.', '2019-05-01 14:26:23', NULL),
(67, 134, 0, 0, 0, NULL, NULL, NULL, NULL, NULL, '', '2019-05-01 14:26:23', NULL),
(67, 189, 0, 0, 0, NULL, NULL, NULL, NULL, NULL, '', '2019-05-01 14:26:23', NULL),
(67, 190, 0, 0, 0, NULL, NULL, NULL, NULL, NULL, '', '2019-05-01 14:26:23', NULL),
(67, 191, 0, 0, 0, NULL, NULL, NULL, NULL, 1, 'Прочность железобетонных конструкций, являющихся основой монолитного строительства, со временем возрастает, чего не скажешь о кирпичных и панельных домах.<br>В сказке  \"Три поросенка\" современный Наф-Наф построил бы монолитный дом.', '2019-05-01 14:26:23', NULL);

-- --------------------------------------------------------

--
-- Структура таблицы `spr_gift`
--

CREATE TABLE `spr_gift` (
  `ID` int(11) NOT NULL,
  `ID_BIS` int(11) NOT NULL,
  `DESCRIPTION` text NOT NULL,
  `DISCOUNT` int(11) DEFAULT NULL,
  `FILE_PATH` text,
  `DT_INSERTED` datetime NOT NULL DEFAULT CURRENT_TIMESTAMP,
  `DT_MODIFIED` datetime DEFAULT NULL ON UPDATE CURRENT_TIMESTAMP
) ENGINE=InnoDB DEFAULT CHARSET=utf8;

--
-- Дамп данных таблицы `spr_gift`
--

INSERT INTO `spr_gift` (`ID`, `ID_BIS`, `DESCRIPTION`, `DISCOUNT`, `FILE_PATH`, `DT_INSERTED`, `DT_MODIFIED`) VALUES
(0, 0, 'Подарок от сервиса Думай по умолчанию: буклет с вопросами ответами и благодарностью', NULL, '', '0000-00-00 00:00:00', '2019-05-10 19:26:35');

-- --------------------------------------------------------

--
-- Структура таблицы `spr_question`
--

CREATE TABLE `spr_question` (
  `ID` int(11) NOT NULL,
  `ID_GROUP` int(11) NOT NULL,
  `QUESTION` varchar(2000) NOT NULL,
  `INFO` varchar(1024) DEFAULT NULL COMMENT 'доп.инфо к вопросу',
  `IS_MUST_HAVE_ANSWER` smallint(6) NOT NULL DEFAULT '0' COMMENT 'обязательный ответ',
  `IS_MULTI_ANSWER` smallint(6) NOT NULL DEFAULT '0' COMMENT 'множественный ответ',
  `ID_LEVEL` smallint(6) DEFAULT '0' COMMENT 'уровень сложности',
  `DT_INSERT` datetime DEFAULT CURRENT_TIMESTAMP,
  `DT_MODIFIED` datetime DEFAULT NULL ON UPDATE CURRENT_TIMESTAMP
) ENGINE=InnoDB DEFAULT CHARSET=utf8;

--
-- Дамп данных таблицы `spr_question`
--

INSERT INTO `spr_question` (`ID`, `ID_GROUP`, `QUESTION`, `INFO`, `IS_MUST_HAVE_ANSWER`, `IS_MULTI_ANSWER`, `ID_LEVEL`, `DT_INSERT`, `DT_MODIFIED`) VALUES
(1, 2, 'Что для вас важно при выборе квартиры (поставьте балл от 1 до 10)?', NULL, 0, 1, 1, '2019-01-16 22:32:34', '2019-04-13 13:23:11'),
(2, 2, 'Важен ли фактор близости к работе?', NULL, 0, 0, 1, '2019-01-16 23:11:46', '2019-04-14 15:02:07'),
(3, 2, 'За какую сумму вы планируете приобрести квартиру?', NULL, 0, 0, 1, '2019-01-16 23:12:48', '2019-03-03 10:28:03'),
(4, 3, 'Нуждаетесь ли вы в привлечении ипотечного креди', NULL, 0, 0, 2, '2019-01-16 23:14:26', '2019-04-05 22:30:39'),
(5, 4, 'Важно ли для вас сопровождение риэлтора?', NULL, 0, 1, 2, '2019-01-16 23:15:13', '2019-03-26 22:10:46'),
(6, 5, 'Какое максимальное время вы готовы уделить поиску квартиры?', NULL, 0, 0, 3, '2019-01-16 23:15:51', '2019-04-14 15:02:22'),
(7, 5, 'Какие еще требования вы предъявляете к квартире?', NULL, 0, 0, 3, '2019-01-17 22:55:05', '2019-03-03 10:28:14'),
(8, 1, 'Сколько по времени лучше выбирать квартиру?', NULL, 0, 0, 1, '2019-05-01 13:50:27', NULL),
(9, 1, 'Наилучшими для покупки квартиры считаются этажи:', NULL, 0, 0, 1, '2019-05-01 13:50:27', NULL),
(10, 1, 'Стоит ли рассматривать объявления \"Срочно продам квартиру, нужны деньги\"?', NULL, 0, 0, 1, '2019-05-01 13:50:28', NULL),
(11, 1, 'Обращаете ли вы внимание на шахту лифта, которая может располагаться рядом с квартирой?', NULL, 0, 0, 1, '2019-05-01 13:50:28', NULL),
(12, 1, 'Что лучше по качеству: «брежневка» из 80-х или современная новостройка?', NULL, 0, 0, 1, '2019-05-01 13:50:28', NULL),
(13, 1, 'Обращаете ли вы внимание на парковочные места?', NULL, 0, 0, 1, '2019-05-01 13:50:28', NULL),
(14, 1, 'Стоит ли смотреть квартиру с другом или лучше в одиночку, чтоб никто не отвлекал?', NULL, 0, 0, 1, '2019-05-01 13:50:28', NULL),
(15, 1, 'Как вы считаете, является ли квартира частью вашего имиджа?', NULL, 0, 0, 1, '2019-05-01 13:50:28', NULL),
(16, 1, 'Обращаете ли вы внимание на застройку района?', NULL, 0, 0, 1, '2019-05-01 13:50:28', NULL),
(17, 1, 'Проверяете ли вы количество лет, в течение которых квартира была в собственности?', NULL, 0, 0, 1, '2019-05-01 13:50:28', NULL),
(18, 1, 'В какое время лучше осматривать квартиру?', NULL, 0, 0, 1, '2019-05-01 13:50:28', NULL),
(19, 1, 'Нужно ли при покупке \"вторички\" проверять долю владения собственника?', NULL, 0, 0, 1, '2019-05-01 13:50:28', NULL),
(20, 1, 'Как вы думаете, что для большинства важнее при покупке новой квартиры: потребительские характеристики или собственные эмоции?', NULL, 0, 0, 1, '2019-05-01 13:50:28', NULL),
(21, 1, 'Знаете ли вы, как проверить тягу в вентиляционном коробе?', NULL, 0, 0, 1, '2019-05-01 13:50:28', NULL),
(22, 1, 'Какая высота потолка считается лучшей?', NULL, 0, 0, 1, '2019-05-01 13:50:28', NULL),
(23, 1, 'Что лучше: небольшая и функциональная квартира или квартира со свободными неиспользуемыми метрами?', NULL, 0, 0, 1, '2019-05-01 13:50:28', NULL),
(24, 1, 'Насколько быстро человек привыкает к новой квартире?', NULL, 0, 0, 1, '2019-05-01 13:50:28', NULL),
(25, 1, 'Какой размер кухни является минимально возможным для установки современной мебели и техники?', NULL, 0, 0, 1, '2019-05-01 13:50:28', '2019-05-12 10:01:09'),
(26, 1, 'Какая планировка считается наилучшей: \"распашонка\" или \"линейка\"?', NULL, 0, 0, 1, '2019-05-01 13:50:28', NULL),
(27, 1, 'Скошенные углы в современных планировках - это хорошо или плохо?', NULL, 0, 0, 1, '2019-05-01 13:50:28', NULL),
(28, 3, 'Не забываете ли вы осмотреть каждый угол квартиры при покупке ? Интересно зачем?', NULL, 0, 0, 2, '2019-05-01 13:50:28', NULL),
(29, 3, 'Знаете ли вы, какие стороны у квартиры наиболее комфортны для проживания ?<br>(выберите несколько ответов)', NULL, 0, 1, 2, '2019-05-01 13:50:28', NULL),
(30, 3, 'Какая лицевая отделка дома считается самой худшей?', NULL, 0, 0, 2, '2019-05-01 13:50:28', NULL),
(31, 3, 'Стоит ли покупать квартиру в бывшем долгострое?', NULL, 0, 0, 2, '2019-05-01 13:50:28', NULL),
(32, 2, 'Как проверить, делал ли предыдущий хозяин перепланировку?', NULL, 0, 0, 2, '2019-05-01 13:50:28', NULL),
(33, 2, 'Могут ли претендовать на квартиру прописанные в ней третьи лица, если вы уже приобрели ее в собственность?', NULL, 0, 0, 2, '2019-05-01 13:50:28', NULL),
(34, 4, 'Что хуже  для экологии района?', NULL, 0, 0, 2, '2019-05-01 13:50:28', NULL),
(35, 3, 'Входит ли разводка электричества в черновую отделку новостройки?', NULL, 0, 0, 2, '2019-05-01 13:50:28', NULL),
(36, 4, 'Безопасно ли для здоровья жить в километре от ТЭЦ ?', NULL, 0, 0, 2, '2019-05-01 13:50:28', NULL),
(37, 4, 'Есть ли различия между \"свалкой\" и \"полигоном ТБО\"? (eсли вдруг вы услышали, что неподалеку имеются таковые).', NULL, 0, 0, 2, '2019-05-01 13:50:28', NULL),
(38, 4, 'Может ли отличаться качество воды в городе ?<br>(выберите несколько ответов)', NULL, 0, 1, 2, '2019-05-01 13:50:28', NULL),
(39, 4, 'Можно ли подручными средствами проверить качество воды при осмотре квартиры ?', NULL, 0, 0, 2, '2019-05-01 13:50:28', NULL),
(40, 3, 'Где лучше выбрать квартиру в современном новом доме?', NULL, 0, 0, 2, '2019-05-01 13:50:29', NULL),
(41, 2, 'Должна ли настораживать ситуация, когда агентство недвижимости привлекает к сделке третьих лиц?', NULL, 0, 0, 2, '2019-05-01 13:50:29', NULL),
(42, 2, 'Договор с риэлтором лучше заключать на определенный срок или до выполнения обязательств?', NULL, 0, 0, 2, '2019-05-01 13:50:29', NULL),
(43, 2, 'Стоит ли оплачивать долг за капремонт от прежнего собственника, если после сделки выяснилось, что таковой имеется?', NULL, 0, 0, 2, '2019-05-01 13:50:29', NULL),
(44, 5, 'Выгодно ли покупать квартиры в \"хрущевках\" с целью их ремонта и последующей перепродажи?', NULL, 0, 0, 2, '2019-05-01 13:50:29', NULL),
(45, 2, 'Можно ли продать квартиру с неузаконенной перепланировкой?', NULL, 0, 0, 2, '2019-05-01 13:50:29', NULL),
(46, 2, 'Безопасна ли в 2019 году сделка по долевому строительству?', NULL, 0, 0, 2, '2019-05-01 13:50:29', NULL),
(47, 2, 'Можно ли доверять застройщику, который предлагает подписать акт приемки, а после исправить все недочеты?', NULL, 0, 0, 2, '2019-05-01 13:50:29', NULL),
(48, 4, 'Что наиболее благоприятно для экологии района:', NULL, 0, 0, 3, '2019-05-01 13:50:29', NULL),
(49, 4, 'Интересовались ли вы при покупке квартиры в каком районе вашего города больше всего производств? А в Москве в каком районе?', NULL, 0, 0, 3, '2019-05-01 13:50:29', NULL),
(50, 5, 'На сколько процентов увеличивается стоимость жилья после ввода от старта продаж?', NULL, 0, 0, 3, '2019-05-01 13:50:29', NULL),
(51, 3, 'Как оценить комфортность соседей при выборе квартиры?<br>(выберите несколько ответов)', NULL, 0, 1, 3, '2019-05-01 13:50:29', NULL),
(52, 4, 'В какой из нижеприведенных квартир условия радиационного фона не влияют на принятие решение о приобретении квартиры?<br>(выберите несколько ответов)', NULL, 0, 1, 3, '2019-05-01 13:50:29', NULL),
(53, 3, 'В каком из типов конструкции дома имеется техническая возможность перепланировки?<br>(выберите несколько ответов)', NULL, 0, 1, 3, '2019-05-01 13:50:29', NULL),
(54, 5, 'Какую квартиру выгоднее покупать, исходя из стоимости 1 кв. м.?', NULL, 0, 0, 3, '2019-05-01 13:50:29', NULL),
(55, 3, 'Какие риски возрастают при покупке квартиры в зимнее, холодное время года?<br>(выберите несколько ответов)', NULL, 0, 1, 3, '2019-05-01 13:50:29', NULL),
(56, 3, 'Какие риски возрастают при покупке квартиры в летнее, теплое время года?<br>(выберите несколько ответов)', NULL, 0, 1, 3, '2019-05-01 13:50:29', NULL),
(57, 3, 'Всем известно, что квартиры на верхних этажах домов дороже, но какие риски выше у владельцев таких квартир в новом доме?', NULL, 0, 0, 3, '2019-05-01 13:50:29', NULL),
(58, 3, 'При покупке квартиры  некто мечтает сделать  джакузи. Какой этаж для этого лучше выбрать в 25 этажном доме ?', NULL, 0, 0, 3, '2019-05-01 13:50:29', NULL),
(59, 3, 'Некто подключил  в квартире  водонагревательное устройство. После включения через некоторое время сработал автоматический выключатель (далее автомат)  этажа  и отключилась подача электроэнергии,  возник неприятный запах пластика. В чем причина отключения и запаха?', NULL, 0, 0, 3, '2019-05-01 13:50:29', NULL),
(60, 5, 'Вы решили купить квартиру в новостройке на стадии строительства от застройщика, но ничего не знаете о компании-застройщике и хотели бы максимально проверить информацию о ней и об объекте недвижимости. Какие источники информации следует использовать?<br>(выберите несколько ответов)', NULL, 0, 1, 3, '2019-05-01 13:50:29', NULL),
(61, 2, 'Можете ли вы при покупке жилья самостоятельно обратиться в ЕГРН (Единый государственный реестр недвижимости) и проверить всех собственников выбранного объекта недвижимости, включая наличие обременений?', NULL, 0, 0, 3, '2019-05-01 13:50:29', NULL),
(62, 5, 'Насколько дороже экологически чистые районы по отношению к загрязненным?', NULL, 0, 0, 3, '2019-05-01 13:50:29', NULL),
(63, 2, 'Если в договоре с агентством недвижимости, содержится пункт запрещающий покупателю общаться непосредственно с собственниками приобретаемой недвижимости. О чем это свидетельствует ?<br>(выберите несколько ответов)', NULL, 0, 1, 3, '2019-05-01 13:50:29', NULL),
(64, 2, 'Можно ли привлечь риэлтора к судебной ответственности в качестве третьей стороны, если ваша сделка будет оспорена в суде, или отменена?', NULL, 0, 0, 3, '2019-05-01 13:50:29', NULL),
(65, 5, 'Можно ли сдавать квартиру, находящуюся под ипотекой?', NULL, 0, 0, 3, '2019-05-01 13:50:29', NULL),
(66, 5, 'Выгодно ли приобретать квартиру в ипотеку  для сдачи ее в аренду?', NULL, 0, 0, 3, '2019-05-01 13:50:29', NULL),
(67, 3, 'Какие дома наиболее долговечны?', NULL, 0, 0, 3, '2019-05-01 13:50:30', NULL);

-- --------------------------------------------------------

--
-- Структура таблицы `spr_question_group`
--

CREATE TABLE `spr_question_group` (
  `ID` int(11) NOT NULL,
  `GROUP_NAME` varchar(256) NOT NULL,
  `DT_INSERT` timestamp NULL DEFAULT CURRENT_TIMESTAMP,
  `DT_MODIFIED` datetime DEFAULT NULL ON UPDATE CURRENT_TIMESTAMP
) ENGINE=InnoDB DEFAULT CHARSET=utf8;

--
-- Дамп данных таблицы `spr_question_group`
--

INSERT INTO `spr_question_group` (`ID`, `GROUP_NAME`, `DT_INSERT`, `DT_MODIFIED`) VALUES
(1, 'Общие', '2019-01-16 19:28:52', '0000-00-00 00:00:00'),
(2, 'Право', '2019-04-05 19:32:32', '2019-04-13 21:44:02'),
(3, 'Стройка', '2019-04-13 18:44:56', NULL),
(4, 'Экология', '2019-04-13 18:44:56', NULL),
(5, 'Инвестиции', '2019-04-13 18:45:29', NULL);

-- --------------------------------------------------------

--
-- Структура таблицы `spr_question_tree`
--

CREATE TABLE `spr_question_tree` (
  `ID` int(11) NOT NULL,
  `ID_TREE` int(11) NOT NULL,
  `ID_PARENT` int(11) DEFAULT NULL COMMENT 'Ссылка на родительский вопрос',
  `ID_CHILD` int(11) DEFAULT NULL COMMENT 'Ссылка на дочерний ответ',
  `ID_ASWER_BRANCH` int(11) DEFAULT NULL COMMENT 'id выбранного ответа по которому попадаем в эту ветку вопросов',
  `DT_INSERTED` datetime DEFAULT CURRENT_TIMESTAMP,
  `DT_MODIFIED` datetime DEFAULT NULL ON UPDATE CURRENT_TIMESTAMP
) ENGINE=InnoDB DEFAULT CHARSET=utf8;

--
-- Дамп данных таблицы `spr_question_tree`
--

INSERT INTO `spr_question_tree` (`ID`, `ID_TREE`, `ID_PARENT`, `ID_CHILD`, `ID_ASWER_BRANCH`, `DT_INSERTED`, `DT_MODIFIED`) VALUES
(1, 1, NULL, 1, NULL, '2019-01-16 23:19:36', '2019-04-14 14:57:39'),
(2, 1, 1, 2, NULL, '2019-01-16 23:20:01', '2019-04-14 14:57:52'),
(3, 1, 2, 3, NULL, '2019-01-16 23:20:15', '2019-04-14 14:58:23'),
(4, 1, 3, 4, NULL, '2019-01-16 23:20:31', '2019-04-14 14:58:45'),
(5, 1, 4, 5, NULL, '2019-01-16 23:20:39', '2019-04-14 14:59:24'),
(6, 1, 5, 6, NULL, '2019-01-17 23:04:27', '2019-04-14 15:00:05'),
(7, 1, 6, 7, NULL, '2019-01-26 15:22:36', '2019-04-14 15:00:27'),
(8, 2, NULL, 8, NULL, '2019-05-01 14:37:54', NULL),
(9, 2, 8, 9, NULL, '2019-05-01 14:37:54', NULL),
(10, 2, 9, 10, NULL, '2019-05-01 14:37:54', NULL),
(11, 2, 10, 11, NULL, '2019-05-01 14:37:54', NULL),
(12, 2, 11, 12, NULL, '2019-05-01 14:37:54', NULL),
(13, 2, 12, 13, NULL, '2019-05-01 14:37:54', NULL),
(14, 2, 13, 14, NULL, '2019-05-01 14:37:54', NULL),
(15, 2, 14, 15, NULL, '2019-05-01 14:37:54', NULL),
(16, 2, 15, 16, NULL, '2019-05-01 14:37:54', NULL),
(17, 2, 16, 17, NULL, '2019-05-01 14:37:54', NULL),
(18, 2, 17, 18, NULL, '2019-05-01 14:37:54', NULL),
(19, 2, 18, 19, NULL, '2019-05-01 14:37:55', NULL),
(20, 2, 19, 20, NULL, '2019-05-01 14:37:55', NULL),
(21, 2, 20, 21, NULL, '2019-05-01 14:37:55', NULL),
(22, 2, 21, 22, NULL, '2019-05-01 14:37:55', NULL),
(23, 2, 22, 23, NULL, '2019-05-01 14:37:55', NULL),
(24, 2, 23, 24, NULL, '2019-05-01 14:37:55', NULL),
(25, 2, 24, 25, NULL, '2019-05-01 14:37:55', NULL),
(26, 2, 25, 26, NULL, '2019-05-01 14:37:55', NULL),
(27, 2, 26, 27, NULL, '2019-05-01 14:37:55', NULL),
(28, 2, 27, 28, NULL, '2019-05-01 14:37:55', NULL),
(29, 2, 28, 29, NULL, '2019-05-01 14:37:55', NULL),
(30, 2, 29, 30, NULL, '2019-05-01 14:37:55', NULL),
(31, 2, 30, 31, NULL, '2019-05-01 14:37:55', NULL),
(32, 2, 31, 32, NULL, '2019-05-01 14:37:55', NULL),
(33, 2, 32, 33, NULL, '2019-05-01 14:37:55', NULL),
(34, 2, 33, 34, NULL, '2019-05-01 14:37:55', NULL),
(35, 2, 34, 35, NULL, '2019-05-01 14:37:55', NULL),
(36, 2, 35, 36, NULL, '2019-05-01 14:37:55', NULL),
(37, 2, 36, 37, NULL, '2019-05-01 14:37:55', NULL),
(38, 2, 37, 38, NULL, '2019-05-01 14:37:55', NULL),
(39, 2, 38, 39, NULL, '2019-05-01 14:37:55', NULL),
(40, 2, 39, 40, NULL, '2019-05-01 14:37:55', NULL),
(41, 2, 40, 41, NULL, '2019-05-01 14:37:55', NULL),
(42, 2, 41, 42, NULL, '2019-05-01 14:37:55', NULL),
(43, 2, 42, 43, NULL, '2019-05-01 14:37:56', NULL),
(44, 2, 43, 44, NULL, '2019-05-01 14:37:56', NULL),
(45, 2, 44, 45, NULL, '2019-05-01 14:37:56', NULL),
(46, 2, 45, 46, NULL, '2019-05-01 14:37:56', NULL),
(47, 2, 46, 47, NULL, '2019-05-01 14:37:56', NULL),
(48, 2, 47, 48, NULL, '2019-05-01 14:37:56', NULL),
(49, 2, 48, 49, NULL, '2019-05-01 14:37:56', NULL),
(50, 2, 49, 50, NULL, '2019-05-01 14:37:56', NULL),
(51, 2, 50, 51, NULL, '2019-05-01 14:37:56', NULL),
(52, 2, 51, 52, NULL, '2019-05-01 14:37:56', NULL),
(53, 2, 52, 53, NULL, '2019-05-01 14:37:56', NULL),
(54, 2, 53, 54, NULL, '2019-05-01 14:37:56', NULL),
(55, 2, 54, 55, NULL, '2019-05-01 14:37:56', NULL),
(56, 2, 55, 56, NULL, '2019-05-01 14:37:56', NULL),
(57, 2, 56, 57, NULL, '2019-05-01 14:37:56', NULL),
(58, 2, 57, 58, NULL, '2019-05-01 14:37:56', NULL),
(59, 2, 58, 59, NULL, '2019-05-01 14:37:56', NULL),
(60, 2, 59, 60, NULL, '2019-05-01 14:37:56', NULL),
(61, 2, 60, 61, NULL, '2019-05-01 14:37:56', NULL),
(62, 2, 61, 62, NULL, '2019-05-01 14:37:56', NULL),
(63, 2, 62, 63, NULL, '2019-05-01 14:37:56', NULL),
(64, 2, 63, 64, NULL, '2019-05-01 14:37:56', NULL),
(65, 2, 64, 65, NULL, '2019-05-01 14:37:56', NULL),
(66, 2, 65, 66, NULL, '2019-05-01 14:37:56', NULL),
(67, 2, 66, 67, NULL, '2019-05-01 14:37:56', NULL),
(68, 3, NULL, 9, NULL, '2019-05-01 23:01:36', NULL),
(69, 3, 9, 11, NULL, '2019-05-01 23:01:37', NULL),
(70, 3, 11, 12, NULL, '2019-05-01 23:01:37', NULL),
(71, 3, 12, 13, NULL, '2019-05-01 23:01:37', NULL),
(72, 3, 13, 14, NULL, '2019-05-01 23:01:37', NULL),
(73, 3, 14, 19, NULL, '2019-05-01 23:01:37', NULL),
(74, 3, 19, 21, NULL, '2019-05-01 23:01:37', NULL),
(75, 3, 21, 22, NULL, '2019-05-01 23:01:37', NULL),
(76, 3, 22, 25, NULL, '2019-05-01 23:01:37', NULL),
(77, 3, 25, 26, NULL, '2019-05-01 23:01:37', NULL),
(78, 3, 26, 28, NULL, '2019-05-01 23:01:37', NULL),
(79, 3, 28, 32, NULL, '2019-05-01 23:01:37', NULL),
(80, 3, 32, 33, NULL, '2019-05-01 23:01:37', NULL),
(81, 3, 33, 35, NULL, '2019-05-01 23:01:37', NULL),
(82, 3, 35, 36, NULL, '2019-05-01 23:01:37', NULL),
(83, 3, 36, 37, NULL, '2019-05-01 23:01:37', NULL),
(84, 3, 37, 38, NULL, '2019-05-01 23:01:38', NULL),
(85, 3, 38, 39, NULL, '2019-05-01 23:01:38', NULL),
(86, 3, 39, 41, NULL, '2019-05-01 23:01:38', NULL),
(87, 3, 41, 42, NULL, '2019-05-01 23:01:38', NULL),
(88, 3, 42, 51, NULL, '2019-05-01 23:01:38', NULL),
(89, 3, 51, 52, NULL, '2019-05-01 23:01:38', NULL),
(90, 3, 52, 54, NULL, '2019-05-01 23:01:38', NULL),
(91, 3, 54, 56, NULL, '2019-05-01 23:01:38', NULL),
(92, 3, 56, 57, NULL, '2019-05-01 23:01:38', NULL),
(93, 3, 57, 59, NULL, '2019-05-01 23:01:38', NULL),
(94, 3, 59, 61, NULL, '2019-05-01 23:01:38', NULL),
(95, 3, 61, 62, NULL, '2019-05-01 23:01:38', NULL),
(96, 3, 62, 63, NULL, '2019-05-01 23:01:38', NULL),
(97, 3, 63, 64, NULL, '2019-05-01 23:01:38', NULL),
(98, 4, NULL, 8, NULL, '2019-05-01 23:07:13', NULL),
(99, 4, 8, 10, NULL, '2019-05-01 23:07:13', NULL),
(100, 4, 10, 15, NULL, '2019-05-01 23:07:13', NULL),
(101, 4, 15, 16, NULL, '2019-05-01 23:07:13', NULL),
(102, 4, 16, 17, NULL, '2019-05-01 23:07:13', NULL),
(103, 4, 17, 18, NULL, '2019-05-01 23:07:13', NULL),
(104, 4, 18, 20, NULL, '2019-05-01 23:07:13', NULL),
(105, 4, 20, 23, NULL, '2019-05-01 23:07:13', NULL),
(106, 4, 23, 24, NULL, '2019-05-01 23:07:13', NULL),
(107, 4, 24, 27, NULL, '2019-05-01 23:07:13', NULL),
(108, 4, 27, 29, NULL, '2019-05-01 23:07:14', NULL),
(109, 4, 29, 30, NULL, '2019-05-01 23:07:14', NULL),
(110, 4, 30, 31, NULL, '2019-05-01 23:07:14', NULL),
(111, 4, 31, 34, NULL, '2019-05-01 23:07:14', NULL),
(112, 4, 34, 40, NULL, '2019-05-01 23:07:14', NULL),
(113, 4, 40, 43, NULL, '2019-05-01 23:07:14', NULL),
(114, 4, 43, 44, NULL, '2019-05-01 23:07:14', NULL),
(115, 4, 44, 45, NULL, '2019-05-01 23:07:14', NULL),
(116, 4, 45, 46, NULL, '2019-05-01 23:07:14', NULL),
(117, 4, 46, 47, NULL, '2019-05-01 23:07:14', NULL),
(118, 4, 47, 48, NULL, '2019-05-01 23:07:14', NULL),
(119, 4, 48, 49, NULL, '2019-05-01 23:07:14', NULL),
(120, 4, 49, 50, NULL, '2019-05-01 23:07:14', NULL),
(121, 4, 50, 53, NULL, '2019-05-01 23:07:14', NULL),
(122, 4, 53, 55, NULL, '2019-05-01 23:07:14', NULL),
(123, 4, 55, 58, NULL, '2019-05-01 23:07:14', NULL),
(124, 4, 58, 60, NULL, '2019-05-01 23:07:14', NULL),
(125, 4, 60, 65, NULL, '2019-05-01 23:07:14', NULL),
(126, 4, 65, 66, NULL, '2019-05-01 23:07:14', NULL),
(127, 4, 66, 67, NULL, '2019-05-01 23:07:14', NULL),
(128, 5, NULL, 9, NULL, '2019-05-10 19:19:18', '2019-05-10 19:20:16'),
(129, 5, 9, 12, NULL, '2019-05-10 19:19:18', NULL),
(130, 5, 12, 14, NULL, '2019-05-10 19:19:18', NULL),
(131, 5, 14, 21, NULL, '2019-05-10 19:19:18', NULL),
(132, 5, 21, 22, NULL, '2019-05-10 19:19:18', NULL),
(133, 5, 22, 28, NULL, '2019-05-10 19:19:18', NULL),
(134, 5, 28, 35, NULL, '2019-05-10 19:19:18', NULL),
(135, 5, 35, 36, NULL, '2019-05-10 19:19:19', NULL),
(136, 5, 36, 39, NULL, '2019-05-10 19:19:19', NULL),
(137, 5, 39, 42, NULL, '2019-05-10 19:19:19', NULL),
(138, 5, 42, 51, NULL, '2019-05-10 19:19:19', NULL),
(139, 5, 51, 54, NULL, '2019-05-10 19:19:19', NULL),
(140, 5, 54, 56, NULL, '2019-05-10 19:19:19', NULL),
(141, 5, 56, 61, NULL, '2019-05-10 19:19:19', NULL),
(142, 5, 61, 62, NULL, '2019-05-10 19:19:19', NULL);

-- --------------------------------------------------------

--
-- Структура таблицы `spr_tree`
--

CREATE TABLE `spr_tree` (
  `ID` int(11) NOT NULL,
  `TREE_NAME` varchar(256) NOT NULL,
  `DT_INSERTED` datetime DEFAULT CURRENT_TIMESTAMP,
  `DT_MODIFIED` datetime DEFAULT NULL ON UPDATE CURRENT_TIMESTAMP
) ENGINE=InnoDB DEFAULT CHARSET=utf8;

--
-- Дамп данных таблицы `spr_tree`
--

INSERT INTO `spr_tree` (`ID`, `TREE_NAME`, `DT_INSERTED`, `DT_MODIFIED`) VALUES
(1, 'Тестовое', '2019-01-16 23:16:39', '2019-04-07 23:57:38'),
(2, 'Выбор квартиры 60 вопросов', '2019-01-22 22:56:13', '2019-05-10 19:17:57'),
(3, 'Выбор квартиры 30 вопросов', '2019-02-11 23:22:32', '2019-05-10 19:18:10'),
(4, 'Выбор квартиры 30 вопросов Путилково', '2019-05-01 21:00:00', '2019-05-10 19:18:30'),
(5, 'Выбор квартиры 15 вопросов', '2019-05-10 19:17:30', NULL);

-- --------------------------------------------------------

--
-- Структура таблицы `user_trophy`
--

CREATE TABLE `user_trophy` (
  `ID` int(255) NOT NULL,
  `ID_USER` int(11) DEFAULT NULL,
  `ID_ACTION` int(11) DEFAULT NULL,
  `POSITION` int(11) DEFAULT NULL,
  `PROMO_CODE` varchar(255) DEFAULT NULL,
  `GET_GIFT` int(255) DEFAULT NULL,
  `DESIRE_1` varchar(255) DEFAULT NULL,
  `DESIRE_2` varchar(255) DEFAULT NULL,
  `DESIRE_3` varchar(255) DEFAULT NULL,
  `DESIRE_4` varchar(255) DEFAULT NULL,
  `DESIRE_5` varchar(255) DEFAULT NULL,
  `DT_INSERTED` datetime NOT NULL DEFAULT CURRENT_TIMESTAMP,
  `DT_MODIFED` datetime NOT NULL DEFAULT '0000-00-00 00:00:00' ON UPDATE CURRENT_TIMESTAMP
) ENGINE=InnoDB DEFAULT CHARSET=utf8;

--
-- Дамп данных таблицы `user_trophy`
--

INSERT INTO `user_trophy` (`ID`, `ID_USER`, `ID_ACTION`, `POSITION`, `PROMO_CODE`, `GET_GIFT`, `DESIRE_1`, `DESIRE_2`, `DESIRE_3`, `DESIRE_4`, `DESIRE_5`, `DT_INSERTED`, `DT_MODIFED`) VALUES
(32, 1, 1, NULL, 'xxx777', 0, NULL, NULL, NULL, 'NULL', 'NULL', '2019-05-10 13:33:40', '2019-05-10 15:05:52'),
(33, 1, 2, NULL, NULL, 0, NULL, NULL, NULL, NULL, NULL, '2019-05-10 14:08:27', '2019-05-10 15:05:49'),
(34, 1, 3, NULL, NULL, 1, NULL, NULL, NULL, NULL, NULL, '2019-05-10 14:08:38', '2019-05-10 20:52:38'),
(35, 1, 4, NULL, NULL, 0, NULL, NULL, NULL, NULL, NULL, '2019-05-10 14:11:34', '2019-05-10 15:16:16'),
(37, 141, 4, NULL, '4_5cd5d87727e99', NULL, 'O', '0', 'NULL', 'NULL', 'NULL', '2019-05-10 23:10:53', '0000-00-00 00:00:00'),
(38, 144, 4, NULL, '4_5cd6b30531324', NULL, 'O', '0', 'NULL', 'NULL', 'NULL', '2019-05-11 15:27:09', '0000-00-00 00:00:00'),
(39, 148, 1, NULL, '1_5cd885b9ad4cd', NULL, 'O', '0', 'NULL', 'NULL', 'NULL', '2019-05-12 23:46:45', '0000-00-00 00:00:00');

-- --------------------------------------------------------

--
-- Структура таблицы `usr_answer`
--

CREATE TABLE `usr_answer` (
  `ID` int(11) NOT NULL,
  `ID_USER` int(11) NOT NULL,
  `ID_ACTION` int(11) DEFAULT NULL,
  `PLAY_KEY` varchar(255) DEFAULT NULL,
  `ID_QUESTION` int(11) NOT NULL,
  `ANSWER` varchar(255) DEFAULT NULL,
  `INFO` varchar(1024) DEFAULT NULL,
  `SCALE_VALUE` float DEFAULT NULL COMMENT 'значение шкалы',
  `IS_TRUE` tinyint(4) DEFAULT NULL,
  `DT_INSERTED` datetime DEFAULT CURRENT_TIMESTAMP,
  `DT_MODIFIED` datetime DEFAULT NULL ON UPDATE CURRENT_TIMESTAMP
) ENGINE=InnoDB DEFAULT CHARSET=utf8;

--
-- Дамп данных таблицы `usr_answer`
--

INSERT INTO `usr_answer` (`ID`, `ID_USER`, `ID_ACTION`, `PLAY_KEY`, `ID_QUESTION`, `ANSWER`, `INFO`, `SCALE_VALUE`, `IS_TRUE`, `DT_INSERTED`, `DT_MODIFIED`) VALUES
(1327, 141, 4, '5cd5a68c34d80', 9, '26', 'NULL', NULL, 1, '2019-05-10 22:52:16', NULL),
(1328, 141, 4, '5cd5a68c34d80', 12, '34', 'NULL', NULL, NULL, '2019-05-10 22:53:03', NULL),
(1329, 141, 4, '5cd5a68c34d80', 14, '38', 'NULL', NULL, NULL, '2019-05-10 22:53:08', NULL),
(1330, 141, 4, '5cd5a68c34d80', 21, '52', 'NULL', NULL, NULL, '2019-05-10 22:53:15', NULL),
(1331, 141, 4, '5cd5a68c34d80', 22, '54', 'NULL', NULL, NULL, '2019-05-10 22:53:25', NULL),
(1332, 141, 4, '5cd5a68c34d80', 12, '36', 'NULL', NULL, 1, '2019-05-10 22:53:33', NULL),
(1333, 141, 4, '5cd5a68c34d80', 14, '39', 'NULL', NULL, 1, '2019-05-10 22:53:37', NULL),
(1334, 141, 4, '5cd5a68c34d80', 21, '5', 'NULL', NULL, 1, '2019-05-10 22:53:43', NULL),
(1335, 141, 4, '5cd5a68c34d80', 22, '56', 'NULL', NULL, 1, '2019-05-10 22:53:53', NULL),
(1336, 141, 4, '5cd5a68c34d80', 28, '74', 'NULL', NULL, 1, '2019-05-10 22:54:15', NULL),
(1337, 141, 4, '5cd5a68c34d80', 35, '6', 'NULL', NULL, NULL, '2019-05-10 22:54:30', NULL),
(1338, 141, 4, '5cd5a68c34d80', 36, '95', 'NULL', NULL, 1, '2019-05-10 22:54:34', NULL),
(1339, 141, 4, '5cd5d87727e99', 9, '26', 'NULL', NULL, 1, '2019-05-10 23:01:00', NULL),
(1340, 141, 4, '5cd5d87727e99', 12, '36', 'NULL', NULL, 1, '2019-05-10 23:01:05', NULL),
(1341, 141, 4, '5cd5d87727e99', 14, '39', 'NULL', NULL, 1, '2019-05-10 23:01:10', NULL),
(1342, 141, 4, '5cd5d87727e99', 21, '5', 'NULL', NULL, 1, '2019-05-10 23:01:15', NULL),
(1343, 141, 4, '5cd5d87727e99', 22, '56', 'NULL', NULL, 1, '2019-05-10 23:01:19', NULL),
(1344, 141, 4, '5cd5d87727e99', 28, '73', 'NULL', NULL, NULL, '2019-05-10 23:01:32', NULL),
(1345, 141, 4, '5cd5d87727e99', 35, '94', 'NULL', NULL, 1, '2019-05-10 23:01:40', NULL),
(1346, 141, 4, '5cd5d87727e99', 36, '95', 'NULL', NULL, 1, '2019-05-10 23:01:53', NULL),
(1347, 141, 4, '5cd5d87727e99', 39, '98', 'NULL', NULL, NULL, '2019-05-10 23:02:23', NULL),
(1348, 141, 4, '5cd5d87727e99', 42, '105', 'NULL', NULL, 1, '2019-05-10 23:02:38', NULL),
(1349, 141, 4, '5cd5d87727e99', 28, '74', 'NULL', NULL, 1, '2019-05-10 23:02:47', NULL),
(1350, 141, 4, '5cd5d87727e99', 39, '5', 'NULL', NULL, 1, '2019-05-10 23:02:53', NULL),
(1351, 141, 4, '5cd5d87727e99', 51, '124', 'NULL', NULL, NULL, '2019-05-10 23:02:59', NULL),
(1352, 141, 4, '5cd5d87727e99', 54, '135', 'NULL', NULL, 1, '2019-05-10 23:03:04', NULL),
(1353, 141, 4, '5cd5d87727e99', 56, '152, 147, 143', 'NULL', NULL, 1, '2019-05-10 23:03:18', NULL),
(1354, 141, 4, '5cd5d87727e99', 61, '175', 'NULL', NULL, 1, '2019-05-10 23:03:25', NULL),
(1355, 141, 4, '5cd5d87727e99', 62, '178', 'NULL', NULL, 1, '2019-05-10 23:03:31', NULL),
(1356, 141, 4, '5cd5d87727e99', 51, '126, 125, 124', 'NULL', NULL, 1, '2019-05-10 23:03:39', NULL),
(1357, 141, 4, '5cd5dacfb17c8', 9, '26', 'NULL', NULL, 1, '2019-05-10 23:13:48', NULL),
(1358, 141, 4, '5cd5dacfb17c8', 12, '36', 'NULL', NULL, 1, '2019-05-10 23:13:57', NULL),
(1359, 141, 4, '5cd5dacfb17c8', 14, '39', 'NULL', NULL, 1, '2019-05-10 23:13:59', NULL),
(1360, 141, 4, '5cd5dacfb17c8', 21, '5', 'NULL', NULL, 1, '2019-05-10 23:14:22', NULL),
(1361, 141, 4, '5cd5dacfb17c8', 22, '56', 'NULL', NULL, 1, '2019-05-10 23:14:27', NULL),
(1362, 141, 4, '5cd5dacfb17c8', 28, '75', 'NULL', NULL, NULL, '2019-05-10 23:14:40', NULL),
(1363, 141, 4, '5cd5dacfb17c8', 35, '94', 'NULL', NULL, 1, '2019-05-10 23:14:46', NULL),
(1364, 141, 4, '5cd5dacfb17c8', 36, '5', 'NULL', NULL, 1, '2019-05-10 23:14:55', NULL),
(1365, 142, 3, '5cd666442ab61', 1, '1', 'NULL', NULL, NULL, '2019-05-11 09:06:05', NULL),
(1366, 142, 3, '5cd666442ab61', 2, '6', 'NULL', NULL, 1, '2019-05-11 09:06:10', NULL),
(1367, 142, 3, '5cd666442ab61', 3, '11', 'NULL', NULL, 1, '2019-05-11 09:06:25', NULL),
(1368, 142, 3, '5cd666442ab61', 1, '4', 'NULL', NULL, NULL, '2019-05-11 09:06:36', NULL),
(1369, 142, 3, '5cd666442ab61', 1, '4', 'NULL', NULL, NULL, '2019-05-11 09:06:44', NULL),
(1370, 142, 3, '5cd666442ab61', 1, '4, 1', 'NULL', NULL, 1, '2019-05-11 09:07:06', NULL),
(1371, 142, 3, '5cd666442ab61', 4, '5', 'NULL', NULL, NULL, '2019-05-11 09:07:12', NULL),
(1372, 142, 3, '5cd666442ab61', 5, '13', 'NULL', NULL, NULL, '2019-05-11 09:07:15', NULL),
(1373, 142, 3, '5cd666442ab61', 4, '5', 'NULL', NULL, NULL, '2019-05-11 09:07:22', NULL),
(1374, 142, 3, '5cd666442ab61', 4, '5', 'NULL', NULL, NULL, '2019-05-11 09:08:27', NULL),
(1375, 142, 3, '5cd6673f69f30', 1, '4', 'NULL', NULL, NULL, '2019-05-11 09:10:14', NULL),
(1376, 142, 3, '5cd6673f69f30', 2, '5', 'NULL', NULL, NULL, '2019-05-11 09:10:24', NULL),
(1377, 142, 3, '5cd6673f69f30', 3, '11', 'NULL', NULL, 1, '2019-05-11 09:10:28', NULL),
(1378, 142, 3, '5cd6673f69f30', 1, '4', 'NULL', NULL, NULL, '2019-05-11 09:10:42', NULL),
(1379, 142, 3, '5cd6673f69f30', 1, '4', 'NULL', NULL, NULL, '2019-05-11 09:10:46', NULL),
(1380, 142, 3, '5cd6673f69f30', 1, '1, 4', 'NULL', NULL, 1, '2019-05-11 09:10:50', NULL),
(1381, 142, 3, '5cd6673f69f30', 2, '5', 'NULL', NULL, NULL, '2019-05-11 09:10:56', NULL),
(1382, 142, 3, '5cd6673f69f30', 2, '6', 'NULL', NULL, 1, '2019-05-11 09:11:02', NULL),
(1383, 142, 3, '5cd6673f69f30', 4, '5', 'NULL', NULL, NULL, '2019-05-11 09:11:10', NULL),
(1384, 142, 3, '5cd6673f69f30', 5, '13, 12', 'NULL', NULL, 1, '2019-05-11 09:11:13', NULL),
(1385, 142, 3, '5cd6673f69f30', 4, '5', 'NULL', NULL, NULL, '2019-05-11 09:11:18', NULL),
(1386, 142, 3, '5cd667968b607', 1, '1, 4', 'NULL', NULL, 1, '2019-05-11 09:11:47', NULL),
(1387, 142, 3, '5cd667968b607', 2, '6', 'NULL', NULL, 1, '2019-05-11 09:12:05', NULL),
(1388, 142, 3, '5cd667968b607', 3, '11', 'NULL', NULL, 1, '2019-05-11 09:12:09', NULL),
(1389, 142, 3, '5cd667968b607', 4, '6', 'NULL', NULL, 1, '2019-05-11 09:12:17', NULL),
(1390, 142, 3, '5cd667968b607', 5, '13', 'NULL', NULL, NULL, '2019-05-11 09:12:20', NULL),
(1391, 142, 3, '5cd667968b607', 5, '12', 'NULL', NULL, NULL, '2019-05-11 09:12:23', NULL),
(1392, 142, 3, '5cd667968b607', 5, '13', 'NULL', NULL, NULL, '2019-05-11 09:12:28', NULL),
(1393, 142, 3, '5cd667968b607', 5, '13', 'NULL', NULL, NULL, '2019-05-11 09:12:31', NULL),
(1394, 142, 3, '5cd667968b607', 5, '13', 'NULL', NULL, NULL, '2019-05-11 09:12:35', NULL),
(1395, 142, 3, '5cd667968b607', 5, '13, 12', 'NULL', NULL, 1, '2019-05-11 09:12:43', NULL),
(1396, 142, 3, '5cd667968b607', 6, '16', 'NULL', NULL, NULL, '2019-05-11 09:12:51', NULL),
(1397, 142, 3, '5cd667968b607', 7, '18', 'NULL', NULL, NULL, '2019-05-11 09:13:04', NULL),
(1398, 142, 3, '5cd667968b607', 6, '17', 'NULL', NULL, NULL, '2019-05-11 09:13:09', NULL),
(1399, 143, 4, '5cd669d05b722', 9, '26', 'NULL', NULL, 1, '2019-05-11 09:21:19', NULL),
(1400, 143, 4, '5cd669d05b722', 12, '33', 'NULL', NULL, NULL, '2019-05-11 09:21:22', NULL),
(1401, 143, 4, '5cd669d05b722', 14, '39', 'NULL', NULL, 1, '2019-05-11 09:21:25', NULL),
(1402, 143, 4, '5cd669d05b722', 21, '53', 'NULL', NULL, NULL, '2019-05-11 09:21:31', NULL),
(1403, 143, 4, '5cd669d05b722', 22, '56', 'NULL', NULL, 1, '2019-05-11 09:21:35', NULL),
(1404, 143, 4, '5cd669d05b722', 12, '34', 'NULL', NULL, NULL, '2019-05-11 09:21:45', NULL),
(1405, 143, 4, '5cd669d05b722', 21, '52', 'NULL', NULL, NULL, '2019-05-11 09:21:52', NULL),
(1406, 143, 4, '5cd669d05b722', 12, '36', 'NULL', NULL, 1, '2019-05-11 09:22:31', NULL),
(1407, 143, 4, '5cd669d05b722', 21, '52', 'NULL', NULL, NULL, '2019-05-11 09:22:36', NULL),
(1408, 143, 4, '5cd669d05b722', 21, '5', 'NULL', NULL, 1, '2019-05-11 09:23:50', NULL),
(1409, 143, 4, '5cd669d05b722', 28, '73', 'NULL', NULL, NULL, '2019-05-11 09:23:56', NULL),
(1410, 143, 4, '5cd669d05b722', 35, '94', 'NULL', NULL, 1, '2019-05-11 09:24:04', NULL),
(1411, 143, 4, '5cd669d05b722', 36, '5', 'NULL', NULL, 1, '2019-05-11 09:24:40', NULL),
(1412, 143, 4, '5cd669d05b722', 39, '99', 'NULL', NULL, NULL, '2019-05-11 09:24:45', NULL),
(1413, 143, 4, '5cd669d05b722', 42, '106', 'NULL', NULL, NULL, '2019-05-11 09:24:49', NULL),
(1414, 143, 4, '5cd669d05b722', 28, '73', 'NULL', NULL, NULL, '2019-05-11 09:24:56', NULL),
(1415, 143, 4, '5cd669d05b722', 39, '99', 'NULL', NULL, NULL, '2019-05-11 09:25:02', NULL),
(1416, 143, 4, '5cd669d05b722', 42, '105', 'NULL', NULL, 1, '2019-05-11 09:25:08', NULL),
(1417, 143, 4, '5cd669d05b722', 28, '74', 'NULL', NULL, 1, '2019-05-11 09:25:27', NULL),
(1418, 143, 4, '5cd669d05b722', 39, '99', 'NULL', NULL, NULL, '2019-05-11 09:25:38', NULL),
(1419, 143, 4, '5cd669d05b722', 39, '5', 'NULL', NULL, 1, '2019-05-11 09:29:41', NULL),
(1420, 143, 4, '5cd669d05b722', 51, '126, 125, 124', 'NULL', NULL, 1, '2019-05-11 09:30:05', NULL),
(1421, 143, 4, '5cd669d05b722', 54, '135', 'NULL', NULL, 1, '2019-05-11 09:30:08', NULL),
(1422, 143, 4, '5cd669d05b722', 56, '143, 152, 147', 'NULL', NULL, 1, '2019-05-11 09:30:21', NULL),
(1423, 143, 4, '5cd669d05b722', 61, '175', 'NULL', NULL, 1, '2019-05-11 09:30:29', NULL),
(1424, 143, 4, '5cd669d05b722', 62, '178', 'NULL', NULL, 1, '2019-05-11 09:30:34', NULL),
(1425, 143, 4, '5cd66d78ab90f', 9, '25', 'NULL', NULL, NULL, '2019-05-11 09:36:59', NULL),
(1426, 143, 4, '5cd66d78ab90f', 12, '36', 'NULL', NULL, 1, '2019-05-11 09:37:20', NULL),
(1427, 143, 4, '5cd66d78ab90f', 14, '38', 'NULL', NULL, NULL, '2019-05-11 09:37:32', NULL),
(1428, 143, 4, '5cd66d78ab90f', 21, '5', 'NULL', NULL, 1, '2019-05-11 09:37:36', NULL),
(1429, 143, 4, '5cd66d78ab90f', 22, '54', 'NULL', NULL, NULL, '2019-05-11 09:37:42', NULL),
(1430, 143, 4, '5cd66d78ab90f', 9, '28', 'NULL', NULL, NULL, '2019-05-11 09:37:50', NULL),
(1431, 143, 4, '5cd66d78ab90f', 9, '26', 'NULL', NULL, 1, '2019-05-11 09:38:02', NULL),
(1432, 143, 4, '5cd66d78ab90f', 14, '38', 'NULL', NULL, NULL, '2019-05-11 09:38:10', NULL),
(1433, 143, 4, '5cd66d78ab90f', 14, '39', 'NULL', NULL, 1, '2019-05-11 09:38:14', NULL),
(1434, 143, 4, '5cd66d78ab90f', 22, '54', 'NULL', NULL, NULL, '2019-05-11 09:38:23', NULL),
(1435, 143, 4, '5cd66d78ab90f', 22, '56', 'NULL', NULL, 1, '2019-05-11 09:38:37', NULL),
(1436, 143, 4, '5cd66d78ab90f', 28, '73', 'NULL', NULL, NULL, '2019-05-11 09:38:54', NULL),
(1437, 143, 4, '5cd66d78ab90f', 35, '6', 'NULL', NULL, NULL, '2019-05-11 09:39:01', NULL),
(1438, 143, 4, '5cd66d78ab90f', 36, '95', 'NULL', NULL, NULL, '2019-05-11 09:39:32', NULL),
(1439, 143, 4, '5cd66d78ab90f', 39, '5', 'NULL', NULL, 1, '2019-05-11 09:39:38', NULL),
(1440, 143, 4, '5cd66d78ab90f', 42, '106', 'NULL', NULL, NULL, '2019-05-11 09:39:44', NULL),
(1441, 143, 4, '5cd66d78ab90f', 28, '75', 'NULL', NULL, NULL, '2019-05-11 09:39:54', NULL),
(1442, 143, 4, '5cd66d78ab90f', 28, '73', 'NULL', NULL, NULL, '2019-05-11 09:41:08', NULL),
(1443, 143, 4, '5cd66d78ab90f', 28, '74', 'NULL', NULL, 1, '2019-05-11 09:42:11', NULL),
(1444, 143, 4, '5cd66d78ab90f', 35, '6', 'NULL', NULL, NULL, '2019-05-11 09:42:23', NULL),
(1445, 143, 4, '5cd66d78ab90f', 35, '94', 'NULL', NULL, 1, '2019-05-11 09:42:28', NULL),
(1446, 143, 4, '5cd66d78ab90f', 36, '5', 'NULL', NULL, 1, '2019-05-11 09:42:48', NULL),
(1447, 143, 4, '5cd66d78ab90f', 42, '105', 'NULL', NULL, 1, '2019-05-11 09:42:59', NULL),
(1448, 143, 4, '5cd66d78ab90f', 51, '124', 'NULL', NULL, NULL, '2019-05-11 09:46:38', NULL),
(1449, 143, 4, '5cd66d78ab90f', 54, '137', 'NULL', NULL, NULL, '2019-05-11 09:46:43', NULL),
(1450, 143, 4, '5cd66d78ab90f', 56, '147, 143, 152', 'NULL', NULL, 1, '2019-05-11 09:47:07', NULL),
(1451, 143, 4, '5cd66d78ab90f', 61, '175', 'NULL', NULL, 1, '2019-05-11 09:47:22', NULL),
(1452, 143, 4, '5cd66d78ab90f', 62, '178', 'NULL', NULL, 1, '2019-05-11 09:47:29', NULL),
(1453, 143, 4, '5cd66d78ab90f', 51, '124', 'NULL', NULL, NULL, '2019-05-11 09:47:43', NULL),
(1454, 143, 4, '5cd66d78ab90f', 51, '125', 'NULL', NULL, NULL, '2019-05-11 09:52:54', NULL),
(1455, 143, 4, '5cd66d78ab90f', 54, '135', 'NULL', NULL, 1, '2019-05-11 09:53:04', NULL),
(1456, 143, 4, '5cd66d78ab90f', 51, '124', 'NULL', NULL, NULL, '2019-05-11 09:53:27', NULL),
(1457, 143, 4, '5cd66d78ab90f', 51, '127, 125, 126', 'NULL', NULL, NULL, '2019-05-11 09:53:34', NULL),
(1458, 143, 4, '5cd66d78ab90f', 51, '126, 125, 124', 'NULL', NULL, 1, '2019-05-11 09:53:42', NULL),
(1459, 143, 4, '5cd67181d2373', 9, '26', 'NULL', NULL, 1, '2019-05-11 09:54:03', NULL),
(1460, 143, 4, '5cd67181d2373', 12, '33', 'NULL', NULL, NULL, '2019-05-11 09:54:06', NULL),
(1461, 143, 4, '5cd67181d2373', 14, '38', 'NULL', NULL, NULL, '2019-05-11 09:54:10', NULL),
(1462, 143, 4, '5cd67181d2373', 21, '5', 'NULL', NULL, 1, '2019-05-11 09:54:15', NULL),
(1463, 143, 4, '5cd67181d2373', 22, '56', 'NULL', NULL, 1, '2019-05-11 09:54:20', NULL),
(1464, 143, 4, '5cd67181d2373', 12, '34', 'NULL', NULL, NULL, '2019-05-11 09:54:28', NULL),
(1465, 143, 4, '5cd67181d2373', 14, '38', 'NULL', NULL, NULL, '2019-05-11 09:54:33', NULL),
(1466, 143, 4, '5cd67181d2373', 12, '36', 'NULL', NULL, 1, '2019-05-11 09:55:39', NULL),
(1467, 143, 4, '5cd67181d2373', 14, '38', 'NULL', NULL, NULL, '2019-05-11 09:55:44', NULL),
(1468, 143, 4, '5cd67181d2373', 14, '39', 'NULL', NULL, 1, '2019-05-11 09:55:50', NULL),
(1469, 143, 4, '5cd67181d2373', 28, '75', 'NULL', NULL, NULL, '2019-05-11 09:56:35', NULL),
(1470, 143, 4, '5cd67181d2373', 35, '6', 'NULL', NULL, NULL, '2019-05-11 09:56:40', NULL),
(1471, 143, 4, '5cd67181d2373', 36, '5', 'NULL', NULL, 1, '2019-05-11 09:56:45', NULL),
(1472, 143, 4, '5cd67181d2373', 39, '5', 'NULL', NULL, 1, '2019-05-11 09:56:51', NULL),
(1473, 143, 4, '5cd67181d2373', 42, '106', 'NULL', NULL, NULL, '2019-05-11 09:56:56', NULL),
(1474, 143, 4, '5cd67181d2373', 28, '73', 'NULL', NULL, NULL, '2019-05-11 09:57:09', NULL),
(1475, 143, 4, '5cd67181d2373', 35, '94', 'NULL', NULL, 1, '2019-05-11 09:57:14', NULL),
(1476, 143, 4, '5cd67181d2373', 42, '106', 'NULL', NULL, NULL, '2019-05-11 09:57:22', NULL),
(1477, 143, 4, '5cd67181d2373', 28, '74', 'NULL', NULL, 1, '2019-05-11 09:57:29', NULL),
(1478, 143, 4, '5cd67181d2373', 42, '105', 'NULL', NULL, 1, '2019-05-11 09:57:34', NULL),
(1479, 143, 4, '5cd67181d2373', 51, '124', 'NULL', NULL, NULL, '2019-05-11 10:25:33', NULL),
(1480, 144, 4, '5cd6b30531324', 9, '26', 'NULL', NULL, 1, '2019-05-11 14:33:46', NULL),
(1481, 144, 4, '5cd6b30531324', 12, '34', 'NULL', NULL, NULL, '2019-05-11 14:33:54', NULL),
(1482, 144, 4, '5cd6b30531324', 14, '38', 'NULL', NULL, NULL, '2019-05-11 14:34:03', NULL),
(1483, 144, 4, '5cd6b30531324', 21, '5', 'NULL', NULL, 1, '2019-05-11 14:34:08', NULL),
(1484, 144, 4, '5cd6b30531324', 22, '56', 'NULL', NULL, 1, '2019-05-11 14:34:14', NULL),
(1485, 144, 4, '5cd6b30531324', 12, '36', 'NULL', NULL, 1, '2019-05-11 14:34:21', NULL),
(1486, 144, 4, '5cd6b30531324', 14, '38', 'NULL', NULL, NULL, '2019-05-11 14:34:25', NULL),
(1487, 144, 4, '5cd6b30531324', 14, '38', 'NULL', NULL, NULL, '2019-05-11 14:34:45', NULL),
(1488, 144, 4, '5cd6b30531324', 14, '39', 'NULL', NULL, 1, '2019-05-11 14:34:49', NULL),
(1489, 144, 4, '5cd6b30531324', 28, '73', 'NULL', NULL, NULL, '2019-05-11 14:35:09', NULL),
(1490, 144, 4, '5cd6b30531324', 35, '6', 'NULL', NULL, NULL, '2019-05-11 14:35:16', NULL),
(1491, 144, 4, '5cd6b30531324', 36, '5', 'NULL', NULL, 1, '2019-05-11 14:35:20', NULL),
(1492, 144, 4, '5cd6b30531324', 39, '5', 'NULL', NULL, 1, '2019-05-11 14:35:27', NULL),
(1493, 144, 4, '5cd6b30531324', 42, '105', 'NULL', NULL, 1, '2019-05-11 14:35:36', NULL),
(1494, 144, 4, '5cd6b30531324', 28, '75', 'NULL', NULL, NULL, '2019-05-11 14:35:46', NULL),
(1495, 144, 4, '5cd6b30531324', 28, '74', 'NULL', NULL, 1, '2019-05-11 14:39:30', NULL),
(1496, 144, 4, '5cd6b30531324', 35, '6', 'NULL', NULL, NULL, '2019-05-11 14:39:35', NULL),
(1497, 144, 4, '5cd6b30531324', 35, '6', 'NULL', NULL, NULL, '2019-05-11 14:39:47', NULL),
(1498, 144, 4, '5cd6b30531324', 35, '94', 'NULL', NULL, 1, '2019-05-11 14:39:52', NULL),
(1499, 144, 4, '5cd6b30531324', 51, '124, 126, 125', 'NULL', NULL, 1, '2019-05-11 14:40:05', NULL),
(1500, 144, 4, '5cd6b30531324', 54, '135', 'NULL', NULL, 1, '2019-05-11 14:40:23', NULL),
(1501, 144, 4, '5cd6b30531324', 56, '144, 152, 147', 'NULL', NULL, NULL, '2019-05-11 14:40:38', NULL),
(1502, 144, 4, '5cd6b30531324', 61, '175', 'NULL', NULL, 1, '2019-05-11 14:40:47', NULL),
(1503, 144, 4, '5cd6b30531324', 62, '178', 'NULL', NULL, 1, '2019-05-11 14:40:51', NULL),
(1504, 144, 4, '5cd6b30531324', 56, '152', 'NULL', NULL, NULL, '2019-05-11 14:41:03', NULL),
(1505, 144, 4, '5cd6b30531324', 56, '143, 152, 147', 'NULL', NULL, 1, '2019-05-11 14:41:51', NULL),
(1506, 144, 4, '5cd6bfa05c863', 9, '26', 'NULL', NULL, 1, '2019-05-11 15:32:20', NULL),
(1507, 144, 4, '5cd6bfa05c863', 12, '36', 'NULL', NULL, 1, '2019-05-11 15:32:25', NULL),
(1508, 144, 4, '5cd6bfa05c863', 14, '39', 'NULL', NULL, 1, '2019-05-11 15:32:28', NULL),
(1509, 144, 4, '5cd6bfa05c863', 21, '5', 'NULL', NULL, 1, '2019-05-11 15:32:32', NULL),
(1510, 144, 4, '5cd6bfa05c863', 22, '56', 'NULL', NULL, 1, '2019-05-11 15:32:36', NULL),
(1511, 144, 4, '5cd6bfa05c863', 28, '73', 'NULL', NULL, NULL, '2019-05-11 15:32:40', NULL),
(1512, 144, 4, '5cd6bfa05c863', 35, '6', 'NULL', NULL, NULL, '2019-05-11 15:32:48', NULL),
(1513, 144, 4, '5cd6bfa05c863', 36, '5', 'NULL', NULL, 1, '2019-05-11 15:32:52', NULL),
(1514, 144, 4, '5cd6bfa05c863', 39, '5', 'NULL', NULL, 1, '2019-05-11 15:32:58', NULL),
(1515, 144, 4, '5cd6bfa05c863', 42, '105', 'NULL', NULL, 1, '2019-05-11 15:33:04', NULL),
(1516, 144, 4, '5cd6bfa05c863', 28, '73', 'NULL', NULL, NULL, '2019-05-11 15:33:23', NULL),
(1517, 144, 4, '5cd6bfa05c863', 28, '74', 'NULL', NULL, 1, '2019-05-11 15:34:45', NULL),
(1518, 144, 4, '5cd6bfa05c863', 35, '5', 'NULL', NULL, NULL, '2019-05-11 15:34:52', NULL),
(1519, 144, 4, '5cd6bfa05c863', 35, '94', 'NULL', NULL, 1, '2019-05-11 15:35:40', NULL),
(1520, 144, 4, '5cd6bfa05c863', 51, '126, 125, 124', 'NULL', NULL, 1, '2019-05-11 15:35:57', NULL),
(1521, 144, 4, '5cd6bfa05c863', 54, '136', 'NULL', NULL, NULL, '2019-05-11 15:36:04', NULL),
(1522, 144, 4, '5cd6bfa05c863', 56, '142', 'NULL', NULL, NULL, '2019-05-11 15:36:09', NULL),
(1523, 144, 4, '5cd6bfa05c863', 61, '175', 'NULL', NULL, 1, '2019-05-11 15:41:43', NULL),
(1524, 144, 4, '5cd6bfa05c863', 62, '177', 'NULL', NULL, NULL, '2019-05-11 15:41:51', NULL),
(1525, 144, 4, '5cd6c3784f493', 9, '26', 'NULL', NULL, 1, '2019-05-11 15:44:10', NULL),
(1526, 144, 4, '5cd6c3784f493', 12, '33', 'NULL', NULL, NULL, '2019-05-11 15:44:24', NULL),
(1527, 144, 4, '5cd6c3784f493', 14, '40', 'NULL', NULL, NULL, '2019-05-11 15:44:27', NULL),
(1528, 144, 4, '5cd6c3784f493', 21, '52', 'NULL', NULL, NULL, '2019-05-11 15:44:33', NULL),
(1529, 144, 4, '5cd6c3784f493', 22, '54', 'NULL', NULL, NULL, '2019-05-11 15:44:37', NULL),
(1530, 144, 4, '5cd6c3784f493', 12, '36', 'NULL', NULL, 1, '2019-05-11 15:44:48', NULL),
(1531, 144, 4, '5cd6c3784f493', 14, '38', 'NULL', NULL, NULL, '2019-05-11 15:44:51', NULL),
(1532, 144, 4, '5cd6c3784f493', 21, '53', 'NULL', NULL, NULL, '2019-05-11 15:44:55', NULL),
(1533, 144, 4, '5cd6c3784f493', 22, '56', 'NULL', NULL, 1, '2019-05-11 15:44:58', NULL),
(1534, 144, 4, '5cd6c3784f493', 14, '39', 'NULL', NULL, 1, '2019-05-11 15:47:11', NULL),
(1535, 144, 4, '5cd6c3784f493', 21, '52', 'NULL', NULL, NULL, '2019-05-11 15:47:21', NULL),
(1536, 144, 4, '5cd6c3784f493', 21, '5', 'NULL', NULL, 1, '2019-05-11 15:48:32', NULL),
(1537, 144, 4, '5cd6c3784f493', 28, '73', 'NULL', NULL, NULL, '2019-05-11 15:48:38', NULL),
(1538, 144, 4, '5cd6c3784f493', 35, '94', 'NULL', NULL, 1, '2019-05-11 15:48:46', NULL),
(1539, 144, 4, '5cd6c3784f493', 36, '5', 'NULL', NULL, 1, '2019-05-11 15:48:49', NULL),
(1540, 144, 4, '5cd6c3784f493', 39, '5', 'NULL', NULL, 1, '2019-05-11 15:48:54', NULL),
(1541, 144, 4, '5cd6c3784f493', 42, '105', 'NULL', NULL, 1, '2019-05-11 15:49:05', NULL),
(1542, 144, 4, '5cd6c3784f493', 28, '73', 'NULL', NULL, NULL, '2019-05-11 15:49:29', NULL),
(1543, 144, 4, '5cd6c3784f493', 28, '73', 'NULL', NULL, NULL, '2019-05-11 15:50:02', NULL),
(1544, 144, 4, '5cd6c3784f493', 28, '74', 'NULL', NULL, 1, '2019-05-11 16:05:30', NULL),
(1545, 144, 4, '5cd6c3784f493', 51, '126, 124, 125', 'NULL', NULL, 1, '2019-05-11 16:05:48', NULL),
(1546, 144, 4, '5cd6c3784f493', 54, '137', 'NULL', NULL, NULL, '2019-05-11 16:05:52', NULL),
(1547, 144, 4, '5cd6c3784f493', 56, '140', 'NULL', NULL, NULL, '2019-05-11 16:05:57', NULL),
(1548, 144, 4, '5cd6c3784f493', 61, '175', 'NULL', NULL, 1, '2019-05-11 16:06:03', NULL),
(1549, 144, 4, '5cd6c3784f493', 62, '178', 'NULL', NULL, 1, '2019-05-11 16:06:06', NULL),
(1550, 144, 4, '5cd6c3784f493', 54, '138', 'NULL', NULL, NULL, '2019-05-11 16:06:14', NULL),
(1551, 144, 4, '5cd6c3784f493', 54, '135', 'NULL', NULL, 1, '2019-05-11 16:06:26', NULL),
(1552, 144, 4, '5cd6c3784f493', 56, '143', 'NULL', NULL, NULL, '2019-05-11 16:06:34', NULL),
(1553, 145, 4, '5cd6cbc3dfbc8', 9, '26', 'NULL', NULL, 1, '2019-05-11 16:19:10', NULL),
(1554, 145, 4, '5cd6cbc3dfbc8', 12, '35', 'NULL', NULL, NULL, '2019-05-11 16:19:22', NULL),
(1555, 145, 4, '5cd6cbc3dfbc8', 14, '39', 'NULL', NULL, 1, '2019-05-11 16:19:31', NULL),
(1556, 145, 4, '5cd6cbc3dfbc8', 21, '53', 'NULL', NULL, NULL, '2019-05-11 16:19:40', NULL),
(1557, 145, 4, '5cd6cbc3dfbc8', 22, '56', 'NULL', NULL, 1, '2019-05-11 16:19:43', NULL),
(1558, 145, 4, '5cd6cbc3dfbc8', 12, '34', 'NULL', NULL, NULL, '2019-05-11 16:19:52', NULL),
(1559, 145, 4, '5cd6cbc3dfbc8', 12, '35', 'NULL', NULL, NULL, '2019-05-11 16:20:02', NULL),
(1560, 145, 4, '5cd6cbc3dfbc8', 12, '36', 'NULL', NULL, 1, '2019-05-11 16:20:06', NULL),
(1561, 145, 4, '5cd6cbc3dfbc8', 21, '53', 'NULL', NULL, NULL, '2019-05-11 16:20:15', NULL),
(1562, 145, 4, '5cd6cbc3dfbc8', 21, '5', 'NULL', NULL, 1, '2019-05-11 16:20:31', NULL),
(1563, 145, 4, '5cd6cbc3dfbc8', 28, '73', 'NULL', NULL, NULL, '2019-05-11 16:20:37', NULL),
(1564, 145, 4, '5cd6cbc3dfbc8', 35, '6', 'NULL', NULL, NULL, '2019-05-11 16:20:45', NULL),
(1565, 145, 4, '5cd6cbc3dfbc8', 36, '5', 'NULL', NULL, 1, '2019-05-11 16:20:50', NULL),
(1566, 145, 4, '5cd6cbc3dfbc8', 39, '99', 'NULL', NULL, NULL, '2019-05-11 16:20:57', NULL),
(1567, 145, 4, '5cd6cbc3dfbc8', 42, '106', 'NULL', NULL, NULL, '2019-05-11 16:21:19', NULL),
(1568, 145, 4, '5cd6cbc3dfbc8', 28, '75', 'NULL', NULL, NULL, '2019-05-11 16:21:30', NULL),
(1569, 145, 4, '5cd6cbc3dfbc8', 28, '75', 'NULL', NULL, NULL, '2019-05-11 16:21:39', NULL),
(1570, 145, 4, '5cd6cbc3dfbc8', 28, '74', 'NULL', NULL, 1, '2019-05-11 16:21:47', NULL),
(1571, 145, 4, '5cd6cbc3dfbc8', 35, '6', 'NULL', NULL, NULL, '2019-05-11 16:21:52', NULL),
(1572, 145, 4, '5cd6cbc3dfbc8', 35, '94', 'NULL', NULL, 1, '2019-05-11 16:21:57', NULL),
(1573, 145, 4, '5cd6cbc3dfbc8', 39, '5', 'NULL', NULL, 1, '2019-05-11 16:22:03', NULL),
(1574, 145, 4, '5cd6cbc3dfbc8', 42, '106', 'NULL', NULL, NULL, '2019-05-11 16:22:15', NULL),
(1575, 145, 4, '5cd6cbc3dfbc8', 42, '106', 'NULL', NULL, NULL, '2019-05-11 16:22:42', NULL),
(1576, 145, 4, '5cd6cbc3dfbc8', 42, '105', 'NULL', NULL, 1, '2019-05-11 16:23:28', NULL),
(1577, 145, 4, '5cd6cbc3dfbc8', 51, '125, 124, 126', 'NULL', NULL, 1, '2019-05-11 16:23:36', NULL),
(1578, 145, 4, '5cd6cbc3dfbc8', 54, '138', 'NULL', NULL, NULL, '2019-05-11 16:23:47', NULL),
(1579, 145, 4, '5cd6cbc3dfbc8', 56, '152, 143, 147', 'NULL', NULL, 1, '2019-05-11 16:24:02', NULL),
(1580, 145, 4, '5cd6cbc3dfbc8', 61, '6', 'NULL', NULL, NULL, '2019-05-11 16:24:08', NULL),
(1581, 145, 4, '5cd6cbc3dfbc8', 62, '178', 'NULL', NULL, 1, '2019-05-11 16:24:12', NULL),
(1582, 145, 4, '5cd6cbc3dfbc8', 54, '135', 'NULL', NULL, 1, '2019-05-11 16:24:19', NULL),
(1583, 145, 4, '5cd6cbc3dfbc8', 61, '6', 'NULL', NULL, NULL, '2019-05-11 16:24:24', NULL),
(1584, 145, 4, '5cd6cbc3dfbc8', 61, '175', 'NULL', NULL, 1, '2019-05-11 16:24:53', NULL),
(1585, 145, 4, '5cd6cd304774b', 9, '26', 'NULL', NULL, 1, '2019-05-11 16:25:22', NULL),
(1586, 145, 4, '5cd6cd304774b', 12, '34', 'NULL', NULL, NULL, '2019-05-11 16:25:25', NULL),
(1587, 145, 4, '5cd6cd304774b', 14, '38', 'NULL', NULL, NULL, '2019-05-11 16:25:30', NULL),
(1588, 145, 4, '5cd6cd304774b', 21, '52', 'NULL', NULL, NULL, '2019-05-11 16:25:34', NULL),
(1589, 145, 4, '5cd6cd304774b', 22, '56', 'NULL', NULL, 1, '2019-05-11 16:25:37', NULL),
(1590, 145, 4, '5cd6cd304774b', 12, '33', 'NULL', NULL, NULL, '2019-05-11 16:26:00', NULL),
(1591, 145, 4, '5cd6cd304774b', 14, '39', 'NULL', NULL, 1, '2019-05-11 16:26:03', NULL),
(1592, 145, 4, '5cd6cd304774b', 21, '52', 'NULL', NULL, NULL, '2019-05-11 16:26:07', NULL),
(1593, 145, 4, '5cd6cd304774b', 12, '36', 'NULL', NULL, 1, '2019-05-11 16:26:24', NULL),
(1594, 145, 4, '5cd6cd304774b', 21, '5', 'NULL', NULL, 1, '2019-05-11 16:26:37', NULL),
(1595, 145, 4, '5cd6cd304774b', 28, '73', 'NULL', NULL, NULL, '2019-05-11 16:26:42', NULL),
(1596, 145, 4, '5cd6cd304774b', 35, '5', 'NULL', NULL, NULL, '2019-05-11 16:26:52', NULL),
(1597, 145, 4, '5cd6cd304774b', 36, '5', 'NULL', NULL, 1, '2019-05-11 16:26:55', NULL),
(1598, 145, 4, '5cd6cd304774b', 39, '5', 'NULL', NULL, 1, '2019-05-11 16:27:02', NULL),
(1599, 145, 4, '5cd6cd304774b', 42, '106', 'NULL', NULL, NULL, '2019-05-11 16:27:07', NULL),
(1600, 145, 4, '5cd6cd304774b', 28, '73', 'NULL', NULL, NULL, '2019-05-11 16:27:22', NULL),
(1601, 145, 4, '5cd6cd304774b', 35, '94', 'NULL', NULL, 1, '2019-05-11 16:27:27', NULL),
(1602, 145, 4, '5cd6cd304774b', 42, '106', 'NULL', NULL, NULL, '2019-05-11 16:27:30', NULL),
(1603, 145, 4, '5cd6cd304774b', 28, '74', 'NULL', NULL, 1, '2019-05-11 16:28:09', NULL),
(1604, 145, 4, '5cd6cd304774b', 42, '106', 'NULL', NULL, NULL, '2019-05-11 16:28:14', NULL),
(1605, 145, 4, '5cd6cd304774b', 42, '105', 'NULL', NULL, 1, '2019-05-11 16:28:20', NULL),
(1606, 145, 4, '5cd6cd304774b', 51, '127', 'NULL', NULL, NULL, '2019-05-11 16:28:26', NULL),
(1607, 145, 4, '5cd6cd304774b', 54, '135', 'NULL', NULL, 1, '2019-05-11 16:28:31', NULL),
(1608, 145, 4, '5cd6cd304774b', 56, '147, 152, 143', 'NULL', NULL, 1, '2019-05-11 16:28:43', NULL),
(1609, 145, 4, '5cd6cd304774b', 61, '175', 'NULL', NULL, 1, '2019-05-11 16:28:50', NULL),
(1610, 145, 4, '5cd6cd304774b', 62, '177', 'NULL', NULL, NULL, '2019-05-11 16:28:54', NULL),
(1611, 145, 4, '5cd6cd304774b', 51, '125', 'NULL', NULL, NULL, '2019-05-11 16:29:00', NULL),
(1612, 145, 4, '5cd6cd304774b', 62, '179', 'NULL', NULL, NULL, '2019-05-11 16:29:04', NULL),
(1613, 145, 4, '5cd6cd304774b', 51, '125, 126, 124', 'NULL', NULL, 1, '2019-05-11 16:29:22', NULL),
(1614, 145, 4, '5cd6cd304774b', 62, '177', 'NULL', NULL, NULL, '2019-05-11 16:29:27', NULL),
(1615, 145, 4, '5cd6cd304774b', 62, '178', 'NULL', NULL, 1, '2019-05-11 16:29:31', NULL),
(1616, 145, 4, '5cd6cfbf2b9aa', 9, '26', 'NULL', NULL, 1, '2019-05-11 16:46:15', NULL),
(1617, 145, 4, '5cd6cfbf2b9aa', 12, '35', 'NULL', NULL, NULL, '2019-05-11 16:46:28', NULL),
(1618, 145, 4, '5cd6cfbf2b9aa', 14, '40', 'NULL', NULL, NULL, '2019-05-11 16:46:36', NULL),
(1619, 145, 4, '5cd6cfbf2b9aa', 21, '52', 'NULL', NULL, NULL, '2019-05-11 16:46:40', NULL),
(1620, 145, 4, '5cd6cfbf2b9aa', 22, '56', 'NULL', NULL, 1, '2019-05-11 16:46:56', NULL),
(1621, 146, 4, '5cd6d599b60a3', 9, '26', 'NULL', NULL, 1, '2019-05-11 17:01:10', NULL),
(1622, 146, 4, '5cd6d599b60a3', 12, '35', 'NULL', NULL, NULL, '2019-05-11 17:01:14', NULL),
(1623, 146, 4, '5cd6d599b60a3', 14, '38', 'NULL', NULL, NULL, '2019-05-11 17:01:17', NULL),
(1624, 146, 4, '5cd6d599b60a3', 21, '52', 'NULL', NULL, NULL, '2019-05-11 17:01:23', NULL),
(1625, 146, 4, '5cd6d599b60a3', 22, '56', 'NULL', NULL, 1, '2019-05-11 17:01:29', NULL),
(1626, 146, 4, '5cd6d599b60a3', 12, '35', 'NULL', NULL, NULL, '2019-05-11 17:01:45', NULL),
(1627, 146, 4, '5cd6d599b60a3', 14, '39', 'NULL', NULL, 1, '2019-05-11 17:01:49', NULL),
(1628, 146, 4, '5cd6d599b60a3', 21, '52', 'NULL', NULL, NULL, '2019-05-11 17:01:52', NULL),
(1629, 146, 4, '5cd6d599b60a3', 12, '36', 'NULL', NULL, 1, '2019-05-11 17:02:04', NULL),
(1630, 146, 4, '5cd6d599b60a3', 21, '53', 'NULL', NULL, NULL, '2019-05-11 17:02:09', NULL),
(1631, 146, 4, '5cd6d599b60a3', 21, '5', 'NULL', NULL, 1, '2019-05-11 17:02:14', NULL),
(1632, 146, 4, '5cd6d599b60a3', 28, '73', 'NULL', NULL, NULL, '2019-05-11 17:02:45', NULL),
(1633, 146, 4, '5cd6d599b60a3', 35, '6', 'NULL', NULL, NULL, '2019-05-11 17:03:02', NULL),
(1634, 146, 4, '5cd6d599b60a3', 36, '5', 'NULL', NULL, 1, '2019-05-11 17:03:06', NULL),
(1635, 146, 4, '5cd6d599b60a3', 39, '5', 'NULL', NULL, 1, '2019-05-11 17:03:12', NULL),
(1636, 146, 4, '5cd6d599b60a3', 42, '106', 'NULL', NULL, NULL, '2019-05-11 17:03:20', NULL),
(1637, 146, 4, '5cd6d599b60a3', 28, '75', 'NULL', NULL, NULL, '2019-05-11 17:03:31', NULL),
(1638, 146, 4, '5cd6d599b60a3', 35, '94', 'NULL', NULL, 1, '2019-05-11 17:03:38', NULL),
(1639, 146, 4, '5cd6d599b60a3', 42, '105', 'NULL', NULL, 1, '2019-05-11 17:03:44', NULL),
(1640, 146, 4, '5cd6d599b60a3', 28, '74', 'NULL', NULL, 1, '2019-05-11 17:03:59', NULL),
(1641, 146, 4, '5cd6d599b60a3', 51, '124', 'NULL', NULL, NULL, '2019-05-11 17:04:16', NULL),
(1642, 146, 4, '5cd6d599b60a3', 54, '135', 'NULL', NULL, 1, '2019-05-11 17:04:19', NULL),
(1643, 146, 4, '5cd6d599b60a3', 56, '143', 'NULL', NULL, NULL, '2019-05-11 17:04:24', NULL),
(1644, 146, 4, '5cd6d599b60a3', 61, '175', 'NULL', NULL, 1, '2019-05-11 17:04:33', NULL),
(1645, 146, 4, '5cd6d599b60a3', 62, '176', 'NULL', NULL, NULL, '2019-05-11 17:04:37', NULL),
(1646, 146, 4, '5cd6d599b60a3', 51, '124', 'NULL', NULL, NULL, '2019-05-11 17:07:38', NULL),
(1647, 146, 4, '5cd6d599b60a3', 56, '140', 'NULL', NULL, NULL, '2019-05-11 17:07:43', NULL),
(1648, 146, 4, '5cd6d599b60a3', 62, '176', 'NULL', NULL, NULL, '2019-05-11 17:07:54', NULL),
(1649, 146, 4, '5cd6d599b60a3', 51, '127', 'NULL', NULL, NULL, '2019-05-11 17:08:04', NULL),
(1650, 146, 4, '5cd6d599b60a3', 56, '152, 147, 143', 'NULL', NULL, 1, '2019-05-11 17:08:18', NULL),
(1651, 146, 4, '5cd6d599b60a3', 62, '176', 'NULL', NULL, NULL, '2019-05-11 17:08:23', NULL),
(1652, 146, 4, '5cd6d599b60a3', 51, '124, 126, 125', 'NULL', NULL, 1, '2019-05-11 17:08:32', NULL),
(1653, 146, 4, '5cd6d599b60a3', 62, '179', 'NULL', NULL, NULL, '2019-05-11 17:08:35', NULL),
(1654, 146, 4, '5cd6d599b60a3', 62, '178', 'NULL', NULL, 1, '2019-05-11 17:08:40', NULL),
(1655, 146, 4, '5cd6d7ff6c2fb', 9, '26', 'NULL', NULL, 1, '2019-05-12 11:10:37', NULL),
(1656, 146, 4, '5cd6d7ff6c2fb', 12, '36', 'NULL', NULL, 1, '2019-05-12 11:12:01', NULL),
(1657, 146, 4, '5cd6d7ff6c2fb', 14, '39', 'NULL', NULL, 1, '2019-05-12 11:12:07', NULL),
(1658, 146, 4, '5cd6d7ff6c2fb', 21, '52', 'NULL', NULL, NULL, '2019-05-12 11:12:12', NULL),
(1659, 146, 4, '5cd6d7ff6c2fb', 22, '54', 'NULL', NULL, NULL, '2019-05-12 11:12:21', NULL),
(1660, 146, 4, '5cd6d7ff6c2fb', 21, '52', 'NULL', NULL, NULL, '2019-05-12 11:12:42', NULL),
(1661, 146, 4, '5cd6d7ff6c2fb', 22, '56', 'NULL', NULL, 1, '2019-05-12 11:12:46', NULL),
(1662, 146, 4, '5cd6d7ff6c2fb', 21, '53', 'NULL', NULL, NULL, '2019-05-12 11:13:00', NULL),
(1663, 146, 4, '5cd6d7ff6c2fb', 21, '5', 'NULL', NULL, 1, '2019-05-12 11:13:05', NULL),
(1664, 146, 4, '5cd6d7ff6c2fb', 28, '75', 'NULL', NULL, NULL, '2019-05-12 11:13:27', NULL),
(1665, 146, 4, '5cd6d7ff6c2fb', 35, '94', 'NULL', NULL, 1, '2019-05-12 11:13:33', NULL),
(1666, 146, 4, '5cd6d7ff6c2fb', 36, '5', 'NULL', NULL, 1, '2019-05-12 11:13:45', NULL),
(1667, 146, 4, '5cd6d7ff6c2fb', 39, '98', 'NULL', NULL, NULL, '2019-05-12 11:13:50', NULL),
(1668, 146, 4, '5cd6d7ff6c2fb', 42, '105', 'NULL', NULL, 1, '2019-05-12 11:14:00', NULL),
(1669, 146, 4, '5cd6d7ff6c2fb', 28, '73', 'NULL', NULL, NULL, '2019-05-12 11:14:22', NULL),
(1670, 146, 4, '5cd6d7ff6c2fb', 39, '5', 'NULL', NULL, 1, '2019-05-12 11:14:28', NULL),
(1671, 146, 4, '5cd6d7ff6c2fb', 28, '74', 'NULL', NULL, 1, '2019-05-12 11:14:35', NULL),
(1672, 146, 4, '5cd6d7ff6c2fb', 51, '125, 126, 124', 'NULL', NULL, 1, '2019-05-12 11:15:58', NULL),
(1673, 146, 4, '5cd6d7ff6c2fb', 54, '135', 'NULL', NULL, 1, '2019-05-12 11:16:07', NULL),
(1674, 146, 4, '5cd6d7ff6c2fb', 56, '147, 143, 152', 'NULL', NULL, 1, '2019-05-12 11:16:20', NULL),
(1675, 146, 4, '5cd6d7ff6c2fb', 61, '175', 'NULL', NULL, 1, '2019-05-12 11:16:33', NULL),
(1676, 146, 4, '5cd6d7ff6c2fb', 62, '179', 'NULL', NULL, NULL, '2019-05-12 11:16:38', NULL),
(1677, 146, 4, '5cd6d7ff6c2fb', 62, '178', 'NULL', NULL, 1, '2019-05-12 11:16:43', NULL),
(1678, 146, 4, '5cd7d6770b00c', 9, '26', 'NULL', NULL, 1, '2019-05-12 11:17:07', NULL),
(1679, 146, 4, '5cd7d6770b00c', 12, '36', 'NULL', NULL, 1, '2019-05-12 11:17:11', NULL),
(1680, 146, 4, '5cd7d6770b00c', 14, '39', 'NULL', NULL, 1, '2019-05-12 11:17:17', NULL),
(1681, 146, 4, '5cd7d6770b00c', 21, '52', 'NULL', NULL, NULL, '2019-05-12 11:17:22', NULL),
(1682, 146, 4, '5cd7d6770b00c', 22, '56', 'NULL', NULL, 1, '2019-05-12 11:17:25', NULL),
(1683, 146, 4, '5cd7d6770b00c', 21, '52', 'NULL', NULL, NULL, '2019-05-12 11:17:34', NULL),
(1684, 146, 4, '5cd7d6770b00c', 21, '5', 'NULL', NULL, 1, '2019-05-12 11:17:38', NULL),
(1685, 146, 4, '5cd7d6770b00c', 28, '74', 'NULL', NULL, 1, '2019-05-12 11:24:21', NULL),
(1686, 147, 4, '5cd7d88506248', 9, '26', 'NULL', NULL, 1, '2019-05-12 11:26:08', NULL),
(1687, 147, 4, '5cd7d88506248', 12, '36', 'NULL', NULL, 1, '2019-05-12 11:26:15', NULL),
(1688, 147, 4, '5cd7d88506248', 14, '39', 'NULL', NULL, 1, '2019-05-12 11:26:20', NULL),
(1689, 148, 1, '5cd885b9ad4cd', 1, '4, 1', 'NULL', NULL, 1, '2019-05-12 23:44:58', NULL),
(1690, 148, 1, '5cd885b9ad4cd', 2, '6', 'NULL', NULL, 1, '2019-05-12 23:45:06', NULL),
(1691, 148, 1, '5cd885b9ad4cd', 3, '11', 'NULL', NULL, 1, '2019-05-12 23:45:13', NULL),
(1692, 148, 1, '5cd885b9ad4cd', 4, '6', 'NULL', NULL, 1, '2019-05-12 23:45:17', NULL),
(1693, 148, 1, '5cd885b9ad4cd', 5, '13', 'NULL', NULL, NULL, '2019-05-12 23:45:24', NULL),
(1694, 148, 1, '5cd885b9ad4cd', 5, '12, 13', 'NULL', NULL, 1, '2019-05-12 23:45:28', NULL),
(1695, 148, 1, '5cd885b9ad4cd', 6, '18', 'NULL', NULL, 1, '2019-05-12 23:45:34', NULL),
(1696, 148, 1, '5cd885b9ad4cd', 7, '19', 'NULL', NULL, 1, '2019-05-12 23:45:37', NULL),
(1697, 149, 3, '5cd887bce8efc', 9, '26', 'NULL', NULL, 1, '2019-05-13 00:06:13', NULL),
(1698, 149, 3, '5cd887bce8efc', 11, '5', 'NULL', NULL, 1, '2019-05-13 00:37:39', NULL),
(1699, 149, 3, '5cd887bce8efc', 12, '36', 'NULL', NULL, 1, '2019-05-13 00:38:24', NULL),
(1700, 149, 3, '5cd887bce8efc', 13, '5', 'NULL', NULL, 1, '2019-05-13 00:38:45', NULL),
(1701, 150, 3, '5cd9ca5117167', 9, '26', 'NULL', NULL, 1, '2019-05-14 23:10:35', NULL),
(1702, 150, 3, '5cdb217952fe8', 9, '26', 'NULL', NULL, 1, '2019-05-14 23:13:51', NULL),
(1703, 150, 3, '5cdb217952fe8', 11, '5', 'NULL', NULL, 1, '2019-05-14 23:14:34', NULL),
(1704, 150, 3, '5cdb217952fe8', 12, '35', 'NULL', NULL, 1, '2019-05-14 23:14:45', NULL),
(1705, 151, 1, '5cdb2278d07ea', 8, '21', 'NULL', NULL, 1, '2019-05-14 23:18:12', NULL),
(1706, 151, 1, '5cdb2278d07ea', 9, '26', 'NULL', NULL, 1, '2019-05-14 23:18:30', NULL),
(1707, 151, 1, '5cdb2278d07ea', 10, '31', 'NULL', NULL, 1, '2019-05-14 23:18:42', NULL),
(1708, 151, 1, '5cdb2278d07ea', 11, '5', 'NULL', NULL, 1, '2019-05-14 23:18:50', NULL),
(1709, 151, 1, '5cdb2278d07ea', 12, '35', 'NULL', NULL, 1, '2019-05-14 23:19:00', NULL);

-- --------------------------------------------------------

--
-- Структура таблицы `usr_login`
--

CREATE TABLE `usr_login` (
  `ID_USER` int(11) NOT NULL,
  `IP_USER` varchar(255) DEFAULT NULL COMMENT 'технический идентифкатор неавторизованного юзера',
  `LOGIN` varchar(255) DEFAULT NULL,
  `MAIL` varchar(255) DEFAULT NULL,
  `ROLE` varchar(255) DEFAULT NULL,
  `FIO` varchar(255) DEFAULT NULL,
  `PASS` varchar(255) DEFAULT NULL,
  `LAST_SESSION_ID` varchar(255) DEFAULT NULL,
  `LAST_SESSION_DT` datetime DEFAULT NULL,
  `LAST_SESSION_DEVICE` varchar(255) DEFAULT NULL,
  `LAST_SESSION_GPS` varchar(255) DEFAULT NULL,
  `DT_INSERTED` datetime DEFAULT CURRENT_TIMESTAMP,
  `DT_MODIFIED` datetime DEFAULT NULL ON UPDATE CURRENT_TIMESTAMP
) ENGINE=InnoDB DEFAULT CHARSET=utf8;

--
-- Дамп данных таблицы `usr_login`
--

INSERT INTO `usr_login` (`ID_USER`, `IP_USER`, `LOGIN`, `MAIL`, `ROLE`, `FIO`, `PASS`, `LAST_SESSION_ID`, `LAST_SESSION_DT`, `LAST_SESSION_DEVICE`, `LAST_SESSION_GPS`, `DT_INSERTED`, `DT_MODIFIED`) VALUES
(1, NULL, 'count', 'ivreshetov@mail.ru', NULL, NULL, NULL, '09lp8mnr2p67p6t7pihru4dd4g', NULL, NULL, NULL, '2019-05-10 13:27:38', '2019-05-10 14:38:16'),
(141, '::1', NULL, 'ivreshetov@mail.ru', NULL, NULL, NULL, '4i3eo7itd4n9hgcl5qman1uqii', NULL, NULL, NULL, '2019-05-10 22:52:16', '2019-05-10 23:10:53'),
(142, '::1', NULL, NULL, NULL, NULL, NULL, 'rpb7242mmsjcjjaj0e34n3u2nv', NULL, NULL, NULL, '2019-05-11 09:06:05', NULL),
(143, '::1', NULL, NULL, NULL, NULL, NULL, '9hqtl5gh78n4e10f5an59t2tus', NULL, NULL, NULL, '2019-05-11 09:21:19', NULL),
(144, '::1', NULL, 'ivreshetov@mail.ru', NULL, NULL, NULL, 'a3s94do1o1rd5918qnj1imv43k', NULL, NULL, NULL, '2019-05-11 14:33:46', '2019-05-11 15:27:09'),
(145, '::1', NULL, NULL, NULL, NULL, NULL, '035bpqadgj1mt0t5doqug54n62', NULL, NULL, NULL, '2019-05-11 16:19:10', NULL),
(146, '::1', NULL, NULL, NULL, NULL, NULL, '0ca25htunknrcr7q99pf9k4fuc', NULL, NULL, NULL, '2019-05-11 17:01:10', NULL),
(147, '::1', NULL, NULL, NULL, NULL, NULL, 'viaotigeoggt51hog1kvtnk305', NULL, NULL, NULL, '2019-05-12 11:26:08', NULL),
(148, '::1', NULL, 'fsdffsd@dfsf.ru', NULL, NULL, NULL, 'bl9o5n9bfn470sjoppk6tgpqrk', NULL, NULL, NULL, '2019-05-12 23:44:58', '2019-05-12 23:46:45'),
(149, '::1', NULL, NULL, NULL, NULL, NULL, '9lbl81bsn9sjtgdp8f0h2d91m4', NULL, NULL, NULL, '2019-05-13 00:06:13', NULL),
(150, '::1', NULL, NULL, NULL, NULL, NULL, 'hof38ib51hhe0mnuqmbltduckl', NULL, NULL, NULL, '2019-05-14 23:10:35', NULL),
(151, '::1', NULL, NULL, NULL, NULL, NULL, '14aqc4cta28nakc5clehiesqmn', NULL, NULL, NULL, '2019-05-14 23:18:12', NULL);

--
-- Индексы сохранённых таблиц
--

--
-- Индексы таблицы `biz_reg`
--
ALTER TABLE `biz_reg`
  ADD PRIMARY KEY (`ID`);

--
-- Индексы таблицы `spr_action`
--
ALTER TABLE `spr_action`
  ADD PRIMARY KEY (`ID`) USING BTREE,
  ADD KEY `TREE` (`TREE`),
  ADD KEY `GIFT_1` (`GIFT_1`),
  ADD KEY `GIFT_2` (`GIFT_2`),
  ADD KEY `GIFT_3` (`GIFT_3`),
  ADD KEY `GIFT_4` (`GIFT_4`),
  ADD KEY `GIFT_5` (`GIFT_5`);

--
-- Индексы таблицы `spr_answer`
--
ALTER TABLE `spr_answer`
  ADD PRIMARY KEY (`ID`),
  ADD KEY `IX_ANSWER_GROUP_UNIQ` (`ID_GROUP`,`ANSWER`(255),`DT_MODIFIED`),
  ADD KEY `IX_ANSWER_UNIQ` (`ID_GROUP`,`ANSWER`(255));

--
-- Индексы таблицы `spr_answer_group`
--
ALTER TABLE `spr_answer_group`
  ADD PRIMARY KEY (`ID`);

--
-- Индексы таблицы `spr_answer_question`
--
ALTER TABLE `spr_answer_question`
  ADD UNIQUE KEY `IX_QUESTION_ANSWER_UNIQ` (`ID_QUESTION`,`ID_ANSWER`),
  ADD KEY `FK_ANSWER` (`ID_ANSWER`),
  ADD KEY `IX_ANSWER_QUESTION` (`ID_QUESTION`,`ID_ANSWER`),
  ADD KEY `IX_SHOW_INDEX` (`SHOW_INDEX`);

--
-- Индексы таблицы `spr_gift`
--
ALTER TABLE `spr_gift`
  ADD PRIMARY KEY (`ID`),
  ADD KEY `ID_BIS` (`ID_BIS`);

--
-- Индексы таблицы `spr_question`
--
ALTER TABLE `spr_question`
  ADD PRIMARY KEY (`ID`),
  ADD KEY `IX_QUESTION_UNIQ` (`ID_GROUP`,`QUESTION`(255));

--
-- Индексы таблицы `spr_question_group`
--
ALTER TABLE `spr_question_group`
  ADD PRIMARY KEY (`ID`);

--
-- Индексы таблицы `spr_question_tree`
--
ALTER TABLE `spr_question_tree`
  ADD PRIMARY KEY (`ID`),
  ADD KEY `FK_QUESTION_PARENT` (`ID_PARENT`),
  ADD KEY `FK_QUESTION_CHILD` (`ID_CHILD`),
  ADD KEY `FK_TREE` (`ID_TREE`),
  ADD KEY `FK_ANSWER_BRANCH_ID` (`ID_ASWER_BRANCH`);

--
-- Индексы таблицы `spr_tree`
--
ALTER TABLE `spr_tree`
  ADD PRIMARY KEY (`ID`);

--
-- Индексы таблицы `user_trophy`
--
ALTER TABLE `user_trophy`
  ADD PRIMARY KEY (`ID`),
  ADD KEY `ID_USER` (`ID_USER`),
  ADD KEY `ID_ACTION` (`ID_ACTION`);

--
-- Индексы таблицы `usr_answer`
--
ALTER TABLE `usr_answer`
  ADD PRIMARY KEY (`ID`),
  ADD KEY `FK_USER_ID` (`ID_USER`),
  ADD KEY `FK_QUESTION_ID` (`ID_QUESTION`),
  ADD KEY `ID_ACTION` (`ID_ACTION`);

--
-- Индексы таблицы `usr_login`
--
ALTER TABLE `usr_login`
  ADD PRIMARY KEY (`ID_USER`);

--
-- AUTO_INCREMENT для сохранённых таблиц
--

--
-- AUTO_INCREMENT для таблицы `spr_action`
--
ALTER TABLE `spr_action`
  MODIFY `ID` int(11) NOT NULL AUTO_INCREMENT, AUTO_INCREMENT=5;

--
-- AUTO_INCREMENT для таблицы `spr_answer`
--
ALTER TABLE `spr_answer`
  MODIFY `ID` int(11) NOT NULL AUTO_INCREMENT, AUTO_INCREMENT=192;

--
-- AUTO_INCREMENT для таблицы `spr_answer_group`
--
ALTER TABLE `spr_answer_group`
  MODIFY `ID` int(11) NOT NULL AUTO_INCREMENT, AUTO_INCREMENT=2;

--
-- AUTO_INCREMENT для таблицы `spr_question`
--
ALTER TABLE `spr_question`
  MODIFY `ID` int(11) NOT NULL AUTO_INCREMENT, AUTO_INCREMENT=68;

--
-- AUTO_INCREMENT для таблицы `spr_question_group`
--
ALTER TABLE `spr_question_group`
  MODIFY `ID` int(11) NOT NULL AUTO_INCREMENT, AUTO_INCREMENT=6;

--
-- AUTO_INCREMENT для таблицы `spr_question_tree`
--
ALTER TABLE `spr_question_tree`
  MODIFY `ID` int(11) NOT NULL AUTO_INCREMENT, AUTO_INCREMENT=143;

--
-- AUTO_INCREMENT для таблицы `spr_tree`
--
ALTER TABLE `spr_tree`
  MODIFY `ID` int(11) NOT NULL AUTO_INCREMENT, AUTO_INCREMENT=6;

--
-- AUTO_INCREMENT для таблицы `user_trophy`
--
ALTER TABLE `user_trophy`
  MODIFY `ID` int(255) NOT NULL AUTO_INCREMENT, AUTO_INCREMENT=40;

--
-- AUTO_INCREMENT для таблицы `usr_answer`
--
ALTER TABLE `usr_answer`
  MODIFY `ID` int(11) NOT NULL AUTO_INCREMENT, AUTO_INCREMENT=1710;

--
-- AUTO_INCREMENT для таблицы `usr_login`
--
ALTER TABLE `usr_login`
  MODIFY `ID_USER` int(11) NOT NULL AUTO_INCREMENT, AUTO_INCREMENT=152;

--
-- Ограничения внешнего ключа сохраненных таблиц
--

--
-- Ограничения внешнего ключа таблицы `spr_action`
--
ALTER TABLE `spr_action`
  ADD CONSTRAINT `spr_action_ibfk_1` FOREIGN KEY (`TREE`) REFERENCES `spr_tree` (`ID`),
  ADD CONSTRAINT `spr_action_ibfk_2` FOREIGN KEY (`GIFT_1`) REFERENCES `spr_gift` (`ID`),
  ADD CONSTRAINT `spr_action_ibfk_3` FOREIGN KEY (`GIFT_2`) REFERENCES `spr_gift` (`ID`),
  ADD CONSTRAINT `spr_action_ibfk_4` FOREIGN KEY (`GIFT_3`) REFERENCES `spr_gift` (`ID`),
  ADD CONSTRAINT `spr_action_ibfk_5` FOREIGN KEY (`GIFT_4`) REFERENCES `spr_gift` (`ID`),
  ADD CONSTRAINT `spr_action_ibfk_6` FOREIGN KEY (`GIFT_5`) REFERENCES `spr_gift` (`ID`);

--
-- Ограничения внешнего ключа таблицы `spr_answer`
--
ALTER TABLE `spr_answer`
  ADD CONSTRAINT `FK_ANSWER_GROUP` FOREIGN KEY (`ID_GROUP`) REFERENCES `spr_answer_group` (`ID`);

--
-- Ограничения внешнего ключа таблицы `spr_answer_question`
--
ALTER TABLE `spr_answer_question`
  ADD CONSTRAINT `FK_ANSWER` FOREIGN KEY (`ID_ANSWER`) REFERENCES `spr_answer` (`ID`),
  ADD CONSTRAINT `FK_QUESTION` FOREIGN KEY (`ID_QUESTION`) REFERENCES `spr_question` (`ID`);

--
-- Ограничения внешнего ключа таблицы `spr_gift`
--
ALTER TABLE `spr_gift`
  ADD CONSTRAINT `spr_gift_ibfk_1` FOREIGN KEY (`ID_BIS`) REFERENCES `biz_reg` (`ID`);

--
-- Ограничения внешнего ключа таблицы `spr_question`
--
ALTER TABLE `spr_question`
  ADD CONSTRAINT `FK_QUESTION_GROUP` FOREIGN KEY (`ID_GROUP`) REFERENCES `spr_question_group` (`ID`);

--
-- Ограничения внешнего ключа таблицы `spr_question_tree`
--
ALTER TABLE `spr_question_tree`
  ADD CONSTRAINT `FK_ANSWER_BRANCH_ID` FOREIGN KEY (`ID_ASWER_BRANCH`) REFERENCES `spr_answer` (`ID`),
  ADD CONSTRAINT `FK_QUESTION_CHILD` FOREIGN KEY (`ID_CHILD`) REFERENCES `spr_question` (`ID`),
  ADD CONSTRAINT `FK_QUESTION_PARENT` FOREIGN KEY (`ID_PARENT`) REFERENCES `spr_question` (`ID`),
  ADD CONSTRAINT `FK_TREE` FOREIGN KEY (`ID_TREE`) REFERENCES `spr_tree` (`ID`);

--
-- Ограничения внешнего ключа таблицы `user_trophy`
--
ALTER TABLE `user_trophy`
  ADD CONSTRAINT `user_trophy_ibfk_1` FOREIGN KEY (`ID_USER`) REFERENCES `usr_login` (`ID_USER`),
  ADD CONSTRAINT `user_trophy_ibfk_2` FOREIGN KEY (`ID_ACTION`) REFERENCES `spr_action` (`ID`);

--
-- Ограничения внешнего ключа таблицы `usr_answer`
--
ALTER TABLE `usr_answer`
  ADD CONSTRAINT `FK_QUESTION_ID` FOREIGN KEY (`ID_QUESTION`) REFERENCES `spr_question` (`ID`),
  ADD CONSTRAINT `FK_USER_ID` FOREIGN KEY (`ID_USER`) REFERENCES `usr_login` (`ID_USER`),
  ADD CONSTRAINT `usr_answer_ibfk_1` FOREIGN KEY (`ID_ACTION`) REFERENCES `spr_action` (`ID`);
COMMIT;

/*!40101 SET CHARACTER_SET_CLIENT=@OLD_CHARACTER_SET_CLIENT */;
/*!40101 SET CHARACTER_SET_RESULTS=@OLD_CHARACTER_SET_RESULTS */;
/*!40101 SET COLLATION_CONNECTION=@OLD_COLLATION_CONNECTION */;
