-- phpMyAdmin SQL Dump
-- version 4.4.15.10
-- https://www.phpmyadmin.net
--
-- Хост: localhost
-- Время создания: Июн 16 2019 г., 10:07
-- Версия сервера: 5.6.43
-- Версия PHP: 5.4.16

SET SQL_MODE = "NO_AUTO_VALUE_ON_ZERO";
SET time_zone = "+00:00";


/*!40101 SET @OLD_CHARACTER_SET_CLIENT=@@CHARACTER_SET_CLIENT */;
/*!40101 SET @OLD_CHARACTER_SET_RESULTS=@@CHARACTER_SET_RESULTS */;
/*!40101 SET @OLD_COLLATION_CONNECTION=@@COLLATION_CONNECTION */;
/*!40101 SET NAMES utf8mb4 */;

--
-- База данных: `db_domy`
--

DELIMITER $$
--
-- Процедуры
--
CREATE DEFINER=`root`@`localhost` PROCEDURE `getAll`(IN `p_id_action` INT)
    SQL SECURITY INVOKER
BEGIN
	select * from spr_question_tree join spr_question on spr_question_tree.ID_CHILD = spr_question.ID
    where spr_question_tree.ID_TREE =
    (select TREE from spr_action where ID = p_id_action);
END$$

CREATE DEFINER=`root`@`localhost` PROCEDURE `getAnswer`(IN `P_ID_ACTION` INT, IN `P_ID_Q` INT)
    SQL SECURITY INVOKER
BEGIN

	select spr_answer.ID as id_answer,
           spr_answer.ANSWER as answer,
           spr_answer.INFO as info,
           spr_answer_question.IS_HAVE_COMMENT as is_have_comment,
           spr_answer_question.IS_MUST_COMMENT as is_must_comment,
           spr_answer_question.IS_HAVE_SCALE as is_have_scale,
           spr_answer_question.SCALE_MIN     as scale_min,
           spr_answer_question.SCALE_MAX     as scale_max,
           spr_answer_question.SCALE_STEP    as scale_step,
           spr_answer_question.SHOW_INDEX    as show_index,
           spr_answer_question.IS_TRUE       as is_true,
           spr_answer_question.IS_TRUE_COMMENT  as is_true_comment
			           
           # SPR_QUESTION_TREE.ID_CHILD        as id_child 
                      
    from   spr_answer_question join spr_answer on spr_answer_question.ID_ANSWER = spr_answer.ID
           left join spr_question_tree on   spr_question_tree.ID_PARENT = spr_answer_question.ID_QUESTION and
           									spr_question_tree.ID_ASWER_BRANCH = spr_answer_question.ID_ANSWER and

spr_question_tree.ID_TREE = 
   (select TREE from spr_action where ID = P_ID_ACTION)
           
    where  spr_answer_question.ID_QUESTION = P_ID_Q
           
    order by 
    	   spr_answer_question.SHOW_INDEX;
    
END$$

CREATE DEFINER=`root`@`localhost` PROCEDURE `getPromocod`(IN `P_mail` VARCHAR(255))
    SQL SECURITY INVOKER
BEGIN

SELECT DISTINCT user_trophy.PROMO_CODE as promocode, spr_action.ACTION_NAME as action_name
FROM user_trophy JOIN usr_login ON user_trophy.ID_USER = usr_login.ID_USER JOIN spr_action ON user_trophy.ID_ACTION = spr_action.ID
WHERE usr_login.MAIL LIKE P_mail;

END$$

CREATE DEFINER=`root`@`localhost` PROCEDURE `getQuestion`(IN `P_ID_ACTION` INT, IN `P_ID_Q` INT, IN `P_ID_A` INT)
    SQL SECURITY INVOKER
BEGIN

	select spr_question.ID as id_parent,
           spr_question.QUESTION as question,
           spr_question.INFO as info,
           spr_question.IS_MULTI_ANSWER as is_multi_aswer,
           spr_question.IS_MUST_HAVE_ANSWER as is_must_have_answer,
           spr_question.ID_LEVEL as id_level,
           spr_question.IS_STAT as is_stat
    from spr_question_tree join spr_question on spr_question_tree.ID_CHILD = spr_question.ID
    where COALESCE(spr_question_tree.ID_PARENT, 0) = COALESCE(P_ID_Q, 0) and
          ( COALESCE(spr_question_tree.ID_ASWER_BRANCH, 0)=0 or
            COALESCE(spr_question_tree.ID_ASWER_BRANCH, 0) = COALESCE(P_ID_A, 0) ) and
          spr_question_tree.ID_TREE =
          (select TREE from spr_action where ID = P_ID_ACTION);
          
    
END$$

CREATE DEFINER=`root`@`localhost` PROCEDURE `getQuestionsCount`(IN `p_id_action` INT, IN `p_id_level` INT)
    SQL SECURITY INVOKER
BEGIN
  select count(*) as questions_count 
  from spr_question_tree join spr_question on spr_question_tree.ID_CHILD = spr_question.ID
  where 
  CASE
  WHEN p_id_level = 0 THEN
  spr_question_tree.ID_TREE = 
  (select TREE from spr_action where ID = p_id_action)
  ELSE
  spr_question_tree.ID_TREE = 
  (select TREE from spr_action where ID = p_id_action)
  AND
  (spr_question.ID_LEVEL = p_id_level)
  END;
END$$

CREATE DEFINER=`root`@`localhost` PROCEDURE `getUserStat`(IN `P_Play_key` VARCHAR(255))
    SQL SECURITY INVOKER
BEGIN

SELECT tbl.group_name, SUM(tbl.is_true) as count_true, COUNT(tbl.group_name) as count_all FROM
(SELECT spr_question_group.GROUP_NAME as group_name, usr_answer.IS_TRUE as is_true

FROM usr_answer JOIN spr_question ON usr_answer.ID_QUESTION = spr_question.ID JOIN spr_question_group ON spr_question.ID_GROUP = spr_question_group.ID

WHERE usr_answer.PLAY_KEY = P_Play_key) as tbl

GROUP BY group_name;

END$$

CREATE DEFINER=`root`@`localhost` PROCEDURE `putUserAnswer`(IN `P_ID_USER` INT, IN `P_ID_QUESTION` INT, IN `P_ANSWER` VARCHAR(255), IN `P_INFO` VARCHAR(1024), IN `P_SCALE_VALUE` FLOAT, IN `P_IS_TRUE` TINYINT, IN `P_ID_ACTION` INT(255), IN `P_Play_key` VARCHAR(255))
    MODIFIES SQL DATA
    SQL SECURITY INVOKER
BEGIN

  insert into usr_answer(ID_USER, ID_QUESTION, ANSWER, INFO, SCALE_VALUE, IS_TRUE, ID_ACTION, PLAY_KEY) values 
  (P_ID_USER, P_ID_QUESTION, P_ANSWER, P_INFO, P_SCALE_VALUE, P_IS_TRUE, P_ID_ACTION, P_Play_key);
  
END$$

DELIMITER ;

-- --------------------------------------------------------

--
-- Структура таблицы `biz_reg`
--

CREATE TABLE IF NOT EXISTS `biz_reg` (
  `ID` int(11) NOT NULL,
  `ORG_NAME` varchar(255) NOT NULL,
  `DESCRIPTION` text NOT NULL,
  `CONTRACT_NUMBER` int(11) DEFAULT NULL,
  `CONTRACT_DATE` date DEFAULT NULL,
  `DT_INSERTED` datetime NOT NULL DEFAULT CURRENT_TIMESTAMP,
  `DT_MODIFIED` datetime NOT NULL DEFAULT '0000-00-00 00:00:00' ON UPDATE CURRENT_TIMESTAMP
) ENGINE=InnoDB DEFAULT CHARSET=utf8;

--
-- Дамп данных таблицы `biz_reg`
--

INSERT INTO `biz_reg` (`ID`, `ORG_NAME`, `DESCRIPTION`, `CONTRACT_NUMBER`, `CONTRACT_DATE`, `DT_INSERTED`, `DT_MODIFIED`) VALUES
(0, 'Думай', 'Электронный сервис полезных квизов и викторин', NULL, NULL, '0000-00-00 00:00:00', '0000-00-00 00:00:00'),
(1, 'ЖК Любовь и голуби', 'Тестовый прогон квиза без договора', NULL, NULL, '2019-05-25 17:54:42', '0000-00-00 00:00:00');

-- --------------------------------------------------------

--
-- Структура таблицы `spr_action`
--

CREATE TABLE IF NOT EXISTS `spr_action` (
  `ID` int(11) NOT NULL,
  `ACTION_NAME` varchar(256) NOT NULL,
  `DESCRIPTION` text NOT NULL,
  `GIFT_1` int(11) DEFAULT NULL,
  `GIFT_2` int(11) DEFAULT NULL,
  `GIFT_3` int(11) DEFAULT NULL,
  `GIFT_4` int(11) DEFAULT NULL,
  `GIFT_5` int(11) DEFAULT NULL,
  `TREE` int(11) NOT NULL,
  `MODE` int(11) DEFAULT NULL,
  `DT_INSERTED` datetime NOT NULL DEFAULT CURRENT_TIMESTAMP,
  `DT_MODIFIED` datetime NOT NULL DEFAULT '0000-00-00 00:00:00' ON UPDATE CURRENT_TIMESTAMP
) ENGINE=InnoDB AUTO_INCREMENT=7 DEFAULT CHARSET=utf8;

--
-- Дамп данных таблицы `spr_action`
--

INSERT INTO `spr_action` (`ID`, `ACTION_NAME`, `DESCRIPTION`, `GIFT_1`, `GIFT_2`, `GIFT_3`, `GIFT_4`, `GIFT_5`, `TREE`, `MODE`, `DT_INSERTED`, `DT_MODIFIED`) VALUES
(1, 'Выбор жилья', '60 вопросов с подарком от Думая и сбором желания по локации и количеству комнат', 0, NULL, NULL, NULL, NULL, 2, NULL, '0000-00-00 00:00:00', '2019-05-10 19:21:39'),
(2, 'Выбор жилья', '30 вопросов с подарком от сервиса думай сбором желания по локации и количеству комнат, сложный тест (без повторов)', 0, NULL, NULL, NULL, NULL, 3, NULL, '2019-05-01 23:17:29', '0000-00-00 00:00:00'),
(3, 'Выбор жилья', '30 вопросов с подарком от сервиса Думай и сбором желаний по локации и количеству комнат с возвратом к не отвеченному вопросу', 0, NULL, NULL, NULL, NULL, 3, NULL, '2019-05-01 23:21:32', '2019-05-10 19:22:02'),
(4, 'Выбор жилья', 'Экспресс тест на 15 вопросов с повторами', 0, NULL, NULL, NULL, NULL, 5, NULL, '2019-05-10 14:10:47', '2019-05-10 19:22:10'),
(5, 'Выбор жилья Любовь и голуби', '30 вопросов с подарком от ЖК Любовь и голуби (скидка на квартиру)', 0, 1, NULL, NULL, NULL, 6, NULL, '2019-05-25 17:59:36', '0000-00-00 00:00:00'),
(6, 'Выбор жилья метро селигерское', '30 вопросов со скидкой ЖК Любовь и голуби по запросу на метро селигерская', 0, 1, NULL, NULL, NULL, 6, NULL, '2019-05-25 23:02:55', '0000-00-00 00:00:00');

-- --------------------------------------------------------

--
-- Структура таблицы `spr_answer`
--

CREATE TABLE IF NOT EXISTS `spr_answer` (
  `ID` int(11) NOT NULL,
  `ID_GROUP` int(11) NOT NULL,
  `ANSWER` varchar(1024) NOT NULL,
  `INFO` varchar(1024) DEFAULT NULL COMMENT 'доп.инфо к ответу',
  `DT_INSERTED` datetime DEFAULT CURRENT_TIMESTAMP,
  `DT_MODIFIED` datetime DEFAULT NULL ON UPDATE CURRENT_TIMESTAMP
) ENGINE=InnoDB AUTO_INCREMENT=192 DEFAULT CHARSET=utf8;

--
-- Дамп данных таблицы `spr_answer`
--

INSERT INTO `spr_answer` (`ID`, `ID_GROUP`, `ANSWER`, `INFO`, `DT_INSERTED`, `DT_MODIFIED`) VALUES
(1, 1, 'район', NULL, '2019-01-16 23:48:24', '0000-00-00 00:00:00'),
(2, 1, 'цена', NULL, '2019-01-16 23:48:34', '0000-00-00 00:00:00'),
(3, 1, 'наличие объектов инфраструктуры (школ, больниц, садов)', NULL, '2019-01-16 23:49:04', '0000-00-00 00:00:00'),
(4, 1, 'экология', NULL, '2019-01-16 23:49:44', '2019-01-17 00:02:17'),
(5, 1, 'Да', NULL, '2019-01-17 00:07:24', '2019-04-14 11:41:13'),
(6, 1, 'Нет', NULL, '2019-01-17 00:07:37', '2019-04-14 11:41:26'),
(7, 1, '5-7 млн', NULL, '2019-01-17 00:15:33', NULL),
(8, 1, '7-10 млн', NULL, '2019-01-17 00:15:52', NULL),
(9, 1, '10-15 млн', NULL, '2019-01-17 00:16:10', NULL),
(10, 1, '15-20 млн', NULL, '2019-01-17 00:16:24', NULL),
(11, 1, 'от 20 млн', NULL, '2019-01-17 00:16:43', NULL),
(12, 1, 'да, это освободит меня от "бумажных" хлопот и снимет риски', NULL, '2019-01-17 22:50:15', NULL),
(13, 1, 'нет, я подкован и в состоянии самостоятельно совершить сделку', NULL, '2019-01-17 22:50:37', NULL),
(14, 1, 'до 1 месяца', NULL, '2019-01-17 22:51:37', NULL),
(15, 1, '1-3 месяца', NULL, '2019-01-17 22:51:57', NULL),
(16, 1, '3-6 месяцев', NULL, '2019-01-17 22:52:26', NULL),
(17, 1, 'от полугода до года', NULL, '2019-01-17 22:52:36', NULL),
(18, 1, 'свыше года', NULL, '2019-01-17 22:53:00', NULL),
(19, 1, 'введите ответ', NULL, '2019-01-17 22:57:42', NULL),
(20, 1, 'Менее месяца', NULL, '2019-05-01 14:08:05', NULL),
(21, 1, 'Месяц', NULL, '2019-05-01 14:08:05', NULL),
(22, 1, '6 месяцев', NULL, '2019-05-01 14:08:05', '2019-05-14 23:32:24'),
(23, 1, 'Менее месяца', NULL, '2019-05-01 14:08:05', '2019-05-14 23:32:53'),
(24, 1, 'Всю жизнь', NULL, '2019-05-01 14:08:05', NULL),
(25, 1, 'С 1 по 5', NULL, '2019-05-01 14:08:05', '2019-05-14 23:33:03'),
(26, 1, 'С 5 по 15', NULL, '2019-05-01 14:08:05', '2019-05-14 23:33:15'),
(27, 1, 'Выше 15', NULL, '2019-05-01 14:08:05', '2019-05-14 23:33:41'),
(28, 1, 'От 15 и выше', NULL, '2019-05-01 14:08:05', NULL),
(29, 1, 'Лучше ближе к крыше - вот это для героев в самом расцвете сил!', NULL, '2019-05-01 14:08:05', NULL),
(30, 1, 'Да, это может быть выгодный вариант', NULL, '2019-05-01 14:08:05', NULL),
(31, 1, 'Нет, не стоит', NULL, '2019-05-01 14:08:05', NULL),
(32, 1, 'Обращаю, ближе к лифту - быстрее дома', NULL, '2019-05-01 14:08:05', NULL),
(33, 1, '"Брежневка" лучше', NULL, '2019-05-01 14:08:05', NULL),
(34, 1, 'Новостройка', NULL, '2019-05-01 14:08:05', NULL),
(35, 1, 'Качество постройки дома определяется другими факторами', NULL, '2019-05-01 14:08:06', '2019-05-14 23:34:46'),
(36, 1, 'Качество постройки дома определяется другими факторами', NULL, '2019-05-01 14:08:06', NULL),
(37, 1, 'Да, на их отсутствие, чтоб владельцы авто не мешали жить пешеходам', NULL, '2019-05-01 14:08:06', NULL),
(38, 1, 'В одиночку', NULL, '2019-05-01 14:08:06', NULL),
(39, 1, 'На медведя я, друзья, выйду без испуга. Если с другом буду я, а медведь - без друга!', NULL, '2019-05-01 14:08:06', NULL),
(40, 1, 'Не влияет на принятие решения о покупке квартиры', NULL, '2019-05-01 14:08:06', NULL),
(41, 1, 'Нет, имидж с квартирой никак не связан', NULL, '2019-05-01 14:08:06', NULL),
(42, 1, 'Нет, а что надо было?', NULL, '2019-05-01 14:08:06', NULL),
(43, 1, 'Проверяю, если это не "новостройка"', NULL, '2019-05-01 14:08:06', NULL),
(44, 1, 'Утро', NULL, '2019-05-01 14:08:06', NULL),
(45, 1, 'День', NULL, '2019-05-01 14:08:06', NULL),
(46, 1, 'Вечер', NULL, '2019-05-01 14:08:06', NULL),
(47, 1, 'Ночь - а вдруг в квартире приведения живут', NULL, '2019-05-01 14:08:06', NULL),
(48, 1, 'Не знаю', NULL, '2019-05-01 14:08:06', NULL),
(49, 1, 'Конечно, характеристики', NULL, '2019-05-01 14:08:06', NULL),
(50, 1, 'Эмоции (вдруг угадаю)', NULL, '2019-05-01 14:08:06', NULL),
(51, 1, '50/50', NULL, '2019-05-01 14:08:06', NULL),
(52, 1, 'Нет (я вообще не проверяю никакой короб, вы что?)', NULL, '2019-05-01 14:08:06', NULL),
(53, 1, 'В такой проверке нет смылса - всегда можно установить вентилятор на вытяжку.', NULL, '2019-05-01 14:08:06', NULL),
(54, 1, '240-260 см.', NULL, '2019-05-01 14:08:06', '2019-05-25 21:00:17'),
(55, 1, '260-280 см.', NULL, '2019-05-01 14:08:06', '2019-05-25 21:00:26'),
(56, 1, 'От 280 см.', NULL, '2019-05-01 14:08:06', '2019-05-25 21:00:33'),
(57, 1, 'Небольшая и функциональная', NULL, '2019-05-01 14:08:06', NULL),
(58, 1, 'Лучше свободные метры', NULL, '2019-05-01 14:08:06', NULL),
(59, 1, 'От 1 до 4 месяцев', NULL, '2019-05-01 14:08:06', NULL),
(60, 1, 'От 4 месяцев до года', NULL, '2019-05-01 14:08:06', NULL),
(61, 1, 'По-разному', NULL, '2019-05-01 14:08:06', '2019-05-11 10:31:48'),
(62, 1, 'С милым/милой рай и в шалаше', NULL, '2019-05-01 14:08:07', NULL),
(63, 1, '4 кв.м.', NULL, '2019-05-01 14:08:07', NULL),
(64, 1, '6 кв.м.', NULL, '2019-05-01 14:08:07', NULL),
(65, 1, '8-10 кв.м.', NULL, '2019-05-01 14:08:07', NULL),
(66, 1, '11-12 кв.м.', NULL, '2019-05-01 14:08:07', NULL),
(67, 1, '«Распашонка»', NULL, '2019-05-01 14:08:07', NULL),
(68, 1, '«Линейка»', NULL, '2019-05-01 14:08:07', NULL),
(69, 1, 'Все индивидуально', NULL, '2019-05-01 14:08:07', NULL),
(70, 1, 'Хорошо', NULL, '2019-05-01 14:08:07', NULL),
(71, 1, 'Плохо', NULL, '2019-05-01 14:08:07', NULL),
(72, 1, 'Лучше всего вовсе без углов', NULL, '2019-05-01 14:08:07', NULL),
(73, 1, 'Честно говоря, забываю', NULL, '2019-05-01 14:08:07', NULL),
(74, 1, 'Всегда стараюсь заглянуть в каждый угол', NULL, '2019-05-01 14:08:07', NULL),
(75, 1, 'Каждый угол осматривать нет смысла', NULL, '2019-05-01 14:08:07', NULL),
(76, 1, 'северная', NULL, '2019-05-01 14:08:07', NULL),
(77, 1, 'южная', NULL, '2019-05-01 14:08:07', NULL),
(78, 1, 'западная', NULL, '2019-05-01 14:08:07', NULL),
(79, 1, 'восточная', NULL, '2019-05-01 14:08:07', NULL),
(80, 1, 'Без отделки панель', NULL, '2019-05-01 14:08:07', NULL),
(81, 1, 'Без отделки кирпич', NULL, '2019-05-01 14:08:07', NULL),
(82, 1, 'Отделкой фасада штукатуркой (или мокрые фасады)', NULL, '2019-05-01 14:08:07', NULL),
(83, 1, 'Керамогранит', NULL, '2019-05-01 14:08:07', NULL),
(84, 1, 'Из соломы (как у Ниф Нифа в сказке" Три поросенка")', NULL, '2019-05-01 14:08:07', NULL),
(85, 1, 'Да, если цена выгодная', NULL, '2019-05-01 14:08:07', NULL),
(86, 1, 'Длительность строительства дома не влияет на принятие решения о покупке квартиры', NULL, '2019-05-01 14:08:07', NULL),
(87, 1, 'Спросить у соседей', NULL, '2019-05-01 14:08:07', NULL),
(88, 1, 'Сверить планировку квартиры с планом БТИ', NULL, '2019-05-01 14:08:07', NULL),
(89, 1, 'Указанные варианты не дают информации о проведенной перепланировке', NULL, '2019-05-01 14:08:07', NULL),
(90, 1, 'Транспортная нагрузка', NULL, '2019-05-01 14:08:08', NULL),
(91, 1, 'ТЭЦ', NULL, '2019-05-01 14:08:08', NULL),
(92, 1, 'Очистные сооружения', NULL, '2019-05-01 14:08:08', NULL),
(93, 1, 'Теща/Свекровь в радиусе 1 км', NULL, '2019-05-01 14:08:08', NULL),
(94, 1, 'Зависит от условий договора с застройщиком', NULL, '2019-05-01 14:08:08', NULL),
(95, 1, 'Зависит от размера ТЭЦ', NULL, '2019-05-01 14:08:08', NULL),
(96, 1, 'Да, может в разных районах города', NULL, '2019-05-01 14:08:08', NULL),
(97, 1, 'Да, может внутри одного района в разных домах', NULL, '2019-05-01 14:08:08', NULL),
(98, 1, 'Нет нельзя', NULL, '2019-05-01 14:08:08', NULL),
(99, 1, 'Да, предложить хозяину выпить воды из под крана', NULL, '2019-05-01 14:08:08', NULL),
(100, 1, 'На углу дома', NULL, '2019-05-01 14:08:08', NULL),
(101, 1, 'В середине дома', NULL, '2019-05-01 14:08:08', NULL),
(102, 1, 'Не имеет значения', NULL, '2019-05-01 14:08:08', NULL),
(103, 1, 'Нет, если привлечение третьих лиц регулируется условиями договора', NULL, '2019-05-01 14:08:08', NULL),
(104, 1, 'Зависит от формы договора', NULL, '2019-05-01 14:08:08', NULL),
(105, 1, 'На определенный срок', NULL, '2019-05-01 14:08:08', NULL),
(106, 1, 'До выполнения обязательств', NULL, '2019-05-01 14:08:08', NULL),
(107, 1, 'Нет, это его долг', NULL, '2019-05-01 14:08:08', NULL),
(108, 1, 'Нет, если отсутствие такого долга указано в договоре купли продажи', NULL, '2019-05-01 14:08:08', NULL),
(109, 1, 'Наличие водоемов поблизости', NULL, '2019-05-01 14:08:08', NULL),
(110, 1, 'Наличие парков поблизости', NULL, '2019-05-01 14:08:08', NULL),
(111, 1, 'Низкая плотность застройки', NULL, '2019-05-01 14:08:08', NULL),
(112, 1, 'Удаленность от промзон.', NULL, '2019-05-01 14:08:08', NULL),
(113, 1, 'Благоприятная роза ветров и возвышенность', NULL, '2019-05-01 14:08:08', NULL),
(115, 1, 'Северо-западе', NULL, '2019-05-01 14:08:08', NULL),
(116, 1, 'Юго-западе', NULL, '2019-05-01 14:08:08', NULL),
(117, 1, 'Юго-востоке', NULL, '2019-05-01 14:08:08', NULL),
(118, 1, 'Северо-востоке', NULL, '2019-05-01 14:08:08', NULL),
(119, 1, 'Приблизительно одинаково', NULL, '2019-05-01 14:08:08', NULL),
(120, 1, 'На 10-15%', NULL, '2019-05-01 14:08:08', NULL),
(121, 1, 'На 25-35%', NULL, '2019-05-01 14:08:08', NULL),
(122, 1, '35-40%', NULL, '2019-05-01 14:08:09', NULL),
(123, 1, 'Более 50%', NULL, '2019-05-01 14:08:09', NULL),
(124, 1, 'Провести интервью (соседей в одном блоке)', NULL, '2019-05-01 14:08:09', NULL),
(125, 1, 'По запаху рядом с дверью (всех соседей)', NULL, '2019-05-01 14:08:09', NULL),
(126, 1, 'По состоянию входной двери и входной зоны (соседей сверху и соседей снизу)', NULL, '2019-05-01 14:08:09', NULL),
(127, 1, 'В современном новом доме фактор соседей не влияет на выбор квартиры', NULL, '2019-05-01 14:08:09', NULL),
(128, 1, 'В течении первых 5 секунд замера уровень радиационного фона составил 50 мкР/ч, дальнейший замер в течении часа в разных частях квартиры показал уровень - 8 мкР/ч', NULL, '2019-05-01 14:08:09', NULL),
(129, 1, 'Средний уровень радиации составил 22 мкР/ч при естественном уровне радиации на улице 25 мкР/ч', NULL, '2019-05-01 14:08:09', NULL),
(130, 1, 'Средний уровень радиации в ванне составил 65 мкР/ч, в квартире в целом - 18 мкР/ч.', NULL, '2019-05-01 14:08:09', NULL),
(131, 1, 'Кирпичный', NULL, '2019-05-01 14:08:09', NULL),
(132, 1, 'Панельный', NULL, '2019-05-01 14:08:09', NULL),
(133, 1, 'Монолитный', NULL, '2019-05-01 14:08:09', NULL),
(134, 1, '3D печать', NULL, '2019-05-01 14:08:09', NULL),
(135, 1, 'Без балконов', NULL, '2019-05-01 14:08:09', NULL),
(136, 1, 'С одним балконом 10 кв.м.', NULL, '2019-05-01 14:08:09', NULL),
(137, 1, 'Двумя балконами площадью 8 кв.м,', NULL, '2019-05-01 14:08:09', NULL),
(138, 1, 'С тремя балконами площадью 15 м.кв.', NULL, '2019-05-01 14:08:09', NULL),
(139, 1, 'Приобретение аммиачной квартиры', NULL, '2019-05-01 14:08:09', NULL),
(140, 1, 'Покупка квартиры по завышенной стоимости', NULL, '2019-05-01 14:08:09', NULL),
(141, 1, 'Проблемы с системами кондиционирования', NULL, '2019-05-01 14:08:09', NULL),
(142, 1, 'Проблемы с системами вентиляции', NULL, '2019-05-01 14:08:10', NULL),
(143, 1, 'Проблемы с системами отопления', NULL, '2019-05-01 14:08:10', NULL),
(144, 1, 'Проблемы с системами электроснабжения', NULL, '2019-05-01 14:08:10', NULL),
(145, 1, 'Плохое благоустройство прилегающей территории', NULL, '2019-05-01 14:08:10', NULL),
(147, 1, 'Бракованные стеклопакеты', NULL, '2019-05-01 14:08:10', NULL),
(152, 1, 'Низкое качество работы управляющей компании', NULL, '2019-05-01 14:08:10', NULL),
(153, 1, 'Затопление канализацией', NULL, '2019-05-01 14:08:10', NULL),
(154, 1, 'Затопление водой', NULL, '2019-05-01 14:08:10', NULL),
(155, 1, 'Негативные запахи', NULL, '2019-05-01 14:08:10', NULL),
(156, 1, 'Электромагнитное излучение', NULL, '2019-05-01 14:08:10', NULL),
(157, 1, '1 этаж', NULL, '2019-05-01 14:08:10', NULL),
(158, 1, '10 этаж', NULL, '2019-05-01 14:08:10', NULL),
(159, 1, '15 этаж', NULL, '2019-05-01 14:08:10', NULL),
(160, 1, 'Информации для ответа недостаточно', NULL, '2019-05-01 14:08:10', NULL),
(161, 1, 'Никакой. С джакузи - пусть покупает частный дом', NULL, '2019-05-01 14:08:10', NULL),
(162, 1, 'Автомат этажа слишком слабый', NULL, '2019-05-01 14:08:10', NULL),
(163, 1, 'Автомат квартиры слишком мощный', NULL, '2019-05-01 14:08:10', NULL),
(164, 1, 'Автомат квартиры слишком слабый', NULL, '2019-05-01 14:08:10', NULL),
(165, 1, 'Сечение проводящего кабеля недостаточно, автомат квартиры слишком слабый', NULL, '2019-05-01 14:08:10', NULL),
(166, 1, 'Сечение проводящего кабеля недостаточно, автомат квартиры слишком мощный', NULL, '2019-05-01 14:08:10', NULL),
(167, 1, 'СМИ (интернет, телевидение, газеты, журналы и прочее', NULL, '2019-05-01 14:08:10', NULL),
(168, 1, 'Реклама и рекомендации агентств недвижимости', NULL, '2019-05-01 14:08:10', NULL),
(169, 1, 'Данные ИФНС о строительной организации и собственниках', NULL, '2019-05-01 14:08:10', NULL),
(170, 1, 'Данные службы судебных приставов об открытых производствах по различным делам', NULL, '2019-05-01 14:08:10', NULL),
(171, 1, 'Оценка деловой репутации застройщика, полученная из разговоров с друзьями и знакомыми', NULL, '2019-05-01 14:08:10', NULL),
(172, 1, 'Информация о том, участвует ли данная новостройка в программах ипотечного кредитования у крупнейших банков из первой десятки', NULL, '2019-05-01 14:08:10', NULL),
(173, 1, 'Да, но только через нотариуса', NULL, '2019-05-01 14:08:10', NULL),
(174, 1, 'Да, осуществив запрос выписки по почте на бумажном носителе', NULL, '2019-05-01 14:08:10', NULL),
(175, 1, 'Можно, если вы являетесь совершеннолетним гражданином РФ', NULL, '2019-05-01 14:08:10', NULL),
(176, 1, 'На 5-10%', NULL, '2019-05-01 14:08:10', NULL),
(177, 1, 'На 10-12%', NULL, '2019-05-01 14:08:10', NULL),
(178, 1, 'На 0%', NULL, '2019-05-01 14:08:10', NULL),
(179, 1, 'На 1-5%', NULL, '2019-05-01 14:08:10', NULL),
(180, 1, 'О наличие скрытой комиссии агентства недвижимости', NULL, '2019-05-01 14:08:11', NULL),
(181, 1, 'Это стандартный пункт, защищающий персональные данные продавца', NULL, '2019-05-01 14:08:11', NULL),
(182, 1, 'О наличии скрытой комиссии продавца квартиры', NULL, '2019-05-01 14:08:11', NULL),
(183, 1, 'О недобросовестности агентства недвижимости', NULL, '2019-05-01 14:08:11', NULL),
(184, 1, 'Да, если это будет прописано в договоре', NULL, '2019-05-01 14:08:11', NULL),
(185, 1, 'Да, если в договоре ипотеки нет запрета на аренду третьим лицам', NULL, '2019-05-01 14:08:11', NULL),
(186, 1, 'Да, если доля собственных средств составляет  50%', NULL, '2019-05-01 14:08:11', NULL),
(187, 1, 'Да, если доля собственных средств составляет  70%', NULL, '2019-05-01 14:08:11', NULL),
(188, 1, 'Нет правильных ответов', NULL, '2019-05-01 14:08:11', NULL),
(189, 1, 'Кирпичные', NULL, '2019-05-01 14:08:11', NULL),
(190, 1, 'Панельные', NULL, '2019-05-01 14:08:11', NULL),
(191, 1, 'Монолитные', NULL, '2019-05-01 14:08:11', NULL);

-- --------------------------------------------------------

--
-- Структура таблицы `spr_answer_group`
--

CREATE TABLE IF NOT EXISTS `spr_answer_group` (
  `ID` int(11) NOT NULL,
  `GROUP_NAME` varchar(256) NOT NULL,
  `DT_INSERTED` datetime DEFAULT CURRENT_TIMESTAMP,
  `DT_MODIFIED` datetime DEFAULT NULL ON UPDATE CURRENT_TIMESTAMP
) ENGINE=InnoDB AUTO_INCREMENT=2 DEFAULT CHARSET=utf8;

--
-- Дамп данных таблицы `spr_answer_group`
--

INSERT INTO `spr_answer_group` (`ID`, `GROUP_NAME`, `DT_INSERTED`, `DT_MODIFIED`) VALUES
(1, 'Общие', '2019-01-16 22:49:13', '0000-00-00 00:00:00');

-- --------------------------------------------------------

--
-- Структура таблицы `spr_answer_question`
--

CREATE TABLE IF NOT EXISTS `spr_answer_question` (
  `ID_QUESTION` int(11) NOT NULL,
  `ID_ANSWER` int(11) NOT NULL,
  `IS_HAVE_COMMENT` smallint(6) NOT NULL DEFAULT '0' COMMENT 'есть комментарий',
  `IS_MUST_COMMENT` smallint(6) NOT NULL DEFAULT '0' COMMENT 'комментарий обязателен для заполнения',
  `IS_HAVE_SCALE` smallint(6) DEFAULT '0' COMMENT 'есть шкала оценки',
  `SCALE_MIN` smallint(6) DEFAULT NULL COMMENT 'минимальное значение шкалы',
  `SCALE_MAX` smallint(6) DEFAULT NULL COMMENT 'максимальное значение',
  `SCALE_STEP` float DEFAULT NULL COMMENT 'шаг изменения шкалы (0-произволное, null-не задано)',
  `SHOW_INDEX` smallint(6) DEFAULT NULL COMMENT 'порядок при наличии ранжирования',
  `IS_TRUE` tinyint(4) DEFAULT NULL COMMENT 'признак правильного ответа',
  `IS_TRUE_COMMENT` text COMMENT 'пояснение к правильному ответу',
  `DT_INSERTED` datetime DEFAULT CURRENT_TIMESTAMP,
  `DT_MODIFIED` datetime DEFAULT NULL ON UPDATE CURRENT_TIMESTAMP
) ENGINE=InnoDB DEFAULT CHARSET=utf8;

--
-- Дамп данных таблицы `spr_answer_question`
--

INSERT INTO `spr_answer_question` (`ID_QUESTION`, `ID_ANSWER`, `IS_HAVE_COMMENT`, `IS_MUST_COMMENT`, `IS_HAVE_SCALE`, `SCALE_MIN`, `SCALE_MAX`, `SCALE_STEP`, `SHOW_INDEX`, `IS_TRUE`, `IS_TRUE_COMMENT`, `DT_INSERTED`, `DT_MODIFIED`) VALUES
(1, 1, 0, 0, 1, 1, 10, NULL, 1, 1, 'Это пример', '2019-01-17 00:03:04', '2019-03-31 23:43:42'),
(1, 2, 0, 0, 1, 1, 10, NULL, 2, NULL, NULL, '2019-01-17 00:03:32', '2019-03-22 23:16:17'),
(1, 3, 0, 0, 1, 1, 10, NULL, 3, NULL, 'Потому что ты гений', '2019-01-17 00:04:05', '2019-03-22 23:17:29'),
(1, 4, 0, 0, 1, 1, 10, NULL, 4, 1, 'Специально сделал его длинным оцень длинным. Специально сделал его длинным оцень длинным. Специально сделал его длинным оцень длинным. Специально сделал его длинным оцень длинным. Специально сделал его длинным оцень длинным. Специально сделал его длинным оцень длинным. Специально сделал его длинным оцень длинным. Специально сделал его длинным оцень длинным.\r\nСпециально сделал его длинным оцень длинным.\r\nСпециально сделал его длинным оцень длинным. Специально сделал его длинным оцень длинным. Специально сделал его длинным оцень длинным. Специально сделал его длинным оцень длинным. ', '2019-01-17 00:04:27', '2019-03-31 23:45:40'),
(2, 5, 0, 0, 0, NULL, NULL, NULL, 1, NULL, NULL, '2019-01-17 00:11:54', '2019-01-17 00:14:06'),
(2, 6, 0, 0, 0, NULL, NULL, NULL, 2, 1, 'Здесь мы  должны давать пояснения, вот оно - вы гений.', '2019-01-17 00:12:16', '2019-03-03 10:37:16'),
(3, 7, 0, 0, 0, NULL, NULL, NULL, 1, NULL, NULL, '2019-01-17 00:17:26', '2019-01-17 00:18:11'),
(3, 8, 0, 0, 0, NULL, NULL, NULL, 2, NULL, NULL, '2019-01-17 00:17:33', '2019-01-17 00:18:13'),
(3, 9, 0, 0, 0, NULL, NULL, NULL, 3, NULL, NULL, '2019-01-17 00:17:43', '2019-01-17 00:18:16'),
(3, 10, 0, 0, 0, NULL, NULL, NULL, 4, NULL, NULL, '2019-01-17 00:17:52', '2019-01-17 00:18:17'),
(3, 11, 0, 0, 0, NULL, NULL, NULL, 5, 1, 'Здесь мы  должны давать пояснения, вот оно - вы гений.', '2019-01-17 00:17:58', '2019-03-03 10:37:36'),
(4, 5, 0, 0, 0, NULL, NULL, NULL, 1, NULL, NULL, '2019-01-17 00:25:25', '2019-01-17 00:25:52'),
(4, 6, 0, 0, 0, NULL, NULL, NULL, 2, 1, 'Здесь мы  должны давать пояснения, вот оно - вы гений.', '2019-01-17 00:25:45', '2019-03-03 10:37:48'),
(5, 12, 0, 0, 0, NULL, NULL, NULL, 1, 1, NULL, '2019-01-17 22:50:57', '2019-03-26 22:11:20'),
(5, 13, 0, 0, 0, NULL, NULL, NULL, 2, 1, 'Здесь мы  должны давать пояснения, вот оно - вы гений.', '2019-01-17 22:51:11', '2019-03-03 10:37:58'),
(6, 14, 0, 0, 0, NULL, NULL, NULL, 1, NULL, NULL, '2019-01-17 22:53:27', '2019-01-17 22:54:18'),
(6, 15, 0, 0, 0, NULL, NULL, NULL, 2, NULL, NULL, '2019-01-17 22:53:37', '2019-01-17 22:54:20'),
(6, 16, 0, 0, 0, NULL, NULL, NULL, 3, NULL, NULL, '2019-01-17 22:53:48', '2019-01-17 22:54:21'),
(6, 17, 0, 0, 0, NULL, NULL, NULL, 4, NULL, NULL, '2019-01-17 22:54:04', '2019-01-17 22:54:22'),
(6, 18, 0, 0, 0, NULL, NULL, NULL, 5, 1, 'Здесь мы  должны давать пояснения, вот оно - вы гений.', '2019-01-17 22:54:10', '2019-03-03 10:38:11'),
(7, 18, 0, 0, 0, NULL, NULL, NULL, NULL, NULL, '', '2019-04-14 09:30:27', NULL),
(7, 19, 1, 0, 0, NULL, NULL, NULL, NULL, 1, 'Здесь мы  должны давать пояснения, вот оно - вы гений и меткий стрелок.', '2019-01-17 22:57:52', '2019-04-14 12:41:09'),
(8, 21, 0, 0, 0, NULL, NULL, NULL, NULL, 1, 'Чем больше времени затрачиваете, тем сложнее сделать выбор.<br>Профессионалы говорят так: "Не поторопишься - упустишь квартиру, поторопишься - приобретешь плохую". Поэтому оптимальный срок - 1 месяц.', '2019-05-01 14:26:15', NULL),
(8, 22, 0, 0, 0, NULL, NULL, NULL, NULL, NULL, '', '2019-05-01 14:26:15', NULL),
(8, 23, 0, 0, 0, NULL, NULL, NULL, NULL, NULL, '', '2019-05-01 14:26:15', NULL),
(9, 25, 0, 0, 0, NULL, NULL, NULL, NULL, NULL, '', '2019-05-01 14:26:15', NULL),
(9, 26, 0, 0, 0, NULL, NULL, NULL, NULL, 1, 'Почему лучшие этажи 5-15?<br>Это наиболее удобный вариант, автомобильных шумов почти не слышно, из окон открывается  хороший вид. И соотношение стоимости м.кв.  и получаемого комфорта - оптимальное.<br>Хотя есть особенности, о которых мы вас спросим на следующих уровнях теста.', '2019-05-01 14:26:15', '2019-05-14 23:37:38'),
(9, 27, 0, 0, 0, NULL, NULL, NULL, NULL, NULL, '', '2019-05-01 14:26:15', NULL),
(10, 30, 0, 0, 0, NULL, NULL, NULL, NULL, NULL, '', '2019-05-01 14:26:16', NULL),
(10, 31, 0, 0, 0, NULL, NULL, NULL, NULL, 1, 'Подобные объявления требуют вашего пристального внимания. Квартира не может стоить дешевле рынка на 15% и более.<br>И никогда не смотрите на объявления из разряда "Живу в Европе, здесь осталась квартира, и она не нужна".', '2019-05-01 14:26:16', NULL),
(11, 5, 0, 0, 0, NULL, NULL, NULL, NULL, 1, 'Шум от лифтовой шахты может стать источником дискомфорта.', '2019-05-01 14:26:16', NULL),
(11, 6, 0, 0, 0, NULL, NULL, NULL, NULL, NULL, '', '2019-05-01 14:26:16', NULL),
(11, 32, 0, 0, 0, NULL, NULL, NULL, NULL, NULL, '', '2019-05-01 14:26:16', NULL),
(12, 33, 0, 0, 0, NULL, NULL, NULL, NULL, NULL, '', '2019-05-01 14:26:16', NULL),
(12, 34, 0, 0, 0, NULL, NULL, NULL, NULL, NULL, '', '2019-05-01 14:26:16', NULL),
(12, 35, 0, 0, 0, NULL, NULL, NULL, NULL, 1, 'Если дом сделан с учетом всех нормативов, то качество "вторички" ничуть не уступает современным новостройкам. Качество строительства  зависит от соблюдения СНиП и примененных материалов.<br>Какие материалы лучше ? - об этом в следующих вопросах.', '2019-05-01 14:26:16', '2019-05-14 23:40:01'),
(13, 5, 0, 0, 0, NULL, NULL, NULL, NULL, 1, 'Лучше обращать, даже если авто у вас нет. Сегодня нет, завтра есть.', '2019-05-01 14:26:16', NULL),
(13, 6, 0, 0, 0, NULL, NULL, NULL, NULL, NULL, '', '2019-05-01 14:26:16', NULL),
(13, 37, 0, 0, 0, NULL, NULL, NULL, NULL, NULL, '', '2019-05-01 14:26:16', NULL),
(14, 38, 0, 0, 0, NULL, NULL, NULL, NULL, NULL, '', '2019-05-01 14:26:16', NULL),
(14, 39, 0, 0, 0, NULL, NULL, NULL, NULL, 1, 'Есть смысл взять на осмотр квартиры стороннего наблюдателя, который не будет в ней жить. Он сможет объективнее оценить плюсы и минусы квартиры и дома.', '2019-05-01 14:26:16', NULL),
(14, 40, 0, 0, 0, NULL, NULL, NULL, NULL, NULL, '', '2019-05-01 14:26:16', NULL),
(15, 5, 0, 0, 0, NULL, NULL, NULL, NULL, 1, 'Да, это его продолжение и неотъемлемая часть, которая во многом выбирается бессознательно.', '2019-05-01 14:26:16', NULL),
(15, 41, 0, 0, 0, NULL, NULL, NULL, NULL, NULL, '', '2019-05-01 14:26:16', NULL),
(16, 5, 0, 0, 0, NULL, NULL, NULL, NULL, 1, 'Если дом окружает ветхий фонд, то в настоящем это фактор "разбитых окон", а в будущем - район может превратится в сплошной шум от новых строек.', '2019-05-01 14:26:16', NULL),
(16, 42, 0, 0, 0, NULL, NULL, NULL, NULL, NULL, '', '2019-05-01 14:26:16', NULL),
(17, 5, 0, 0, 0, NULL, NULL, NULL, NULL, 1, 'Если квартира была в собственности менее года, это говорит о том, что, скорее всего, перед вами перекупщик. Он мог замаскировать косметическим ремонтом все неисправности, в т.ч. полученные от застройщика.<br>Если же квартира была в собственности всего несколько месяцев и сразу продается, то это должно вас насторожить.', '2019-05-01 14:26:16', NULL),
(17, 6, 0, 0, 0, NULL, NULL, NULL, NULL, NULL, '', '2019-05-01 14:26:16', NULL),
(17, 43, 0, 0, 0, NULL, NULL, NULL, NULL, NULL, '', '2019-05-01 14:26:16', NULL),
(18, 44, 0, 0, 0, NULL, NULL, NULL, NULL, NULL, '', '2019-05-01 14:26:16', NULL),
(18, 45, 0, 0, 0, NULL, NULL, NULL, NULL, 1, 'Осмотр квартиры целесообразнее проводить днем, чтобы увидеть все мелкие недостатки и особенности ремонта, а также недостатки благоустройства прилегающей к дому территории.', '2019-05-01 14:26:16', NULL),
(18, 46, 0, 0, 0, NULL, NULL, NULL, NULL, NULL, '', '2019-05-01 14:26:16', NULL),
(18, 47, 0, 0, 0, NULL, NULL, NULL, NULL, NULL, '', '2019-05-01 14:26:17', NULL),
(19, 5, 0, 0, 0, NULL, NULL, NULL, NULL, 1, 'Проверять долю владения собственника нужно обязательно. Чтобы была полная прозрачность и гарантия юридической чистоты сделки.<br>Эта информация содержится в выписке из  ЕГРН, ее можно заказать на сайте Росреестра https://rosreestr.ru.', '2019-05-01 14:26:17', NULL),
(19, 6, 0, 0, 0, NULL, NULL, NULL, NULL, NULL, '', '2019-05-01 14:26:17', NULL),
(19, 48, 0, 0, 0, NULL, NULL, NULL, NULL, NULL, '', '2019-05-01 14:26:17', NULL),
(20, 49, 0, 0, 0, NULL, NULL, NULL, NULL, NULL, '', '2019-05-01 14:26:17', NULL),
(20, 50, 0, 0, 0, NULL, NULL, NULL, NULL, 1, 'Исследователи доказали, что в большинстве случаев (в 2 раза) большую роль играют именно эмоции - нравится/не нравится.', '2019-05-01 14:26:17', NULL),
(20, 51, 0, 0, 0, NULL, NULL, NULL, NULL, NULL, '', '2019-05-01 14:26:17', NULL),
(21, 5, 0, 0, 0, NULL, NULL, NULL, NULL, 1, 'Как проверить эффективность вентиляции ?<br> Можно листом бумаги. Просто поднесите его к отверстию и увидите, насколько хорошо работает тяга. От этого будет зависеть весь воздухообмен в квартире, а значит и качество жизни.<br>В соответствии с нормативами в жилых помещениях воздух должен полностью заменяться каждый час или ~3 м.куб. в час на 1 м.кв. площади. Иначе вы рискуете повредить здоровье, вдыхая застоявшийся воздух с повышенным содержанием токсинов от строительных конструкций и мебели.<br>Если естественная вентиляция не работает - проблему можно решить принудительной приточной или вытяжной вентиляцией - но это потребует значительных затрат и в ряде случаев капитального ремонта квартиры.', '2019-05-01 14:26:17', '2019-05-06 22:19:29'),
(21, 52, 0, 0, 0, NULL, NULL, NULL, NULL, NULL, '', '2019-05-01 14:26:17', NULL),
(21, 53, 0, 0, 0, NULL, NULL, NULL, NULL, NULL, '', '2019-05-01 14:26:17', NULL),
(22, 54, 0, 0, 0, NULL, NULL, NULL, NULL, NULL, '', '2019-05-01 14:26:17', NULL),
(22, 55, 0, 0, 0, NULL, NULL, NULL, NULL, NULL, '', '2019-05-01 14:26:17', NULL),
(22, 56, 0, 0, 0, NULL, NULL, NULL, NULL, 1, 'Самой хорошей считается высота от 280 см. Доказано, что чем выше высота потолка, тем психологически свободнее чувствуют себя хозяева и гости и лучше воздухообмен.<br>Однако, учитывайте, что ремонт квартиры с высокими потолками обойдется вам дороже из-за большей площади отделки.', '2019-05-01 14:26:17', '2019-05-25 18:06:26'),
(23, 57, 0, 0, 0, NULL, NULL, NULL, NULL, 1, 'Лучше небольшая, но функциональная. Планировка должна быть функциональной и гибкой.<br>Под функциональностью зонирования имеется в виду, что в квартире должна быть соблюдена логика перемещения (рядом со спальней есть ванная, гостиная находится по соседству с кухней и т. п.), сохранена удобная геометрия комнат, продумана расстановка мебели и техники, учтено естественное освещение и все тонкости инженерных коммуникаций.', '2019-05-01 14:26:17', NULL),
(23, 58, 0, 0, 0, NULL, NULL, NULL, NULL, NULL, '', '2019-05-01 14:26:17', NULL),
(24, 59, 0, 0, 0, NULL, NULL, NULL, NULL, NULL, '', '2019-05-01 14:26:17', NULL),
(24, 60, 0, 0, 0, NULL, NULL, NULL, NULL, NULL, '', '2019-05-01 14:26:17', NULL),
(24, 61, 0, 0, 0, NULL, NULL, NULL, NULL, 1, 'В каждом случае — индивидуально.', '2019-05-01 14:26:17', NULL),
(24, 62, 0, 0, 0, NULL, NULL, NULL, NULL, NULL, '', '2019-05-01 14:26:17', NULL),
(25, 63, 0, 0, 0, NULL, NULL, NULL, NULL, NULL, '', '2019-05-01 14:26:17', NULL),
(25, 64, 0, 0, 0, NULL, NULL, NULL, NULL, NULL, '', '2019-05-01 14:26:17', NULL),
(25, 65, 0, 0, 0, NULL, NULL, NULL, NULL, 1, '8-10 кв.м. Именно такую кухню возможно "вооружить" всем необходимым набором мебели и техники.', '2019-05-01 14:26:17', '2019-05-12 09:59:58'),
(25, 66, 0, 0, 0, NULL, NULL, NULL, NULL, NULL, '', '2019-05-01 14:26:17', NULL),
(26, 67, 0, 0, 0, NULL, NULL, NULL, NULL, NULL, '', '2019-05-01 14:26:17', NULL),
(26, 68, 0, 0, 0, NULL, NULL, NULL, NULL, NULL, '', '2019-05-01 14:26:17', NULL),
(26, 69, 0, 0, 0, NULL, NULL, NULL, NULL, 1, 'Все индивидуально. И зависит от каждого конкретного случая.', '2019-05-01 14:26:17', NULL),
(27, 70, 0, 0, 0, NULL, NULL, NULL, NULL, NULL, '', '2019-05-01 14:26:17', NULL),
(27, 71, 0, 0, 0, NULL, NULL, NULL, NULL, 1, 'Не нужно быть дизайнером, чтобы понимать: самая эргономичная форма помещения - квадрат или широкий прямоугольник. Поэтому не поддавайтесь соблазнам "креативных" планировок.', '2019-05-01 14:26:18', NULL),
(27, 72, 0, 0, 0, NULL, NULL, NULL, NULL, NULL, '', '2019-05-01 14:26:18', NULL),
(28, 73, 0, 0, 0, NULL, NULL, NULL, NULL, NULL, '', '2019-05-01 14:26:18', NULL),
(28, 74, 0, 0, 0, NULL, NULL, NULL, NULL, 1, 'Вывести плесень можно только путем создания таких условий, при которых вы сами сбежите из своей квартиры.<br>Осматривать каждый угол обязательно!', '2019-05-01 14:26:18', NULL),
(28, 75, 0, 0, 0, NULL, NULL, NULL, NULL, NULL, '', '2019-05-01 14:26:18', NULL),
(29, 76, 0, 0, 0, NULL, NULL, NULL, NULL, NULL, '', '2019-05-01 14:26:18', NULL),
(29, 77, 0, 0, 0, NULL, NULL, NULL, NULL, NULL, '', '2019-05-01 14:26:18', NULL),
(29, 78, 0, 0, 0, NULL, NULL, NULL, NULL, 1, 'Северная сторона наиболее темная и холодная. Если такие комнаты в квартире есть, то вам потребуется уделить внимание их искусственному освещению и утеплению.<br>Южная сторона, будет причинять дискомфорт в солнечные дни. В таких комнатах также нужно избегать попадания прямых солнечных лучей на элементы отделки и мебели, чтобы не допустить потери цвета. Особенно сразу после ремонта, когда еще не успели повесить шторы!', '2019-05-01 14:26:18', NULL),
(29, 79, 0, 0, 0, NULL, NULL, NULL, NULL, 1, '', '2019-05-01 14:26:18', NULL),
(30, 80, 0, 0, 0, NULL, NULL, NULL, NULL, NULL, '', '2019-05-01 14:26:18', NULL),
(30, 81, 0, 0, 0, NULL, NULL, NULL, NULL, NULL, '', '2019-05-01 14:26:18', NULL),
(30, 82, 0, 0, 0, NULL, NULL, NULL, NULL, 1, 'Фасады с отделкой  штукатуркой (любые типы мокрых фасадов) наименее стойки к атмосферным воздействиям. Через несколько лет в отделке могут появится трещины и  серые подтеки, пыль и грязь от ближайших автодорог ложится на штукатурку тёмным слоем.', '2019-05-01 14:26:18', NULL),
(30, 83, 0, 0, 0, NULL, NULL, NULL, NULL, NULL, '', '2019-05-01 14:26:18', NULL),
(30, 84, 0, 0, 0, NULL, NULL, NULL, NULL, NULL, '', '2019-05-01 14:26:18', NULL),
(31, 6, 0, 0, 0, NULL, NULL, NULL, NULL, 1, 'Лучше не рисковать, такое жилье не ликвидное, либо станет неликвидным со временем эксплуатации.  Дом стоял и мок несколько лет, грибок, плесень, вода в подвалах, и наверняка достроили тяп-ляп. Бетон стоял под открытым небом, арматура ржавела, соединительные конструкции - тоже.<br>Если это монолит - это еще полбеды. А если панель - высоки риски потери прочности и разрушения конструкций.', '2019-05-01 14:26:18', NULL),
(31, 85, 0, 0, 0, NULL, NULL, NULL, NULL, NULL, '', '2019-05-01 14:26:18', NULL),
(31, 86, 0, 0, 0, NULL, NULL, NULL, NULL, NULL, '', '2019-05-01 14:26:18', NULL),
(32, 87, 0, 0, 0, NULL, NULL, NULL, NULL, NULL, '', '2019-05-01 14:26:18', NULL),
(32, 88, 0, 0, 0, NULL, NULL, NULL, NULL, NULL, '', '2019-05-01 14:26:18', NULL),
(32, 89, 0, 0, 0, NULL, NULL, NULL, NULL, 1, 'Если план БТИ менялся, то сверки с планом БТИ будет недостаточно.<br>Для того, чтобы понять, была ли в приобретаемой квартире перепланировка, нужно сравнить план БТИ с первоначальной планировкой квартиры и фактическую планировку. Если они один-в-один соответствует друг другу, то в данной квартире перепланировки нет.', '2019-05-01 14:26:18', '2019-05-11 10:12:22'),
(33, 5, 0, 0, 0, NULL, NULL, NULL, NULL, NULL, '', '2019-05-01 14:26:18', NULL),
(33, 6, 0, 0, 0, NULL, NULL, NULL, NULL, 1, 'Прописанные в квартире третьи лица не могут получить в ней долю, не могут отобрать ее у собственника. Зарегистрированный гражданин не имеет никаких прав на собственность в данной квартире. Если он отказывается выписаться самостоятельно, то собственник имеет право обратиться в суд.<br>Кроме того, в настоящее время трудоспособного человека можно выписать просто по желанию собственника.<br>Стоит отметить, что выписывать несовершеннолетнего ребенка, если нет информации о его будущей регистрации, нельзя.', '2019-05-01 14:26:18', NULL),
(34, 90, 0, 0, 0, NULL, NULL, NULL, NULL, 1, 'Наиболее значимый фактор — автомобили: они ответственны за 92 % всех выбросов, остальные 8 % — выбросы стационарных источников: промышленных предприятий, ТЭК, очистных сооружений и так далее.', '2019-05-01 14:26:18', NULL),
(34, 91, 0, 0, 0, NULL, NULL, NULL, NULL, NULL, '', '2019-05-01 14:26:18', NULL),
(34, 92, 0, 0, 0, NULL, NULL, NULL, NULL, NULL, '', '2019-05-01 14:26:18', NULL),
(34, 93, 0, 0, 0, NULL, NULL, NULL, NULL, NULL, '', '2019-05-01 14:26:19', NULL),
(35, 5, 0, 0, 0, NULL, NULL, NULL, NULL, NULL, '', '2019-05-01 14:26:19', NULL),
(35, 6, 0, 0, 0, NULL, NULL, NULL, NULL, NULL, '', '2019-05-01 14:26:19', NULL),
(35, 94, 0, 0, 0, NULL, NULL, NULL, NULL, 1, 'Как правило, принято включать разводку электричества в черновую отделку квартиры.<br>Но, точное определение состава работ, которые должен выполнить застройщик, дает только договор с застройщиком. Что может существенно повлиять на стоимость квартиры.', '2019-05-01 14:26:19', NULL),
(36, 5, 0, 0, 0, NULL, NULL, NULL, NULL, 1, 'Согласно СанПиН 2.2.1/2.1.1.1200-03 “Санитарно-защитные зоны и санитарная классификация предприятий, сооружений и иных объектов”, ТЭЦ и районные котельные тепловой мощностью 200 Гкал и выше, работающие на угольном и мазутном топливе, относятся ко второму классу опасности с СЗЗ не менее 500 м, работающие на газовом и газомазутном топливе - относятся к предприятиям третьего класса с СЗЗ не менее 300 м.', '2019-05-01 14:26:19', NULL),
(36, 6, 0, 0, 0, NULL, NULL, NULL, NULL, NULL, '', '2019-05-01 14:26:19', NULL),
(36, 95, 0, 0, 0, NULL, NULL, NULL, NULL, NULL, '', '2019-05-01 14:26:19', '2019-05-11 00:41:19'),
(37, 5, 0, 0, 0, NULL, NULL, NULL, NULL, 1, 'Необходимо разделять понятия «свалка» и «полигон ТБО»: свалки — это несанкционированные места складирования отходов, полигоны — официальные.<br>Например в Москве полигонов ТБО нет - все ТБО свозятся на полигоны в области.', '2019-05-01 14:26:19', NULL),
(37, 6, 0, 0, 0, NULL, NULL, NULL, NULL, NULL, '', '2019-05-01 14:26:19', NULL),
(38, 6, 0, 0, 0, NULL, NULL, NULL, NULL, NULL, '', '2019-05-01 14:26:19', NULL),
(38, 96, 0, 0, 0, NULL, NULL, NULL, NULL, 1, 'Качество воды в квартире зависит от источника забора, очистных сооружений, изношенности сети водопровода района и наличия системы очистки водопроводной воды в домовом водомерном узле.', '2019-05-01 14:26:19', NULL),
(38, 97, 0, 0, 0, NULL, NULL, NULL, NULL, 1, '', '2019-05-01 14:26:19', NULL),
(39, 5, 0, 0, 0, NULL, NULL, NULL, NULL, 1, 'Первый способ - снять крышку со смывного бачка унитаза - вода в бачке отстаивается и по уровню налета можно судить о составе и загрязненности воды.<br>Другой - брызнуть водой на стекло - чем больше примесей, тем больше будет налет после высыхания влаги.<br>После этих действий можно задать вопросы о качестве воды продавцу.', '2019-05-01 14:26:19', NULL),
(39, 98, 0, 0, 0, NULL, NULL, NULL, NULL, NULL, '', '2019-05-01 14:26:19', NULL),
(39, 99, 0, 0, 0, NULL, NULL, NULL, NULL, NULL, '', '2019-05-01 14:26:19', NULL),
(40, 100, 0, 0, 0, NULL, NULL, NULL, NULL, 1, 'Современные строительные материалы обеспечивают хорошую тепло-и-шумоизоляцию. При этом угловая квартира имеет меньше соседей, поэтому меньше возможных негативных факторов, исходящих от них (шум, запах, подтопление, пожар и прочее).', '2019-05-01 14:26:19', NULL),
(40, 101, 0, 0, 0, NULL, NULL, NULL, NULL, NULL, '', '2019-05-01 14:26:19', NULL),
(40, 102, 0, 0, 0, NULL, NULL, NULL, NULL, NULL, '', '2019-05-01 14:26:19', NULL),
(41, 5, 0, 0, 0, NULL, NULL, NULL, NULL, NULL, '', '2019-05-01 14:26:19', NULL),
(41, 6, 0, 0, 0, NULL, NULL, NULL, NULL, NULL, '', '2019-05-01 14:26:19', NULL),
(41, 103, 0, 0, 0, NULL, NULL, NULL, NULL, 1, 'Условие  о привлечении третьих лиц для исполнения обязательств по договору может быть уместно и соответствует нормам ГК.<br>Риэлторы часто включают этот пункт в договор. Например, могут привлекаться сотрудники, работающие по агентскому договору, адвокаты и юристы, то есть, те профессионалы, которые помогут провести сделку.', '2019-05-01 14:26:19', NULL),
(41, 104, 0, 0, 0, NULL, NULL, NULL, NULL, NULL, '', '2019-05-01 14:26:19', NULL),
(42, 105, 0, 0, 0, NULL, NULL, NULL, NULL, 1, 'Юристы рекомендуют заключать договор на срок, не превышающий 3 месяца. В случае необходимости его можно будет продлить.<br>Формулировка «до выполнения обязательств» в бессрочном договоре должна насторожить, потому что в такой ситуации вы можете ничего не добиться от агента годами.<br>И обратите внимание, не предусмотрен ли штраф за досрочное расторжение договора.', '2019-05-01 14:26:19', NULL),
(42, 106, 0, 0, 0, NULL, NULL, NULL, NULL, NULL, '', '2019-05-01 14:26:19', NULL),
(43, 5, 0, 0, 0, NULL, NULL, NULL, NULL, 1, 'По закону долг за капитальный ремонт переходит к следующему собственнику. Это долг, закрепленный за квартирой -см. п. 3 ст. 158 ЖК РФ.<br>Но, чтобы этого не делать, в первую очередь, проверьте все задолженности по квартире лично через запрос в управляющую компанию.', '2019-05-01 14:26:19', NULL),
(43, 107, 0, 0, 0, NULL, NULL, NULL, NULL, NULL, '', '2019-05-01 14:26:19', NULL),
(43, 108, 0, 0, 0, NULL, NULL, NULL, NULL, NULL, '', '2019-05-01 14:26:19', NULL),
(44, 5, 0, 0, 0, NULL, NULL, NULL, NULL, NULL, '', '2019-05-01 14:26:19', NULL),
(44, 6, 0, 0, 0, NULL, NULL, NULL, NULL, 1, 'Продать «хрущевки» сейчас можно только с дисконтом – до 15%. Привлекательность этих квартир снижается уже больше десяти лет. У новой генерации покупателей (25-35-летних) начисто отсутствует интерес к жилью в «хрущевках» – ими востребованы современные форматы.<br>Основными покупателями квартир в старых пятиэтажках являются люди с невысоким доходом, для которых низкая цена – абсолютный приоритет при выборе жилья.', '2019-05-01 14:26:20', NULL),
(45, 5, 0, 0, 0, NULL, NULL, NULL, NULL, 1, 'Сделка возможна, но  срок экспозиции квартиры (поиска покупателя) существенно удлинится. Либо придется сделать скидку. Так как покупателю придется  пройти весь путь узаконивания и груз материальных и моральных трат упадет на него.<br> Понятно, что мы здесь не рассматриваем недобросовестные действия участников сделки.', '2019-05-01 14:26:20', NULL),
(45, 6, 0, 0, 0, NULL, NULL, NULL, NULL, NULL, '', '2019-05-01 14:26:20', NULL),
(46, 5, 0, 0, 0, NULL, NULL, NULL, NULL, 1, 'С 1 июля 2019 года застройщики обязаны привлекать деньги граждан только с помощью специальных эскроу-счетов в уполномоченных банках.<br>Для граждан использование эскроу-счетов — гарантия сохранности денег. Они лежат на счете в банке. Застройщик не имеет к ним доступа до завершения строительства — значит, исключена возможность нецелевого расходования денежных средств покупателей жилья.<br>Дольщик может вернуть деньги, если застройщик не в состоянии закончить строительство объекта и признан банкротом.', '2019-05-01 14:26:20', NULL),
(46, 6, 0, 0, 0, NULL, NULL, NULL, NULL, NULL, '', '2019-05-01 14:26:20', NULL),
(47, 5, 0, 0, 0, NULL, NULL, NULL, NULL, NULL, '', '2019-05-01 14:26:20', NULL),
(47, 6, 0, 0, 0, NULL, NULL, NULL, NULL, 1, 'Частой ошибкой при покупке квартиры в новостройке является подписание акта покупателем на основании устных обещаний от застройщика исправить неполадки.<br>Такое соглашение грозит тем, что будущему владельцу придется самостоятельно проводить ремонтные работы. Лучше до исправления дефектов ничего не подписывать.', '2019-05-01 14:26:20', NULL),
(48, 93, 0, 0, 0, NULL, NULL, NULL, NULL, NULL, '', '2019-05-01 14:26:20', NULL),
(48, 109, 0, 0, 0, NULL, NULL, NULL, NULL, NULL, '', '2019-05-01 14:26:20', NULL),
(48, 110, 0, 0, 0, NULL, NULL, NULL, NULL, NULL, '', '2019-05-01 14:26:20', NULL),
(48, 111, 0, 0, 0, NULL, NULL, NULL, NULL, NULL, '', '2019-05-01 14:26:20', NULL),
(48, 112, 0, 0, 0, NULL, NULL, NULL, NULL, NULL, '', '2019-05-01 14:26:20', NULL),
(48, 113, 0, 0, 0, NULL, NULL, NULL, NULL, 1, 'Наиболее значимый благоприятный фактор - роза ветров со стороны природных зон и возвышенность. Т.к. это обеспечивает постоянный приток и быструю замену чистого воздуха в районе.', '2019-05-01 14:26:20', NULL),
(49, 115, 0, 0, 0, NULL, NULL, NULL, NULL, NULL, '', '2019-05-01 14:26:20', NULL),
(49, 116, 0, 0, 0, NULL, NULL, NULL, NULL, NULL, '', '2019-05-01 14:26:20', NULL),
(49, 117, 0, 0, 0, NULL, NULL, NULL, NULL, 1, 'Больше всего производств — около 24 % — расположено на юго-востоке Москвы.', '2019-05-01 14:26:20', NULL),
(49, 118, 0, 0, 0, NULL, NULL, NULL, NULL, NULL, '', '2019-05-01 14:26:20', NULL),
(49, 119, 0, 0, 0, NULL, NULL, NULL, NULL, NULL, '', '2019-05-01 14:26:20', NULL),
(50, 120, 0, 0, 0, NULL, NULL, NULL, NULL, NULL, '', '2019-05-01 14:26:20', NULL),
(50, 121, 0, 0, 0, NULL, NULL, NULL, NULL, 1, 'Цена на старте продаж составляет порядка 75% от окончательной цены. Можно сказать, что цена на новостройку за период строительства вырастет примерно на 33% (1/0.75=1.33).', '2019-05-01 14:26:20', NULL),
(50, 122, 0, 0, 0, NULL, NULL, NULL, NULL, NULL, '', '2019-05-01 14:26:20', NULL),
(50, 123, 0, 0, 0, NULL, NULL, NULL, NULL, NULL, '', '2019-05-01 14:26:20', NULL),
(51, 124, 0, 0, 0, NULL, NULL, NULL, NULL, 1, 'Соседи являются главным скрытым фактором при покупке квартиры, который впоследствии может привести к необходимости ее продажи.<br>Соседи сверху могут угрожать вам подтоплением, засорением канализации и повышенным шумом.<br>Соседи снизу - неприятным запахом из вентиляции, балконных стояков и щелей в перекрытиях.<br> Соседи по лестничной клетке - антисанитарией, шумом и низкой культурой поведения.', '2019-05-01 14:26:20', NULL),
(51, 125, 0, 0, 0, NULL, NULL, NULL, NULL, 1, '', '2019-05-01 14:26:20', NULL),
(51, 126, 0, 0, 0, NULL, NULL, NULL, NULL, 1, '', '2019-05-01 14:26:20', NULL),
(51, 127, 0, 0, 0, NULL, NULL, NULL, NULL, NULL, '', '2019-05-01 14:26:20', NULL),
(52, 128, 0, 0, 0, NULL, NULL, NULL, NULL, 1, 'Даже минимальные дозы радиации способны вызвать генетические и соматические изменения. Они могут сказаться на здоровье не сразу и долго оставаться незамеченными. Поэтому абсолютно безопасных показателей радиационного излучения не существует, можно говорить лишь о допустимых пределах.<br>Мы предлагаем ориентироваться на предел до 25 мкР/час, после которого необходимо задавать вопросы застройщику или продавцу квартиры. Для большинства регионов России естественный уровень радиации колеблется в пределах от 10 до 20 мкР/час.', '2019-05-01 14:26:21', NULL),
(52, 129, 0, 0, 0, NULL, NULL, NULL, NULL, 1, '', '2019-05-01 14:26:21', NULL),
(52, 130, 0, 0, 0, NULL, NULL, NULL, NULL, NULL, '', '2019-05-01 14:26:21', NULL),
(53, 131, 0, 0, 0, NULL, NULL, NULL, NULL, 1, '', '2019-05-01 14:26:21', NULL),
(53, 132, 0, 0, 0, NULL, NULL, NULL, NULL, NULL, '', '2019-05-01 14:26:21', NULL),
(53, 133, 0, 0, 0, NULL, NULL, NULL, NULL, 1, 'Для перепланировки требуется частичный перенос внутренних стен и перегородок. Такая операция возможна при получении соответствующего разрешения от надзорного органа в кирпичных домах, либо в монолитных домах (по перегородкам, не являющимся монолитной частью дома).<br>В блочных домах все стены являются несущими элементами и не подлежат переносу.', '2019-05-01 14:26:21', NULL),
(53, 134, 0, 0, 0, NULL, NULL, NULL, NULL, NULL, '', '2019-05-01 14:26:21', NULL),
(54, 135, 0, 0, 0, NULL, NULL, NULL, NULL, 1, 'Согласно сложившейся практике при указании площади квартиры в объявлениях о продаже ее площадь указывается вместе с балконами.<br>Тогда как при определении площади квартиры в правоустанавливающих документах и в договоре, площадь балконов берется с коэффициентом 0,3, лоджий — 0,5.', '2019-05-01 14:26:21', NULL),
(54, 136, 0, 0, 0, NULL, NULL, NULL, NULL, NULL, '', '2019-05-01 14:26:21', NULL),
(54, 137, 0, 0, 0, NULL, NULL, NULL, NULL, NULL, '', '2019-05-01 14:26:21', NULL),
(54, 138, 0, 0, 0, NULL, NULL, NULL, NULL, NULL, '', '2019-05-01 14:26:21', NULL),
(55, 140, 0, 0, 0, NULL, NULL, NULL, NULL, NULL, '', '2019-05-01 14:26:21', NULL),
(55, 141, 0, 0, 0, NULL, NULL, NULL, NULL, 1, 'По порядку:<br>1) Неработоспособность кондиционеров в холодное время года полноценно  проверить невозможно.<br>2) Зимой все изъяны благоустройства территории будут под снежным покровом.', '2019-05-01 14:26:21', '2019-05-25 17:33:46'),
(55, 143, 0, 0, 0, NULL, NULL, NULL, NULL, NULL, '', '2019-05-01 14:26:21', NULL),
(55, 145, 0, 0, 0, NULL, NULL, NULL, NULL, 1, '', '2019-05-01 14:26:21', NULL),
(56, 140, 0, 0, 0, NULL, NULL, NULL, NULL, NULL, '', '2019-05-01 14:26:21', NULL),
(56, 143, 0, 0, 0, NULL, NULL, NULL, NULL, 1, '', '2019-05-01 14:26:21', NULL),
(56, 145, 0, 0, 0, NULL, NULL, NULL, NULL, NULL, '', '2019-05-01 14:26:21', NULL),
(56, 147, 0, 0, 0, NULL, NULL, NULL, NULL, 1, 'По порядку:<br>1) Если стеклопакеты с плохой теплоизоляцией, то проверить это в жаркий летний день невозможно.<br>2) Не герметичность систем отопления летом можно проверить только специально заказав опрессовку системы в специализированной компании - иначе есть существенные риски затопления квартиры после подачи тепла в зимнее время.<br> 3) В зимнее время от управляющей компании требуется гораздо больше усилий для уборки помещений и прилегающей территории - в летнее время такой некачественный сервис не проявится.', '2019-05-01 14:26:21', NULL),
(56, 152, 0, 0, 0, NULL, NULL, NULL, NULL, 1, '', '2019-05-01 14:26:21', NULL),
(57, 153, 0, 0, 0, NULL, NULL, NULL, NULL, NULL, '', '2019-05-01 14:26:21', NULL),
(57, 154, 0, 0, 0, NULL, NULL, NULL, NULL, NULL, '', '2019-05-01 14:26:21', NULL),
(57, 155, 0, 0, 0, NULL, NULL, NULL, NULL, NULL, '', '2019-05-01 14:26:22', NULL),
(57, 156, 0, 0, 0, NULL, NULL, NULL, NULL, 1, 'Зачастую на крышах домов при соблюдении ряда условий по законодательству могут размещаться вышки ретрансляторов сотовой и другой связи, что создает дополнительные факторы повышенного электромагнитного излучения.<br>Риски затопления канализацией отсутствуют, риски негативных запахов одинаковы для всех этажей при правильном устройстве каналов вытяжек.<br>Риски затопления водой с крыши в новом доме будут ниже, чем риски протопления от соседей сверху.', '2019-05-01 14:26:22', NULL),
(58, 157, 0, 0, 0, NULL, NULL, NULL, NULL, NULL, '', '2019-05-01 14:26:22', NULL),
(58, 158, 0, 0, 0, NULL, NULL, NULL, NULL, NULL, '', '2019-05-01 14:26:22', NULL),
(58, 159, 0, 0, 0, NULL, NULL, NULL, NULL, NULL, '', '2019-05-01 14:26:22', NULL),
(58, 160, 0, 0, 0, NULL, NULL, NULL, NULL, 1, 'В многоэтажных домах подача воды осуществляется несколькими водонапорными устройствами, таким образом, что этажи распределены между ними примерно равными частями.<br>Напр. 1-7 этажи первое водонапорное устройство, 8-15 - второе, 15-25 третье. На верхних этажах в указанных интервалах  напор воды будет наименьшим, на нижних - наибольшим. При этом с повышением этажа давление падает примерно на 0,3 атм. На нижних этажах интервала  устанавливают устройства понижающие давление.<br>По СНИП нормальным считается давление в пределах от 0,3 до 6 атм. (для холодной воды) и 0,3 до 4,5 атм. (для горячей воды). При этом необходимо знать,  что для стиральной машины нужно мин давление 2 атм., для посудомоечной машины - 1,5 атм., для нормальной работы джакузи и гидромассажного оборудования - 4 атм.,  а для комфортной работы большинства современных смесителей и душевых леек - 3,5 атм.<br>Для квартир на верхних этажах интервала при недостаточном давление воды, его повышение является весьма дорогой и проблематичной задачей.<br>Наиболее простой и примитивный способ проверить достаточное давление горячей и холодной воды  - включить душ на полную подачу отдельно по холодной и отдельно по горячей воде. При достаточном  давлении (~ от 2,5-3 атм.) струя должна бить вверх  не меньше чем на 1 метр.', '2019-05-01 14:26:22', NULL),
(58, 161, 0, 0, 0, NULL, NULL, NULL, NULL, NULL, '', '2019-05-01 14:26:22', NULL),
(59, 162, 0, 0, 0, NULL, NULL, NULL, NULL, NULL, '', '2019-05-01 14:26:22', NULL),
(59, 163, 0, 0, 0, NULL, NULL, NULL, NULL, NULL, '', '2019-05-01 14:26:22', NULL),
(59, 164, 0, 0, 0, NULL, NULL, NULL, NULL, NULL, '', '2019-05-01 14:26:22', NULL),
(59, 165, 0, 0, 0, NULL, NULL, NULL, NULL, NULL, '', '2019-05-01 14:26:22', NULL),
(59, 166, 0, 0, 0, NULL, NULL, NULL, NULL, 1, 'Электротехнический вопрос - один из самых сложных и важных при покупке квартиры!<br> Несоответствие характеристик автоматических выключателей квартиры  к допустимым нагрузкам электрической сети  - это наибольший из рисков владельца квартиры, который может привести к пожару!<br>В описанном кейсе отключение автомата этажа свидетельствует, что в квартире либо отсутствует автомат, либо его предельно допустимая нагрузка на отключение существенно выше проектной. Электрики говорят - "чувствительный автомат лучше чем запах проводки".<br>Мы рекомендуем при приемке квартиры на вторичном рынке приглашать сертифицированного специалиста для оценки правильности подключения электрооборудования квартиры к сети. При покупке квартиры от застройщика в новостройке прошедшей гос. приемку, указанные риски будут минимальны.', '2019-05-01 14:26:22', NULL),
(60, 167, 0, 0, 0, NULL, NULL, NULL, NULL, 1, 'Конечно нужно максимально собрать информацию их всех источников.<br>Покупка квартиры - крупнейшая сделка в жизни каждого человека. Если слепо доверять постерам, буклетам и проспектам в красочных обертках и безусловным уверениям контрагента по сделке - то можно налететь на корягу.<br>Вы должны четко представлять, что целью каждого участника на рынке недвижимости является быстрое закрытие сделки и максимизация дохода.', '2019-05-01 14:26:22', NULL),
(60, 168, 0, 0, 0, NULL, NULL, NULL, NULL, 1, '', '2019-05-01 14:26:22', NULL),
(60, 169, 0, 0, 0, NULL, NULL, NULL, NULL, 1, '', '2019-05-01 14:26:22', NULL),
(60, 170, 0, 0, 0, NULL, NULL, NULL, NULL, 1, '', '2019-05-01 14:26:22', NULL),
(60, 171, 0, 0, 0, NULL, NULL, NULL, NULL, 1, '', '2019-05-01 14:26:22', NULL),
(60, 172, 0, 0, 0, NULL, NULL, NULL, NULL, 1, '', '2019-05-01 14:26:22', NULL),
(61, 6, 0, 0, 0, NULL, NULL, NULL, NULL, NULL, '', '2019-05-01 14:26:22', NULL),
(61, 173, 0, 0, 0, NULL, NULL, NULL, NULL, NULL, '', '2019-05-01 14:26:22', NULL),
(61, 174, 0, 0, 0, NULL, NULL, NULL, NULL, NULL, '', '2019-05-01 14:26:22', NULL),
(61, 175, 0, 0, 0, NULL, NULL, NULL, NULL, 1, 'Данное право предусмотрено Федеральным законом № 218-ФЗ от 13.07.2015. Информация о собственнике жилья может быть направлена любому гражданину Российской Федерации, которому она необходима', '2019-05-01 14:26:22', NULL),
(62, 176, 0, 0, 0, NULL, NULL, NULL, NULL, NULL, '', '2019-05-01 14:26:22', NULL),
(62, 177, 0, 0, 0, NULL, NULL, NULL, NULL, NULL, '', '2019-05-01 14:26:22', NULL),
(62, 178, 0, 0, 0, NULL, NULL, NULL, NULL, 1, 'Экология не является ключевым фактором, который влияет на цену недвижимости.<br>Например центральный район Москвы, несмотря на транспортную загруженность, все-таки самый дорогой.', '2019-05-01 14:26:22', NULL),
(62, 179, 0, 0, 0, NULL, NULL, NULL, NULL, NULL, '', '2019-05-01 14:26:23', NULL),
(63, 180, 0, 0, 0, NULL, NULL, NULL, NULL, 1, 'Такой пункт в агентских договорах  свидетельствует о намерении компании сформировать скрытую комиссию - т.е. получить комиссию с обоих сторон сделки, манипулируя стоимостью продажи.', '2019-05-01 14:26:23', NULL),
(63, 181, 0, 0, 0, NULL, NULL, NULL, NULL, NULL, '', '2019-05-01 14:26:23', NULL),
(63, 182, 0, 0, 0, NULL, NULL, NULL, NULL, NULL, '', '2019-05-01 14:26:23', NULL),
(63, 183, 0, 0, 0, NULL, NULL, NULL, NULL, 1, '', '2019-05-01 14:26:23', NULL),
(64, 5, 0, 0, 0, NULL, NULL, NULL, NULL, NULL, '', '2019-05-01 14:26:23', NULL),
(64, 6, 0, 0, 0, NULL, NULL, NULL, NULL, 1, 'Риэлтора нельзя привлечь к судебной ответственности в качестве третьей стороны, так как продавец и покупатель вступают в правоотношения самостоятельно.', '2019-05-01 14:26:23', NULL),
(64, 184, 0, 0, 0, NULL, NULL, NULL, NULL, NULL, '', '2019-05-01 14:26:23', NULL),
(65, 5, 0, 0, 0, NULL, NULL, NULL, NULL, NULL, '', '2019-05-01 14:26:23', NULL),
(65, 6, 0, 0, 0, NULL, NULL, NULL, NULL, NULL, '', '2019-05-01 14:26:23', NULL),
(65, 185, 0, 0, 0, NULL, NULL, NULL, NULL, 1, 'Закон этого делать не запрещает. Стоит посмотреть договор с банком, не оговаривается ли он запрет на аренду третьими лицами.', '2019-05-01 14:26:23', NULL),
(66, 5, 0, 0, 0, NULL, NULL, NULL, NULL, NULL, '', '2019-05-01 14:26:23', NULL),
(66, 186, 0, 0, 0, NULL, NULL, NULL, NULL, NULL, '', '2019-05-01 14:26:23', NULL),
(66, 187, 0, 0, 0, NULL, NULL, NULL, NULL, NULL, '', '2019-05-01 14:26:23', NULL),
(66, 188, 0, 0, 0, NULL, NULL, NULL, NULL, 1, 'В настоящее время  доходность сдачи в аренду квартир  не превышает 5% в год от стоимости квартиры.<br>При текущем уровне ипотечных ставок не менее 8% в год  и ставок по вкладам не менее 5% в год, сдача ипотечных квартир в аренду не эффективна с первоначальным взносом 50% и 70%.<br>Другими словами, от такого варианта вложения денежных средств вы либо получите убыток, либо упущенную возможность дополнительного дохода по сравнению  с  размещением средств на вкладе.<br>Такой вариант вложений может иметь смысл только при высоких инфляционных ожиданиях.', '2019-05-01 14:26:23', NULL),
(67, 134, 0, 0, 0, NULL, NULL, NULL, NULL, NULL, '', '2019-05-01 14:26:23', NULL),
(67, 189, 0, 0, 0, NULL, NULL, NULL, NULL, NULL, '', '2019-05-01 14:26:23', NULL),
(67, 190, 0, 0, 0, NULL, NULL, NULL, NULL, NULL, '', '2019-05-01 14:26:23', NULL),
(67, 191, 0, 0, 0, NULL, NULL, NULL, NULL, 1, 'Прочность железобетонных конструкций, являющихся основой монолитного строительства, со временем возрастает, чего не скажешь о кирпичных и панельных домах.<br>В сказке  "Три поросенка" современный Наф-Наф построил бы монолитный дом.', '2019-05-01 14:26:23', NULL);

-- --------------------------------------------------------

--
-- Структура таблицы `spr_gift`
--

CREATE TABLE IF NOT EXISTS `spr_gift` (
  `ID` int(11) NOT NULL,
  `ID_BIS` int(11) NOT NULL,
  `DESCRIPTION` text NOT NULL,
  `DISCOUNT` int(11) DEFAULT NULL,
  `FILE_PATH` text,
  `DT_INSERTED` datetime NOT NULL DEFAULT CURRENT_TIMESTAMP,
  `DT_MODIFIED` datetime DEFAULT NULL ON UPDATE CURRENT_TIMESTAMP
) ENGINE=InnoDB DEFAULT CHARSET=utf8;

--
-- Дамп данных таблицы `spr_gift`
--

INSERT INTO `spr_gift` (`ID`, `ID_BIS`, `DESCRIPTION`, `DISCOUNT`, `FILE_PATH`, `DT_INSERTED`, `DT_MODIFIED`) VALUES
(0, 0, 'Подарок от сервиса Думай по умолчанию: буклет с вопросами ответами и благодарностью', NULL, '', '0000-00-00 00:00:00', '2019-05-10 19:26:35'),
(1, 1, 'Скидка на квартиры в ЖК', NULL, NULL, '2019-05-25 17:56:49', NULL);

-- --------------------------------------------------------

--
-- Структура таблицы `spr_question`
--

CREATE TABLE IF NOT EXISTS `spr_question` (
  `ID` int(11) NOT NULL,
  `ID_GROUP` int(11) NOT NULL,
  `QUESTION` varchar(2000) NOT NULL,
  `INFO` varchar(1024) DEFAULT NULL COMMENT 'доп.инфо к вопросу',
  `IS_MUST_HAVE_ANSWER` smallint(6) NOT NULL DEFAULT '0' COMMENT 'обязательный ответ',
  `IS_MULTI_ANSWER` smallint(6) NOT NULL DEFAULT '0' COMMENT 'множественный ответ',
  `IS_STAT` smallint(6) DEFAULT NULL,
  `ID_LEVEL` smallint(6) DEFAULT '0' COMMENT 'уровень сложности',
  `DT_INSERT` datetime DEFAULT CURRENT_TIMESTAMP,
  `DT_MODIFIED` datetime DEFAULT NULL ON UPDATE CURRENT_TIMESTAMP
) ENGINE=InnoDB AUTO_INCREMENT=68 DEFAULT CHARSET=utf8;

--
-- Дамп данных таблицы `spr_question`
--

INSERT INTO `spr_question` (`ID`, `ID_GROUP`, `QUESTION`, `INFO`, `IS_MUST_HAVE_ANSWER`, `IS_MULTI_ANSWER`, `IS_STAT`, `ID_LEVEL`, `DT_INSERT`, `DT_MODIFIED`) VALUES
(1, 2, 'Что для вас важно при выборе квартиры (поставьте балл от 1 до 10)?', NULL, 0, 1, NULL, 1, '2019-01-16 22:32:34', '2019-04-13 13:23:11'),
(2, 2, 'Важен ли фактор близости к работе?', NULL, 0, 0, NULL, 1, '2019-01-16 23:11:46', '2019-04-14 15:02:07'),
(3, 2, 'За какую сумму вы планируете приобрести квартиру?', NULL, 0, 0, NULL, 1, '2019-01-16 23:12:48', '2019-03-03 10:28:03'),
(4, 3, 'Нуждаетесь ли вы в привлечении ипотечного креди', NULL, 0, 0, NULL, 2, '2019-01-16 23:14:26', '2019-04-05 22:30:39'),
(5, 4, 'Важно ли для вас сопровождение риэлтора?', NULL, 0, 1, NULL, 2, '2019-01-16 23:15:13', '2019-03-26 22:10:46'),
(6, 5, 'Какое максимальное время вы готовы уделить поиску квартиры?', NULL, 0, 0, NULL, 3, '2019-01-16 23:15:51', '2019-04-14 15:02:22'),
(7, 5, 'Какие еще требования вы предъявляете к квартире?', NULL, 0, 0, NULL, 3, '2019-01-17 22:55:05', '2019-03-03 10:28:14'),
(8, 1, 'Сколько по времени лучше выбирать квартиру?', NULL, 0, 0, 1, 1, '2019-05-01 13:50:27', '2019-05-17 21:36:12'),
(9, 1, 'Наилучшими для покупки квартиры считаются этажи:', NULL, 0, 0, 1, 1, '2019-05-01 13:50:27', '2019-05-17 21:36:16'),
(10, 1, 'Стоит ли рассматривать объявления "Срочно продам квартиру, нужны деньги"?', NULL, 0, 0, 1, 1, '2019-05-01 13:50:28', '2019-05-17 21:36:27'),
(11, 1, 'Обращаете ли вы внимание на шахту лифта, которая может располагаться рядом с квартирой?', NULL, 0, 0, 1, 1, '2019-05-01 13:50:28', '2019-05-17 21:36:31'),
(12, 1, 'Что лучше по качеству: «брежневка» из 80-х или современная новостройка?', NULL, 0, 0, NULL, 1, '2019-05-01 13:50:28', NULL),
(13, 1, 'Обращаете ли вы внимание на парковочные места?', NULL, 0, 0, 1, 1, '2019-05-01 13:50:28', '2019-05-17 21:36:43'),
(14, 1, 'Стоит ли смотреть квартиру с другом или лучше в одиночку, чтоб никто не отвлекал?', NULL, 0, 0, 1, 1, '2019-05-01 13:50:28', '2019-05-17 21:37:01'),
(15, 1, 'Как вы считаете, является ли квартира частью вашего имиджа?', NULL, 0, 0, 1, 1, '2019-05-01 13:50:28', '2019-05-17 21:37:06'),
(16, 1, 'Обращаете ли вы внимание на застройку района?', NULL, 0, 0, 1, 1, '2019-05-01 13:50:28', '2019-05-17 21:37:13'),
(17, 1, 'Проверяете ли вы количество лет, в течение которых квартира была в собственности?', NULL, 0, 0, 1, 1, '2019-05-01 13:50:28', '2019-05-17 21:37:24'),
(18, 1, 'В какое время лучше осматривать квартиру?', NULL, 0, 0, 1, 1, '2019-05-01 13:50:28', '2019-05-17 21:37:28'),
(19, 1, 'Нужно ли при покупке "вторички" проверять долю владения собственника?', NULL, 0, 0, NULL, 1, '2019-05-01 13:50:28', '2019-05-24 23:57:25'),
(20, 1, 'Как вы думаете, что для большинства важнее при покупке новой квартиры: потребительские характеристики или собственные эмоции?', NULL, 0, 0, 1, 1, '2019-05-01 13:50:28', '2019-05-17 21:37:45'),
(21, 1, 'Знаете ли вы, как проверить тягу в вентиляционном коробе?', NULL, 0, 0, 1, 1, '2019-05-01 13:50:28', '2019-05-17 21:37:51'),
(22, 1, 'Какая высота потолка считается лучшей?', NULL, 0, 0, 1, 1, '2019-05-01 13:50:28', '2019-05-17 21:37:57'),
(23, 1, 'Что лучше: небольшая и функциональная квартира или квартира со свободными неиспользуемыми метрами?', NULL, 0, 0, 1, 1, '2019-05-01 13:50:28', '2019-05-17 21:38:02'),
(24, 1, 'Насколько быстро человек привыкает к новой квартире?', NULL, 0, 0, 1, 1, '2019-05-01 13:50:28', '2019-05-17 21:38:07'),
(25, 1, 'Какой размер кухни является минимально возможным для установки современной мебели и техники?', NULL, 0, 0, 1, 1, '2019-05-01 13:50:28', '2019-05-17 21:38:13'),
(26, 1, 'Какая планировка считается наилучшей: "распашонка" или "линейка"?', NULL, 0, 0, 1, 1, '2019-05-01 13:50:28', '2019-05-17 21:38:16'),
(27, 1, 'Скошенные углы в современных планировках - это хорошо или плохо?', NULL, 0, 0, 1, 1, '2019-05-01 13:50:28', '2019-05-17 21:38:21'),
(28, 3, 'Не забываете ли вы осмотреть каждый угол квартиры при покупке ? Интересно зачем?', NULL, 0, 0, 1, 2, '2019-05-01 13:50:28', '2019-05-17 21:38:26'),
(29, 3, 'Знаете ли вы, какие стороны у квартиры наиболее комфортны для проживания ?<br>(выберите несколько ответов)', NULL, 0, 1, NULL, 2, '2019-05-01 13:50:28', '2019-05-17 21:38:46'),
(30, 3, 'Какая лицевая отделка дома считается самой худшей?', NULL, 0, 0, NULL, 2, '2019-05-01 13:50:28', NULL),
(31, 3, 'Стоит ли покупать квартиру в бывшем долгострое?', NULL, 0, 0, NULL, 2, '2019-05-01 13:50:28', NULL),
(32, 2, 'Как проверить, делал ли предыдущий хозяин перепланировку?', NULL, 0, 0, NULL, 2, '2019-05-01 13:50:28', NULL),
(33, 2, 'Могут ли претендовать на квартиру прописанные в ней третьи лица, если вы уже приобрели ее в собственность?', NULL, 0, 0, NULL, 2, '2019-05-01 13:50:28', NULL),
(34, 4, 'Что хуже  для экологии района?', NULL, 0, 0, 1, 2, '2019-05-01 13:50:28', '2019-05-17 21:39:10'),
(35, 3, 'Входит ли разводка электричества в черновую отделку новостройки?', NULL, 0, 0, NULL, 2, '2019-05-01 13:50:28', NULL),
(36, 4, 'Безопасно ли для здоровья жить в километре от ТЭЦ ?', NULL, 0, 0, NULL, 2, '2019-05-01 13:50:28', NULL),
(37, 4, 'Есть ли различия между "свалкой" и "полигоном ТБО"? (eсли вдруг вы услышали, что неподалеку имеются таковые).', NULL, 0, 0, NULL, 2, '2019-05-01 13:50:28', NULL),
(38, 4, 'Может ли отличаться качество воды в городе ?<br>(выберите несколько ответов)', NULL, 0, 1, NULL, 2, '2019-05-01 13:50:28', NULL),
(39, 4, 'Можно ли подручными средствами проверить качество воды при осмотре квартиры ?', NULL, 0, 0, 1, 2, '2019-05-01 13:50:28', '2019-05-17 21:39:29'),
(40, 3, 'Где лучше выбрать квартиру в современном новом доме?', NULL, 0, 0, 1, 2, '2019-05-01 13:50:29', '2019-05-17 21:39:43'),
(41, 2, 'Должна ли настораживать ситуация, когда агентство недвижимости привлекает к сделке третьих лиц?', NULL, 0, 0, NULL, 2, '2019-05-01 13:50:29', NULL),
(42, 2, 'Договор с риэлтором лучше заключать на определенный срок или до выполнения обязательств?', NULL, 0, 0, NULL, 2, '2019-05-01 13:50:29', NULL),
(43, 2, 'Стоит ли оплачивать долг за капремонт от прежнего собственника, если после сделки выяснилось, что таковой имеется?', NULL, 0, 0, NULL, 2, '2019-05-01 13:50:29', NULL),
(44, 5, 'Выгодно ли покупать квартиры в "хрущевках" с целью их ремонта и последующей перепродажи?', NULL, 0, 0, NULL, 2, '2019-05-01 13:50:29', NULL),
(45, 2, 'Можно ли продать квартиру с неузаконенной перепланировкой?', NULL, 0, 0, NULL, 2, '2019-05-01 13:50:29', NULL),
(46, 2, 'Безопасна ли в 2019 году сделка по долевому строительству?', NULL, 0, 0, NULL, 2, '2019-05-01 13:50:29', NULL),
(47, 2, 'Можно ли доверять застройщику, который предлагает подписать акт приемки, а после исправить все недочеты?', NULL, 0, 0, NULL, 2, '2019-05-01 13:50:29', NULL),
(48, 4, 'Что наиболее благоприятно для экологии района:', NULL, 0, 0, 1, 3, '2019-05-01 13:50:29', '2019-05-17 21:40:15'),
(49, 4, 'Интересовались ли вы при покупке квартиры в каком районе Москвы больше всего производств?', NULL, 0, 0, NULL, 3, '2019-05-01 13:50:29', '2019-05-25 18:55:05'),
(50, 5, 'На сколько процентов увеличивается стоимость жилья после ввода от старта продаж?', NULL, 0, 0, NULL, 3, '2019-05-01 13:50:29', NULL),
(51, 3, 'Как оценить комфортность соседей при выборе квартиры?<br>(выберите несколько ответов)', NULL, 0, 1, 1, 3, '2019-05-01 13:50:29', '2019-05-17 21:40:57'),
(52, 4, 'В какой из нижеприведенных квартир условия радиационного фона не влияют на принятие решение о приобретении квартиры?<br>(выберите несколько ответов)', NULL, 0, 1, NULL, 3, '2019-05-01 13:50:29', NULL),
(53, 3, 'В каком из типов конструкции дома имеется техническая возможность перепланировки?<br>(выберите несколько ответов)', NULL, 0, 1, NULL, 3, '2019-05-01 13:50:29', NULL),
(54, 5, 'Какую квартиру выгоднее покупать, исходя из стоимости 1 кв. м.?', NULL, 0, 0, NULL, 3, '2019-05-01 13:50:29', NULL),
(55, 3, 'Какие риски возрастают при покупке квартиры в зимнее, холодное время года?<br>(выберите несколько ответов)', NULL, 0, 1, NULL, 3, '2019-05-01 13:50:29', NULL),
(56, 3, 'Какие риски возрастают при покупке квартиры в летнее, теплое время года?<br>(выберите несколько ответов)', NULL, 0, 1, NULL, 3, '2019-05-01 13:50:29', NULL),
(57, 3, 'Всем известно, что квартиры на верхних этажах домов дороже, но какие риски выше у владельцев таких квартир в новом доме?', NULL, 0, 0, NULL, 3, '2019-05-01 13:50:29', NULL),
(58, 3, 'При покупке квартиры  некто мечтает сделать  джакузи. Какой этаж для этого лучше выбрать в 25 этажном доме ?', NULL, 0, 0, NULL, 3, '2019-05-01 13:50:29', NULL),
(59, 3, 'Некто подключил  в квартире  водонагревательное устройство. После включения через некоторое время сработал автоматический выключатель (далее автомат)  этажа  и отключилась подача электроэнергии,  возник неприятный запах пластика. В чем причина отключения и запаха?', NULL, 0, 0, NULL, 3, '2019-05-01 13:50:29', NULL),
(60, 5, 'Вы решили купить квартиру в новостройке на стадии строительства от застройщика, но ничего не знаете о компании-застройщике и хотели бы максимально проверить информацию о ней и об объекте недвижимости. Какие источники информации следует использовать?<br>(выберите несколько ответов)', NULL, 0, 1, 1, 3, '2019-05-01 13:50:29', '2019-05-17 21:42:00'),
(61, 2, 'Можете ли вы при покупке жилья самостоятельно обратиться в ЕГРН (Единый государственный реестр недвижимости) и проверить всех собственников выбранного объекта недвижимости, включая наличие обременений?', NULL, 0, 0, NULL, 3, '2019-05-01 13:50:29', NULL),
(62, 5, 'Насколько дороже экологически чистые районы по отношению к загрязненным?', NULL, 0, 0, NULL, 3, '2019-05-01 13:50:29', '2019-05-17 21:42:30'),
(63, 2, 'Если в договоре с агентством недвижимости, содержится пункт запрещающий покупателю общаться непосредственно с собственниками приобретаемой недвижимости. О чем это свидетельствует ?<br>(выберите несколько ответов)', NULL, 0, 1, NULL, 3, '2019-05-01 13:50:29', NULL),
(64, 2, 'Можно ли привлечь риэлтора к судебной ответственности в качестве третьей стороны, если ваша сделка будет оспорена в суде, или отменена?', NULL, 0, 0, NULL, 3, '2019-05-01 13:50:29', NULL),
(65, 5, 'Можно ли сдавать квартиру, находящуюся под ипотекой?', NULL, 0, 0, NULL, 3, '2019-05-01 13:50:29', NULL),
(66, 5, 'Выгодно ли приобретать квартиру в ипотеку  для сдачи ее в аренду?', NULL, 0, 0, NULL, 3, '2019-05-01 13:50:29', NULL),
(67, 3, 'Какие дома наиболее долговечны?', NULL, 0, 0, NULL, 3, '2019-05-01 13:50:30', NULL);

-- --------------------------------------------------------

--
-- Структура таблицы `spr_question_group`
--

CREATE TABLE IF NOT EXISTS `spr_question_group` (
  `ID` int(11) NOT NULL,
  `GROUP_NAME` varchar(256) NOT NULL,
  `DT_INSERT` timestamp NULL DEFAULT CURRENT_TIMESTAMP,
  `DT_MODIFIED` datetime DEFAULT NULL ON UPDATE CURRENT_TIMESTAMP
) ENGINE=InnoDB AUTO_INCREMENT=6 DEFAULT CHARSET=utf8;

--
-- Дамп данных таблицы `spr_question_group`
--

INSERT INTO `spr_question_group` (`ID`, `GROUP_NAME`, `DT_INSERT`, `DT_MODIFIED`) VALUES
(1, 'Общие', '2019-01-16 19:28:52', '0000-00-00 00:00:00'),
(2, 'Право', '2019-04-05 19:32:32', '2019-04-13 21:44:02'),
(3, 'Стройка', '2019-04-13 18:44:56', NULL),
(4, 'Экология', '2019-04-13 18:44:56', NULL),
(5, 'Инвестиции', '2019-04-13 18:45:29', NULL);

-- --------------------------------------------------------

--
-- Структура таблицы `spr_question_tree`
--

CREATE TABLE IF NOT EXISTS `spr_question_tree` (
  `ID` int(11) NOT NULL,
  `ID_TREE` int(11) NOT NULL,
  `ID_PARENT` int(11) DEFAULT NULL COMMENT 'Ссылка на родительский вопрос',
  `ID_CHILD` int(11) DEFAULT NULL COMMENT 'Ссылка на дочерний ответ',
  `ID_ASWER_BRANCH` int(11) DEFAULT NULL COMMENT 'id выбранного ответа по которому попадаем в эту ветку вопросов',
  `DT_INSERTED` datetime DEFAULT CURRENT_TIMESTAMP,
  `DT_MODIFIED` datetime DEFAULT NULL ON UPDATE CURRENT_TIMESTAMP
) ENGINE=InnoDB AUTO_INCREMENT=173 DEFAULT CHARSET=utf8;

--
-- Дамп данных таблицы `spr_question_tree`
--

INSERT INTO `spr_question_tree` (`ID`, `ID_TREE`, `ID_PARENT`, `ID_CHILD`, `ID_ASWER_BRANCH`, `DT_INSERTED`, `DT_MODIFIED`) VALUES
(1, 1, NULL, 1, NULL, '2019-01-16 23:19:36', '2019-04-14 14:57:39'),
(2, 1, 1, 2, NULL, '2019-01-16 23:20:01', '2019-04-14 14:57:52'),
(3, 1, 2, 3, NULL, '2019-01-16 23:20:15', '2019-04-14 14:58:23'),
(4, 1, 3, 4, NULL, '2019-01-16 23:20:31', '2019-04-14 14:58:45'),
(5, 1, 4, 5, NULL, '2019-01-16 23:20:39', '2019-04-14 14:59:24'),
(6, 1, 5, 6, NULL, '2019-01-17 23:04:27', '2019-04-14 15:00:05'),
(7, 1, 6, 7, NULL, '2019-01-26 15:22:36', '2019-04-14 15:00:27'),
(8, 2, NULL, 8, NULL, '2019-05-01 14:37:54', NULL),
(9, 2, 8, 9, NULL, '2019-05-01 14:37:54', NULL),
(10, 2, 9, 10, NULL, '2019-05-01 14:37:54', NULL),
(11, 2, 10, 11, NULL, '2019-05-01 14:37:54', NULL),
(12, 2, 11, 12, NULL, '2019-05-01 14:37:54', NULL),
(13, 2, 12, 13, NULL, '2019-05-01 14:37:54', NULL),
(14, 2, 13, 14, NULL, '2019-05-01 14:37:54', NULL),
(15, 2, 14, 15, NULL, '2019-05-01 14:37:54', NULL),
(16, 2, 15, 16, NULL, '2019-05-01 14:37:54', NULL),
(17, 2, 16, 17, NULL, '2019-05-01 14:37:54', NULL),
(18, 2, 17, 18, NULL, '2019-05-01 14:37:54', NULL),
(19, 2, 18, 19, NULL, '2019-05-01 14:37:55', NULL),
(20, 2, 19, 20, NULL, '2019-05-01 14:37:55', NULL),
(21, 2, 20, 21, NULL, '2019-05-01 14:37:55', NULL),
(22, 2, 21, 22, NULL, '2019-05-01 14:37:55', NULL),
(23, 2, 22, 23, NULL, '2019-05-01 14:37:55', NULL),
(24, 2, 23, 24, NULL, '2019-05-01 14:37:55', NULL),
(25, 2, 24, 25, NULL, '2019-05-01 14:37:55', NULL),
(26, 2, 25, 26, NULL, '2019-05-01 14:37:55', NULL),
(27, 2, 26, 27, NULL, '2019-05-01 14:37:55', NULL),
(28, 2, 27, 28, NULL, '2019-05-01 14:37:55', NULL),
(29, 2, 28, 29, NULL, '2019-05-01 14:37:55', NULL),
(30, 2, 29, 30, NULL, '2019-05-01 14:37:55', NULL),
(31, 2, 30, 31, NULL, '2019-05-01 14:37:55', NULL),
(32, 2, 31, 32, NULL, '2019-05-01 14:37:55', NULL),
(33, 2, 32, 33, NULL, '2019-05-01 14:37:55', NULL),
(34, 2, 33, 34, NULL, '2019-05-01 14:37:55', NULL),
(35, 2, 34, 35, NULL, '2019-05-01 14:37:55', NULL),
(36, 2, 35, 36, NULL, '2019-05-01 14:37:55', NULL),
(37, 2, 36, 37, NULL, '2019-05-01 14:37:55', NULL),
(38, 2, 37, 38, NULL, '2019-05-01 14:37:55', NULL),
(39, 2, 38, 39, NULL, '2019-05-01 14:37:55', NULL),
(40, 2, 39, 40, NULL, '2019-05-01 14:37:55', NULL),
(41, 2, 40, 41, NULL, '2019-05-01 14:37:55', NULL),
(42, 2, 41, 42, NULL, '2019-05-01 14:37:55', NULL),
(43, 2, 42, 43, NULL, '2019-05-01 14:37:56', NULL),
(44, 2, 43, 44, NULL, '2019-05-01 14:37:56', NULL),
(45, 2, 44, 45, NULL, '2019-05-01 14:37:56', NULL),
(46, 2, 45, 46, NULL, '2019-05-01 14:37:56', NULL),
(47, 2, 46, 47, NULL, '2019-05-01 14:37:56', NULL),
(48, 2, 47, 48, NULL, '2019-05-01 14:37:56', NULL),
(49, 2, 48, 49, NULL, '2019-05-01 14:37:56', NULL),
(50, 2, 49, 50, NULL, '2019-05-01 14:37:56', NULL),
(51, 2, 50, 51, NULL, '2019-05-01 14:37:56', NULL),
(52, 2, 51, 52, NULL, '2019-05-01 14:37:56', NULL),
(53, 2, 52, 53, NULL, '2019-05-01 14:37:56', NULL),
(54, 2, 53, 54, NULL, '2019-05-01 14:37:56', NULL),
(55, 2, 54, 55, NULL, '2019-05-01 14:37:56', NULL),
(56, 2, 55, 56, NULL, '2019-05-01 14:37:56', NULL),
(57, 2, 56, 57, NULL, '2019-05-01 14:37:56', NULL),
(58, 2, 57, 58, NULL, '2019-05-01 14:37:56', NULL),
(59, 2, 58, 59, NULL, '2019-05-01 14:37:56', NULL),
(60, 2, 59, 60, NULL, '2019-05-01 14:37:56', NULL),
(61, 2, 60, 61, NULL, '2019-05-01 14:37:56', NULL),
(62, 2, 61, 62, NULL, '2019-05-01 14:37:56', NULL),
(63, 2, 62, 63, NULL, '2019-05-01 14:37:56', NULL),
(64, 2, 63, 64, NULL, '2019-05-01 14:37:56', NULL),
(65, 2, 64, 65, NULL, '2019-05-01 14:37:56', NULL),
(66, 2, 65, 66, NULL, '2019-05-01 14:37:56', NULL),
(67, 2, 66, 67, NULL, '2019-05-01 14:37:56', NULL),
(68, 3, NULL, 9, NULL, '2019-05-01 23:01:36', NULL),
(69, 3, 9, 11, NULL, '2019-05-01 23:01:37', NULL),
(70, 3, 11, 12, NULL, '2019-05-01 23:01:37', NULL),
(71, 3, 12, 13, NULL, '2019-05-01 23:01:37', NULL),
(72, 3, 13, 14, NULL, '2019-05-01 23:01:37', NULL),
(73, 3, 14, 19, NULL, '2019-05-01 23:01:37', NULL),
(74, 3, 19, 21, NULL, '2019-05-01 23:01:37', NULL),
(75, 3, 21, 22, NULL, '2019-05-01 23:01:37', NULL),
(76, 3, 22, 25, NULL, '2019-05-01 23:01:37', NULL),
(77, 3, 25, 26, NULL, '2019-05-01 23:01:37', NULL),
(78, 3, 26, 28, NULL, '2019-05-01 23:01:37', NULL),
(79, 3, 28, 32, NULL, '2019-05-01 23:01:37', NULL),
(80, 3, 32, 33, NULL, '2019-05-01 23:01:37', NULL),
(81, 3, 33, 35, NULL, '2019-05-01 23:01:37', NULL),
(82, 3, 35, 36, NULL, '2019-05-01 23:01:37', NULL),
(83, 3, 36, 37, NULL, '2019-05-01 23:01:37', NULL),
(84, 3, 37, 38, NULL, '2019-05-01 23:01:38', NULL),
(85, 3, 38, 39, NULL, '2019-05-01 23:01:38', NULL),
(86, 3, 39, 41, NULL, '2019-05-01 23:01:38', NULL),
(87, 3, 41, 42, NULL, '2019-05-01 23:01:38', NULL),
(88, 3, 42, 51, NULL, '2019-05-01 23:01:38', NULL),
(89, 3, 51, 52, NULL, '2019-05-01 23:01:38', NULL),
(90, 3, 52, 54, NULL, '2019-05-01 23:01:38', NULL),
(91, 3, 54, 56, NULL, '2019-05-01 23:01:38', NULL),
(92, 3, 56, 57, NULL, '2019-05-01 23:01:38', NULL),
(93, 3, 57, 59, NULL, '2019-05-01 23:01:38', NULL),
(94, 3, 59, 61, NULL, '2019-05-01 23:01:38', NULL),
(95, 3, 61, 62, NULL, '2019-05-01 23:01:38', NULL),
(96, 3, 62, 63, NULL, '2019-05-01 23:01:38', NULL),
(97, 3, 63, 64, NULL, '2019-05-01 23:01:38', NULL),
(98, 4, NULL, 8, NULL, '2019-05-01 23:07:13', NULL),
(99, 4, 8, 10, NULL, '2019-05-01 23:07:13', NULL),
(100, 4, 10, 15, NULL, '2019-05-01 23:07:13', NULL),
(101, 4, 15, 16, NULL, '2019-05-01 23:07:13', NULL),
(102, 4, 16, 17, NULL, '2019-05-01 23:07:13', NULL),
(103, 4, 17, 18, NULL, '2019-05-01 23:07:13', NULL),
(104, 4, 18, 20, NULL, '2019-05-01 23:07:13', NULL),
(105, 4, 20, 23, NULL, '2019-05-01 23:07:13', NULL),
(106, 4, 23, 24, NULL, '2019-05-01 23:07:13', NULL),
(107, 4, 24, 27, NULL, '2019-05-01 23:07:13', NULL),
(108, 4, 27, 29, NULL, '2019-05-01 23:07:14', NULL),
(109, 4, 29, 30, NULL, '2019-05-01 23:07:14', NULL),
(110, 4, 30, 31, NULL, '2019-05-01 23:07:14', NULL),
(111, 4, 31, 34, NULL, '2019-05-01 23:07:14', NULL),
(112, 4, 34, 40, NULL, '2019-05-01 23:07:14', NULL),
(113, 4, 40, 43, NULL, '2019-05-01 23:07:14', NULL),
(114, 4, 43, 44, NULL, '2019-05-01 23:07:14', NULL),
(115, 4, 44, 45, NULL, '2019-05-01 23:07:14', NULL),
(116, 4, 45, 46, NULL, '2019-05-01 23:07:14', NULL),
(117, 4, 46, 47, NULL, '2019-05-01 23:07:14', NULL),
(118, 4, 47, 48, NULL, '2019-05-01 23:07:14', NULL),
(119, 4, 48, 49, NULL, '2019-05-01 23:07:14', NULL),
(120, 4, 49, 50, NULL, '2019-05-01 23:07:14', NULL),
(121, 4, 50, 53, NULL, '2019-05-01 23:07:14', NULL),
(122, 4, 53, 55, NULL, '2019-05-01 23:07:14', NULL),
(123, 4, 55, 58, NULL, '2019-05-01 23:07:14', NULL),
(124, 4, 58, 60, NULL, '2019-05-01 23:07:14', NULL),
(125, 4, 60, 65, NULL, '2019-05-01 23:07:14', NULL),
(126, 4, 65, 66, NULL, '2019-05-01 23:07:14', NULL),
(127, 4, 66, 67, NULL, '2019-05-01 23:07:14', NULL),
(128, 5, NULL, 9, NULL, '2019-05-10 19:19:18', '2019-05-10 19:20:16'),
(129, 5, 9, 12, NULL, '2019-05-10 19:19:18', NULL),
(130, 5, 12, 14, NULL, '2019-05-10 19:19:18', NULL),
(131, 5, 14, 21, NULL, '2019-05-10 19:19:18', NULL),
(132, 5, 21, 22, NULL, '2019-05-10 19:19:18', NULL),
(133, 5, 22, 28, NULL, '2019-05-10 19:19:18', NULL),
(134, 5, 28, 35, NULL, '2019-05-10 19:19:18', NULL),
(135, 5, 35, 36, NULL, '2019-05-10 19:19:19', NULL),
(136, 5, 36, 39, NULL, '2019-05-10 19:19:19', NULL),
(137, 5, 39, 42, NULL, '2019-05-10 19:19:19', NULL),
(138, 5, 42, 51, NULL, '2019-05-10 19:19:19', NULL),
(139, 5, 51, 54, NULL, '2019-05-10 19:19:19', NULL),
(140, 5, 54, 56, NULL, '2019-05-10 19:19:19', NULL),
(141, 5, 56, 61, NULL, '2019-05-10 19:19:19', NULL),
(142, 5, 61, 62, NULL, '2019-05-10 19:19:19', NULL),
(143, 6, NULL, 8, NULL, '2019-05-25 18:19:19', '2019-05-25 18:19:47'),
(144, 6, 8, 15, NULL, '2019-05-25 18:19:19', NULL),
(145, 6, 15, 16, NULL, '2019-05-25 18:19:19', NULL),
(146, 6, 16, 18, NULL, '2019-05-25 18:19:19', NULL),
(147, 6, 18, 20, NULL, '2019-05-25 18:19:19', NULL),
(148, 6, 20, 21, NULL, '2019-05-25 18:19:19', NULL),
(149, 6, 21, 22, NULL, '2019-05-25 18:19:19', NULL),
(150, 6, 22, 23, NULL, '2019-05-25 18:19:19', NULL),
(151, 6, 23, 24, NULL, '2019-05-25 18:19:19', NULL),
(152, 6, 24, 27, NULL, '2019-05-25 18:19:20', NULL),
(153, 6, 27, 29, NULL, '2019-05-25 18:19:20', NULL),
(154, 6, 29, 30, NULL, '2019-05-25 18:19:20', NULL),
(155, 6, 30, 31, NULL, '2019-05-25 18:19:20', NULL),
(156, 6, 31, 34, NULL, '2019-05-25 18:19:20', NULL),
(157, 6, 34, 36, NULL, '2019-05-25 18:19:20', NULL),
(158, 6, 36, 38, NULL, '2019-05-25 18:19:20', NULL),
(159, 6, 38, 40, NULL, '2019-05-25 18:19:20', NULL),
(160, 6, 40, 44, NULL, '2019-05-25 18:19:20', NULL),
(161, 6, 44, 46, NULL, '2019-05-25 18:19:20', NULL),
(162, 6, 46, 47, NULL, '2019-05-25 18:19:20', NULL),
(163, 6, 47, 48, NULL, '2019-05-25 18:19:20', NULL),
(164, 6, 48, 49, NULL, '2019-05-25 18:19:20', NULL),
(165, 6, 49, 50, NULL, '2019-05-25 18:19:20', NULL),
(166, 6, 50, 53, NULL, '2019-05-25 18:19:20', NULL),
(167, 6, 53, 55, NULL, '2019-05-25 18:19:20', NULL),
(168, 6, 55, 58, NULL, '2019-05-25 18:19:20', NULL),
(169, 6, 58, 60, NULL, '2019-05-25 18:19:20', NULL),
(170, 6, 60, 65, NULL, '2019-05-25 18:19:21', NULL),
(171, 6, 65, 66, NULL, '2019-05-25 18:19:21', NULL),
(172, 6, 66, 67, NULL, '2019-05-25 18:19:21', NULL);

-- --------------------------------------------------------

--
-- Структура таблицы `spr_tree`
--

CREATE TABLE IF NOT EXISTS `spr_tree` (
  `ID` int(11) NOT NULL,
  `TREE_NAME` varchar(256) NOT NULL,
  `DT_INSERTED` datetime DEFAULT CURRENT_TIMESTAMP,
  `DT_MODIFIED` datetime DEFAULT NULL ON UPDATE CURRENT_TIMESTAMP
) ENGINE=InnoDB AUTO_INCREMENT=7 DEFAULT CHARSET=utf8;

--
-- Дамп данных таблицы `spr_tree`
--

INSERT INTO `spr_tree` (`ID`, `TREE_NAME`, `DT_INSERTED`, `DT_MODIFIED`) VALUES
(1, 'Тестовое', '2019-01-16 23:16:39', '2019-04-07 23:57:38'),
(2, 'Выбор квартиры 60 вопросов', '2019-01-22 22:56:13', '2019-05-10 19:17:57'),
(3, 'Выбор квартиры 30 вопросов', '2019-02-11 23:22:32', '2019-05-10 19:18:10'),
(4, 'Выбор квартиры 30 вопросов Путилково', '2019-05-01 21:00:00', '2019-05-10 19:18:30'),
(5, 'Выбор квартиры 15 вопросов', '2019-05-10 19:17:30', NULL),
(6, 'Выбор квартиры Любовь и голуби', '2019-05-25 17:50:38', NULL);

-- --------------------------------------------------------

--
-- Структура таблицы `user_trophy`
--

CREATE TABLE IF NOT EXISTS `user_trophy` (
  `ID` int(255) NOT NULL,
  `ID_USER` int(11) DEFAULT NULL,
  `ID_ACTION` int(11) DEFAULT NULL,
  `POSITION` int(11) DEFAULT NULL,
  `PROMO_CODE` varchar(255) DEFAULT NULL,
  `GET_GIFT` int(255) DEFAULT NULL,
  `DESIRE_1` varchar(255) DEFAULT NULL,
  `DESIRE_2` varchar(255) DEFAULT NULL,
  `DESIRE_3` varchar(255) DEFAULT NULL,
  `DESIRE_4` varchar(255) DEFAULT NULL,
  `DESIRE_5` varchar(255) DEFAULT NULL,
  `DT_INSERTED` datetime NOT NULL DEFAULT CURRENT_TIMESTAMP,
  `DT_MODIFED` datetime NOT NULL DEFAULT '0000-00-00 00:00:00' ON UPDATE CURRENT_TIMESTAMP
) ENGINE=InnoDB AUTO_INCREMENT=53 DEFAULT CHARSET=utf8;

--
-- Дамп данных таблицы `user_trophy`
--

INSERT INTO `user_trophy` (`ID`, `ID_USER`, `ID_ACTION`, `POSITION`, `PROMO_CODE`, `GET_GIFT`, `DESIRE_1`, `DESIRE_2`, `DESIRE_3`, `DESIRE_4`, `DESIRE_5`, `DT_INSERTED`, `DT_MODIFED`) VALUES
(32, 1, 1, NULL, 'xxx777', 0, NULL, NULL, NULL, 'NULL', 'NULL', '2019-05-10 13:33:40', '2019-05-10 15:05:52'),
(33, 1, 2, NULL, NULL, 1, NULL, NULL, NULL, NULL, NULL, '2019-05-10 14:08:27', '2019-05-13 21:33:39'),
(34, 1, 5, NULL, NULL, 3, NULL, NULL, NULL, NULL, NULL, '2019-05-10 14:08:38', '2019-05-26 23:12:43'),
(35, 1, 6, NULL, NULL, 0, NULL, NULL, NULL, NULL, NULL, '2019-05-10 14:11:34', '2019-05-25 23:21:51'),
(37, 141, 2, NULL, '2_5cd5c3735fe85', 1, 'NE', '2', 'NULL', 'NULL', 'NULL', '2019-05-10 23:21:06', '2019-05-10 23:22:59'),
(38, 143, 2, NULL, '2_5cd6011aae61e', NULL, 'O', '0', 'NULL', 'NULL', 'NULL', '2019-05-11 02:37:46', '0000-00-00 00:00:00'),
(39, 148, 3, NULL, '3_5cd718093332b', NULL, 'S', '2', 'NULL', 'NULL', 'NULL', '2019-05-11 22:00:36', '0000-00-00 00:00:00'),
(40, 160, 4, NULL, '4_5cd81bb7a4e0e', NULL, 'SE', '3', 'NULL', 'NULL', 'NULL', '2019-05-12 16:17:31', '0000-00-00 00:00:00'),
(41, 147, 2, NULL, '2_5cd92b8457145', NULL, 'O', '0', 'NULL', 'NULL', 'NULL', '2019-05-13 11:50:12', '0000-00-00 00:00:00'),
(42, 189, 2, NULL, '2_5cd91d0211e75', NULL, 'O', '0', 'NULL', 'NULL', 'NULL', '2019-05-13 12:17:36', '0000-00-00 00:00:00'),
(43, 195, 2, NULL, '2_5cd96fd98e77c', NULL, 'SE', '3', 'NULL', 'NULL', 'NULL', '2019-05-13 16:51:51', '0000-00-00 00:00:00'),
(44, 198, 2, NULL, '2_5cd9dc5c21ea9', NULL, 'SW', '1', 'NULL', 'NULL', 'NULL', '2019-05-14 00:23:54', '0000-00-00 00:00:00'),
(45, 174, 1, NULL, '1_5cdc1254c65f3', 1, 'O', '0', 'NULL', 'NULL', 'NULL', '2019-05-15 22:28:09', '2019-05-15 22:29:05'),
(46, 230, 4, NULL, '4_5ce985603c4f25150630', NULL, '0', '0', 'NULL', 'NULL', 'NULL', '2019-05-25 22:13:52', '0000-00-00 00:00:00'),
(47, 235, 6, NULL, '6_5cea1e1a21b818515943', NULL, '0', '0', 'NULL', 'NULL', 'NULL', '2019-05-26 08:10:46', '0000-00-00 00:00:00'),
(48, 234, 6, NULL, '6_5ceadd8e747c0', NULL, '0', '0', 'NULL', 'NULL', 'NULL', '2019-05-26 21:55:43', '0000-00-00 00:00:00'),
(49, 151, 6, NULL, '6_5cee03ee1b9475814512', NULL, '0', '0', 'NULL', 'NULL', 'NULL', '2019-05-29 09:08:54', '0000-00-00 00:00:00'),
(50, 264, 5, NULL, '5_5ceeb8642f71f3078241', NULL, '0', '0', 'NULL', 'NULL', 'NULL', '2019-05-31 09:49:01', '0000-00-00 00:00:00'),
(51, 274, 5, NULL, '5_5cf7c101cd73a8025243', NULL, '0', '0', 'NULL', 'NULL', 'NULL', '2019-06-05 16:40:18', '0000-00-00 00:00:00'),
(52, 291, 5, NULL, '5_5cfc9c35639308064308', NULL, '0', '0', 'NULL', 'NULL', 'NULL', '2019-06-09 11:33:55', '0000-00-00 00:00:00');

-- --------------------------------------------------------

--
-- Структура таблицы `usr_answer`
--

CREATE TABLE IF NOT EXISTS `usr_answer` (
  `ID` int(11) NOT NULL,
  `ID_USER` int(11) NOT NULL,
  `ID_ACTION` int(11) DEFAULT NULL,
  `PLAY_KEY` varchar(255) DEFAULT NULL,
  `ID_QUESTION` int(11) NOT NULL,
  `ANSWER` varchar(255) DEFAULT NULL,
  `INFO` varchar(1024) DEFAULT NULL,
  `SCALE_VALUE` float DEFAULT NULL COMMENT 'значение шкалы',
  `IS_TRUE` tinyint(4) DEFAULT NULL,
  `DT_INSERTED` datetime DEFAULT CURRENT_TIMESTAMP,
  `DT_MODIFIED` datetime DEFAULT NULL ON UPDATE CURRENT_TIMESTAMP
) ENGINE=InnoDB AUTO_INCREMENT=5202 DEFAULT CHARSET=utf8;

--
-- Дамп данных таблицы `usr_answer`
--

INSERT INTO `usr_answer` (`ID`, `ID_USER`, `ID_ACTION`, `PLAY_KEY`, `ID_QUESTION`, `ANSWER`, `INFO`, `SCALE_VALUE`, `IS_TRUE`, `DT_INSERTED`, `DT_MODIFIED`) VALUES
(1327, 141, 2, '5cd5c3735fe85', 38, '6, 96, 97', 'NULL', NULL, NULL, '2019-05-10 23:09:22', NULL),
(1328, 141, 2, '5cd5c3735fe85', 38, '96, 97', 'NULL', NULL, 1, '2019-05-10 23:09:33', NULL),
(1329, 141, 2, '5cd5c3735fe85', 51, '124, 127, 126, 125', 'NULL', NULL, NULL, '2019-05-10 23:09:45', NULL),
(1330, 141, 2, '5cd5c3735fe85', 52, '128', 'NULL', NULL, NULL, '2019-05-10 23:09:59', NULL),
(1331, 141, 2, '5cd5c3735fe85', 54, '135', 'NULL', NULL, 1, '2019-05-10 23:10:06', NULL),
(1332, 141, 2, '5cd5c3735fe85', 56, '147, 152, 142, 144, 145, 140', 'NULL', NULL, NULL, '2019-05-10 23:10:22', NULL),
(1333, 141, 2, '5cd5c3735fe85', 57, '154', 'NULL', NULL, NULL, '2019-05-10 23:10:34', NULL),
(1334, 141, 2, '5cd5c3735fe85', 59, '166', 'NULL', NULL, 1, '2019-05-10 23:10:41', NULL),
(1335, 141, 2, '5cd5c3735fe85', 61, '175', 'NULL', NULL, 1, '2019-05-10 23:10:55', NULL),
(1336, 141, 2, '5cd5c3735fe85', 62, '178', 'NULL', NULL, 1, '2019-05-10 23:13:09', NULL),
(1337, 141, 2, '5cd5c3735fe85', 63, '183', 'NULL', NULL, NULL, '2019-05-10 23:13:47', NULL),
(1338, 141, 2, '5cd5c3735fe85', 64, '6', 'NULL', NULL, 1, '2019-05-10 23:13:52', NULL),
(1339, 141, 2, '5cd5c3735fe85', 51, '125, 126, 124', 'NULL', NULL, 1, '2019-05-10 23:14:01', NULL),
(1340, 141, 2, '5cd5c3735fe85', 52, '128', 'NULL', NULL, NULL, '2019-05-10 23:14:11', NULL),
(1341, 141, 2, '5cd5c3735fe85', 56, '147, 143, 140, 152, 144', 'NULL', NULL, NULL, '2019-05-10 23:14:37', NULL),
(1342, 141, 2, '5cd5c3735fe85', 57, '156', 'NULL', NULL, 1, '2019-05-10 23:15:07', NULL),
(1343, 141, 2, '5cd5c3735fe85', 63, '180', 'NULL', NULL, NULL, '2019-05-10 23:15:13', NULL),
(1344, 141, 2, '5cd5c3735fe85', 52, '130', 'NULL', NULL, NULL, '2019-05-10 23:15:19', NULL),
(1345, 141, 2, '5cd5c3735fe85', 56, '145, 143, 147', 'NULL', NULL, NULL, '2019-05-10 23:15:52', NULL),
(1346, 141, 2, '5cd5c3735fe85', 63, '183, 182, 180', 'NULL', NULL, NULL, '2019-05-10 23:16:13', NULL),
(1347, 141, 2, '5cd5c3735fe85', 52, '128, 129, 130', 'NULL', NULL, NULL, '2019-05-10 23:16:19', NULL),
(1348, 141, 2, '5cd5c3735fe85', 56, '152, 143, 147', 'NULL', NULL, 1, '2019-05-10 23:16:51', NULL),
(1349, 141, 2, '5cd5c3735fe85', 63, '182, 183', 'NULL', NULL, NULL, '2019-05-10 23:17:25', NULL),
(1350, 141, 2, '5cd5c3735fe85', 52, '129, 128', 'NULL', NULL, 1, '2019-05-10 23:17:57', NULL),
(1351, 141, 2, '5cd5c3735fe85', 63, '180, 183', 'NULL', NULL, 1, '2019-05-10 23:18:29', NULL),
(1352, 142, 2, '5cd5f2da3cfe0', 9, '26', 'NULL', NULL, 1, '2019-05-11 00:54:11', NULL),
(1353, 142, 2, '5cd5f2da3cfe0', 11, '32', 'NULL', NULL, NULL, '2019-05-11 00:54:23', NULL),
(1354, 142, 2, '5cd5f2da3cfe0', 12, '36', 'NULL', NULL, 1, '2019-05-11 00:54:44', NULL),
(1355, 142, 2, '5cd5f2da3cfe0', 13, '5', 'NULL', NULL, 1, '2019-05-11 00:54:56', NULL),
(1356, 142, 2, '5cd5f2da3cfe0', 14, '39', 'NULL', NULL, 1, '2019-05-11 00:55:08', NULL),
(1357, 142, 2, '5cd5f2da3cfe0', 19, '6', 'NULL', NULL, NULL, '2019-05-11 00:55:26', NULL),
(1358, 142, 2, '5cd5f2da3cfe0', 21, '5', 'NULL', NULL, 1, '2019-05-11 00:55:35', NULL),
(1359, 142, 2, '5cd5f2da3cfe0', 22, '56', 'NULL', NULL, 1, '2019-05-11 00:55:52', NULL),
(1360, 142, 2, '5cd5f2da3cfe0', 25, '65', 'NULL', NULL, 1, '2019-05-11 00:56:05', NULL),
(1361, 142, 2, '5cd5f2da3cfe0', 26, '69', 'NULL', NULL, 1, '2019-05-11 00:56:11', NULL),
(1362, 142, 2, '5cd5f2da3cfe0', 11, '5', 'NULL', NULL, 1, '2019-05-11 00:56:20', NULL),
(1363, 142, 2, '5cd5f2da3cfe0', 19, '48', 'NULL', NULL, NULL, '2019-05-11 00:56:27', NULL),
(1364, 142, 2, '5cd5f2da3cfe0', 19, '5', 'NULL', NULL, 1, '2019-05-11 00:56:39', NULL),
(1365, 143, 2, '5cd6011aae61e', 9, '26', 'NULL', NULL, 1, '2019-05-11 01:56:08', NULL),
(1366, 143, 2, '5cd6011aae61e', 11, '5', 'NULL', NULL, 1, '2019-05-11 01:56:19', NULL),
(1367, 143, 2, '5cd6011aae61e', 12, '36', 'NULL', NULL, 1, '2019-05-11 01:57:16', NULL),
(1368, 143, 2, '5cd6011aae61e', 13, '5', 'NULL', NULL, 1, '2019-05-11 01:57:27', NULL),
(1369, 143, 2, '5cd6011aae61e', 14, '39', 'NULL', NULL, 1, '2019-05-11 01:59:35', NULL),
(1370, 143, 2, '5cd6011aae61e', 19, '5', 'NULL', NULL, 1, '2019-05-11 01:59:47', NULL),
(1371, 143, 2, '5cd6011aae61e', 21, '5', 'NULL', NULL, 1, '2019-05-11 02:24:30', NULL),
(1372, 143, 2, '5cd6011aae61e', 22, '56', 'NULL', NULL, 1, '2019-05-11 02:24:40', NULL),
(1373, 143, 2, '5cd6011aae61e', 25, '65', 'NULL', NULL, 1, '2019-05-11 02:24:47', NULL),
(1374, 143, 2, '5cd6011aae61e', 26, '69', 'NULL', NULL, 1, '2019-05-11 02:25:07', NULL),
(1375, 143, 2, '5cd6011aae61e', 28, '74', 'NULL', NULL, 1, '2019-05-11 02:25:36', NULL),
(1376, 143, 2, '5cd6011aae61e', 32, '87', 'NULL', NULL, NULL, '2019-05-11 02:25:45', NULL),
(1377, 143, 2, '5cd6011aae61e', 33, '5', 'NULL', NULL, NULL, '2019-05-11 02:25:57', NULL),
(1378, 143, 2, '5cd6011aae61e', 33, '6', 'NULL', NULL, 1, '2019-05-11 02:26:20', NULL),
(1379, 143, 2, '5cd6011aae61e', 35, '94', 'NULL', NULL, 1, '2019-05-11 02:26:42', NULL),
(1380, 143, 2, '5cd6011aae61e', 36, '95', 'NULL', NULL, NULL, '2019-05-11 02:27:02', NULL),
(1381, 143, 2, '5cd6011aae61e', 37, '5', 'NULL', NULL, 1, '2019-05-11 02:27:12', NULL),
(1382, 143, 2, '5cd6011aae61e', 38, '96, 97', 'NULL', NULL, 1, '2019-05-11 02:27:35', NULL),
(1383, 143, 2, '5cd6011aae61e', 39, '5', 'NULL', NULL, 1, '2019-05-11 02:27:52', NULL),
(1384, 143, 2, '5cd6011aae61e', 41, '103', 'NULL', NULL, 1, '2019-05-11 02:28:18', NULL),
(1385, 143, 2, '5cd6011aae61e', 42, '105', 'NULL', NULL, 1, '2019-05-11 02:28:28', NULL),
(1386, 143, 2, '5cd6011aae61e', 32, '89', 'NULL', NULL, 1, '2019-05-11 02:29:25', NULL),
(1387, 143, 2, '5cd6011aae61e', 36, '5', 'NULL', NULL, 1, '2019-05-11 02:29:44', NULL),
(1388, 143, 2, '5cd6011aae61e', 51, '124, 126, 125', 'NULL', NULL, 1, '2019-05-11 02:30:04', NULL),
(1389, 143, 2, '5cd6011aae61e', 52, '129', 'NULL', NULL, NULL, '2019-05-11 02:30:14', NULL),
(1390, 143, 2, '5cd6011aae61e', 54, '135', 'NULL', NULL, 1, '2019-05-11 02:30:42', NULL),
(1391, 143, 2, '5cd6011aae61e', 56, '143, 147, 145', 'NULL', NULL, NULL, '2019-05-11 02:30:59', NULL),
(1392, 143, 2, '5cd6011aae61e', 57, '156', 'NULL', NULL, 1, '2019-05-11 02:31:10', NULL),
(1393, 143, 2, '5cd6011aae61e', 59, '166', 'NULL', NULL, 1, '2019-05-11 02:31:28', NULL),
(1394, 143, 2, '5cd6011aae61e', 61, '175', 'NULL', NULL, 1, '2019-05-11 02:31:45', NULL),
(1395, 143, 2, '5cd6011aae61e', 62, '176', 'NULL', NULL, NULL, '2019-05-11 02:32:01', NULL),
(1396, 143, 2, '5cd6011aae61e', 63, '180', 'NULL', NULL, NULL, '2019-05-11 02:32:23', NULL),
(1397, 143, 2, '5cd6011aae61e', 64, '6', 'NULL', NULL, 1, '2019-05-11 02:32:34', NULL),
(1398, 143, 2, '5cd6011aae61e', 52, '129', 'NULL', NULL, NULL, '2019-05-11 02:32:48', NULL),
(1399, 143, 2, '5cd6011aae61e', 56, '145', 'NULL', NULL, NULL, '2019-05-11 02:33:00', NULL),
(1400, 143, 2, '5cd6011aae61e', 62, '178', 'NULL', NULL, 1, '2019-05-11 02:33:10', NULL),
(1401, 143, 2, '5cd6011aae61e', 63, '180, 183', 'NULL', NULL, 1, '2019-05-11 02:33:32', NULL),
(1402, 143, 2, '5cd6011aae61e', 52, '129, 128', 'NULL', NULL, 1, '2019-05-11 02:34:23', NULL),
(1403, 143, 2, '5cd6011aae61e', 56, '147', 'NULL', NULL, NULL, '2019-05-11 02:34:35', NULL),
(1404, 143, 2, '5cd6011aae61e', 56, '144', 'NULL', NULL, NULL, '2019-05-11 02:34:49', NULL),
(1405, 143, 2, '5cd6011aae61e', 56, '152, 143, 147', 'NULL', NULL, 1, '2019-05-11 02:35:38', NULL),
(1406, 143, 2, '5cd60b5de95e9', 9, '25', 'NULL', NULL, NULL, '2019-05-11 02:38:57', NULL),
(1407, 143, 2, '5cd60b5de95e9', 11, '5', 'NULL', NULL, 1, '2019-05-11 02:39:02', NULL),
(1408, 143, 2, '5cd60b5de95e9', 12, '36', 'NULL', NULL, 1, '2019-05-11 02:39:12', NULL),
(1409, 143, 2, '5cd60b5de95e9', 13, '5', 'NULL', NULL, 1, '2019-05-11 02:39:18', NULL),
(1410, 143, 2, '5cd60b5de95e9', 14, '39', 'NULL', NULL, 1, '2019-05-11 02:39:23', NULL),
(1411, 143, 2, '5cd60b5de95e9', 19, '48', 'NULL', NULL, NULL, '2019-05-11 02:39:27', NULL),
(1412, 143, 2, '5cd60b5de95e9', 21, '5', 'NULL', NULL, 1, '2019-05-11 02:39:32', NULL),
(1413, 143, 2, '5cd60b5de95e9', 22, '56', 'NULL', NULL, 1, '2019-05-11 02:39:38', NULL),
(1414, 143, 2, '5cd60b5de95e9', 25, '65', 'NULL', NULL, 1, '2019-05-11 02:40:36', NULL),
(1415, 143, 2, '5cd60b5de95e9', 26, '69', 'NULL', NULL, 1, '2019-05-11 02:40:40', NULL),
(1416, 143, 2, '5cd60b5de95e9', 9, '28', 'NULL', NULL, NULL, '2019-05-11 02:40:54', NULL),
(1417, 143, 2, '5cd60b5de95e9', 19, '5', 'NULL', NULL, 1, '2019-05-11 02:41:02', NULL),
(1418, 143, 2, '5cd60b5de95e9', 9, '28', 'NULL', NULL, NULL, '2019-05-11 02:41:25', NULL),
(1419, 143, 2, '5cd60b5de95e9', 9, '26', 'NULL', NULL, 1, '2019-05-11 02:41:39', NULL),
(1420, 143, 2, '5cd60b5de95e9', 28, '74', 'NULL', NULL, 1, '2019-05-11 02:41:58', NULL),
(1421, 143, 2, '5cd60b5de95e9', 32, '89', 'NULL', NULL, 1, '2019-05-11 02:42:04', NULL),
(1422, 143, 2, '5cd60b5de95e9', 33, '6', 'NULL', NULL, 1, '2019-05-11 02:42:16', NULL),
(1423, 143, 2, '5cd60b5de95e9', 35, '94', 'NULL', NULL, 1, '2019-05-11 02:42:25', NULL),
(1424, 143, 2, '5cd60b5de95e9', 36, '5', 'NULL', NULL, 1, '2019-05-11 02:42:31', NULL),
(1425, 143, 2, '5cd60b5de95e9', 37, '5', 'NULL', NULL, 1, '2019-05-11 02:42:37', NULL),
(1426, 143, 2, '5cd60b5de95e9', 38, '96, 97', 'NULL', NULL, 1, '2019-05-11 02:42:45', NULL),
(1427, 143, 2, '5cd60b5de95e9', 39, '5', 'NULL', NULL, 1, '2019-05-11 02:42:54', NULL),
(1428, 143, 2, '5cd60b5de95e9', 41, '103', 'NULL', NULL, 1, '2019-05-11 02:43:01', NULL),
(1429, 143, 2, '5cd60b5de95e9', 42, '106', 'NULL', NULL, NULL, '2019-05-11 02:43:07', NULL),
(1430, 143, 2, '5cd60b5de95e9', 42, '106', 'NULL', NULL, NULL, '2019-05-11 02:43:14', NULL),
(1431, 143, 2, '5cd60b5de95e9', 42, '106', 'NULL', NULL, NULL, '2019-05-11 02:43:18', NULL),
(1432, 143, 2, '5cd60b5de95e9', 42, '106', 'NULL', NULL, NULL, '2019-05-11 02:43:34', NULL),
(1433, 143, 2, '5cd60b5de95e9', 42, '105', 'NULL', NULL, 1, '2019-05-11 02:43:38', NULL),
(1434, 143, 2, '5cd60b5de95e9', 51, '125, 126, 124', 'NULL', NULL, 1, '2019-05-11 02:43:54', NULL),
(1435, 143, 2, '5cd60b5de95e9', 52, '128', 'NULL', NULL, NULL, '2019-05-11 02:44:01', NULL),
(1436, 143, 2, '5cd60b5de95e9', 54, '138', 'NULL', NULL, NULL, '2019-05-11 02:44:08', NULL),
(1437, 143, 2, '5cd60b5de95e9', 56, '147, 152, 143', 'NULL', NULL, 1, '2019-05-11 02:44:23', NULL),
(1438, 143, 2, '5cd60b5de95e9', 57, '153', 'NULL', NULL, NULL, '2019-05-11 02:44:31', NULL),
(1439, 143, 2, '5cd60b5de95e9', 59, '166', 'NULL', NULL, 1, '2019-05-11 02:44:45', NULL),
(1440, 143, 2, '5cd60b5de95e9', 61, '175', 'NULL', NULL, 1, '2019-05-11 02:44:56', NULL),
(1441, 143, 2, '5cd60b5de95e9', 62, '178', 'NULL', NULL, 1, '2019-05-11 02:45:02', NULL),
(1442, 143, 2, '5cd60b5de95e9', 63, '183, 180', 'NULL', NULL, 1, '2019-05-11 02:45:12', NULL),
(1443, 143, 2, '5cd60b5de95e9', 64, '5', 'NULL', NULL, NULL, '2019-05-11 02:45:19', NULL),
(1444, 143, 2, '5cd60b5de95e9', 52, '128', 'NULL', NULL, NULL, '2019-05-11 02:45:32', NULL),
(1445, 143, 2, '5cd60b5de95e9', 54, '138', 'NULL', NULL, NULL, '2019-05-11 02:45:38', NULL),
(1446, 143, 2, '5cd60b5de95e9', 57, '155', 'NULL', NULL, NULL, '2019-05-11 02:45:42', NULL),
(1447, 143, 2, '5cd60b5de95e9', 64, '6', 'NULL', NULL, 1, '2019-05-11 02:45:51', NULL),
(1448, 143, 2, '5cd60b5de95e9', 52, '129, 128', 'NULL', NULL, 1, '2019-05-11 02:46:15', NULL),
(1449, 143, 2, '5cd60b5de95e9', 54, '136', 'NULL', NULL, NULL, '2019-05-11 02:46:25', NULL),
(1450, 143, 2, '5cd60b5de95e9', 57, '155', 'NULL', NULL, NULL, '2019-05-11 02:46:29', NULL),
(1451, 143, 2, '5cd60b5de95e9', 54, '135', 'NULL', NULL, 1, '2019-05-11 02:46:50', NULL),
(1452, 143, 2, '5cd60b5de95e9', 57, '156', 'NULL', NULL, 1, '2019-05-11 02:47:20', NULL),
(1453, 144, 1, '5cd6759a14a63', 8, '21', 'NULL', NULL, 1, '2019-05-11 10:11:31', NULL),
(1454, 144, 1, '5cd6759a14a63', 9, '26', 'NULL', NULL, 1, '2019-05-11 10:11:37', NULL),
(1455, 144, 1, '5cd6759a14a63', 10, '31', 'NULL', NULL, 1, '2019-05-11 10:11:44', NULL),
(1456, 144, 1, '5cd6759a14a63', 11, '5', 'NULL', NULL, 1, '2019-05-11 10:11:51', NULL),
(1457, 144, 1, '5cd6759a14a63', 12, '36', 'NULL', NULL, 1, '2019-05-11 10:11:59', NULL),
(1458, 144, 1, '5cd6759a14a63', 13, '5', 'NULL', NULL, 1, '2019-05-11 10:12:03', NULL),
(1459, 144, 1, '5cd6759a14a63', 14, '39', 'NULL', NULL, 1, '2019-05-11 10:12:23', NULL),
(1460, 144, 1, '5cd6759a14a63', 15, '5', 'NULL', NULL, 1, '2019-05-11 10:12:27', NULL),
(1461, 144, 1, '5cd6759a14a63', 16, '5', 'NULL', NULL, 1, '2019-05-11 10:12:30', NULL),
(1462, 144, 1, '5cd6759a14a63', 17, '5', 'NULL', NULL, 1, '2019-05-11 10:12:35', NULL),
(1463, 144, 1, '5cd6759a14a63', 18, '45', 'NULL', NULL, 1, '2019-05-11 10:12:42', NULL),
(1464, 144, 1, '5cd6759a14a63', 19, '5', 'NULL', NULL, 1, '2019-05-11 10:12:49', NULL),
(1465, 144, 1, '5cd6759a14a63', 20, '51', 'NULL', NULL, NULL, '2019-05-11 10:12:57', NULL),
(1466, 144, 1, '5cd6759a14a63', 21, '5', 'NULL', NULL, 1, '2019-05-11 10:13:19', NULL),
(1467, 144, 1, '5cd6759a14a63', 22, '55', 'NULL', NULL, NULL, '2019-05-11 10:13:24', NULL),
(1468, 144, 1, '5cd6759a14a63', 23, '57', 'NULL', NULL, 1, '2019-05-11 10:13:30', NULL),
(1469, 144, 1, '5cd6759a14a63', 24, '59', 'NULL', NULL, NULL, '2019-05-11 10:13:39', NULL),
(1470, 144, 1, '5cd6759a14a63', 25, '65', 'NULL', NULL, 1, '2019-05-11 10:13:43', NULL),
(1471, 144, 1, '5cd6759a14a63', 26, '68', 'NULL', NULL, NULL, '2019-05-11 10:13:48', NULL),
(1472, 144, 1, '5cd6759a14a63', 27, '70', 'NULL', NULL, NULL, '2019-05-11 10:13:52', NULL),
(1473, 144, 1, '5cd6759a14a63', 20, '49', 'NULL', NULL, NULL, '2019-05-11 10:14:03', NULL),
(1474, 144, 1, '5cd6759a14a63', 22, '55', 'NULL', NULL, NULL, '2019-05-11 10:14:10', NULL),
(1475, 144, 1, '5cd6759a14a63', 24, '61', 'NULL', NULL, 1, '2019-05-11 10:14:16', NULL),
(1476, 144, 1, '5cd6759a14a63', 26, '67', 'NULL', NULL, NULL, '2019-05-11 10:15:46', NULL),
(1477, 144, 1, '5cd6759a14a63', 27, '70', 'NULL', NULL, NULL, '2019-05-11 10:15:51', NULL),
(1478, 144, 1, '5cd6759a14a63', 20, '51', 'NULL', NULL, NULL, '2019-05-11 10:15:59', NULL),
(1479, 144, 1, '5cd6759a14a63', 22, '56', 'NULL', NULL, 1, '2019-05-11 10:16:08', NULL),
(1480, 144, 1, '5cd6759a14a63', 26, '69', 'NULL', NULL, 1, '2019-05-11 10:16:14', NULL),
(1481, 144, 1, '5cd6759a14a63', 27, '71', 'NULL', NULL, 1, '2019-05-11 10:16:19', NULL),
(1482, 144, 1, '5cd6759a14a63', 20, '50', 'NULL', NULL, 1, '2019-05-11 10:17:09', NULL),
(1483, 144, 1, '5cd6759a14a63', 28, '74', 'NULL', NULL, 1, '2019-05-11 10:21:42', NULL),
(1484, 144, 1, '5cd6759a14a63', 29, '77, 79', 'NULL', NULL, NULL, '2019-05-11 10:28:35', NULL),
(1485, 144, 1, '5cd6759a14a63', 30, '81', 'NULL', NULL, NULL, '2019-05-11 10:29:08', NULL),
(1486, 144, 1, '5cd6759a14a63', 31, '6', 'NULL', NULL, 1, '2019-05-11 10:29:17', NULL),
(1487, 145, 2, '5cd68171dd2e2', 9, '26', 'NULL', NULL, 1, '2019-05-11 11:05:00', NULL),
(1488, 145, 2, '5cd68171dd2e2', 11, '5', 'NULL', NULL, 1, '2019-05-11 11:05:18', NULL),
(1489, 146, 2, '5cd696219f22f', 9, '26', 'NULL', NULL, 1, '2019-05-11 14:29:34', NULL),
(1490, 146, 2, '5cd696219f22f', 11, '5', 'NULL', NULL, 1, '2019-05-11 14:29:39', NULL),
(1491, 146, 2, '5cd696219f22f', 12, '36', 'NULL', NULL, 1, '2019-05-11 14:29:49', NULL),
(1492, 146, 2, '5cd696219f22f', 13, '5', 'NULL', NULL, 1, '2019-05-11 14:29:58', NULL),
(1493, 146, 2, '5cd696219f22f', 14, '39', 'NULL', NULL, 1, '2019-05-11 14:30:02', NULL),
(1494, 146, 2, '5cd696219f22f', 19, '5', 'NULL', NULL, 1, '2019-05-11 14:30:07', NULL),
(1495, 146, 2, '5cd696219f22f', 21, '5', 'NULL', NULL, 1, '2019-05-11 14:30:12', NULL),
(1496, 146, 2, '5cd696219f22f', 22, '56', 'NULL', NULL, 1, '2019-05-11 14:30:24', NULL),
(1497, 146, 2, '5cd696219f22f', 25, '65', 'NULL', NULL, 1, '2019-05-11 14:30:38', NULL),
(1498, 146, 2, '5cd696219f22f', 26, '69', 'NULL', NULL, 1, '2019-05-11 14:30:41', NULL),
(1499, 147, 2, '5cd70b1344122', 9, '26', 'NULL', NULL, 1, '2019-05-11 20:52:03', NULL),
(1500, 147, 2, '5cd70b1344122', 11, '5', 'NULL', NULL, 1, '2019-05-11 20:52:21', NULL),
(1501, 147, 2, '5cd70b1344122', 12, '36', 'NULL', NULL, 1, '2019-05-11 20:52:35', NULL),
(1502, 147, 2, '5cd70b1344122', 13, '5', 'NULL', NULL, 1, '2019-05-11 20:53:26', NULL),
(1503, 147, 2, '5cd70b1344122', 14, '39', 'NULL', NULL, 1, '2019-05-11 20:53:56', NULL),
(1504, 147, 2, '5cd70b1344122', 19, '5', 'NULL', NULL, 1, '2019-05-11 20:54:20', NULL),
(1505, 147, 2, '5cd70b1344122', 21, '5', 'NULL', NULL, 1, '2019-05-11 20:54:45', NULL),
(1506, 147, 2, '5cd70b1344122', 22, '56', 'NULL', NULL, 1, '2019-05-11 20:55:36', NULL),
(1507, 147, 2, '5cd70b1344122', 25, '65', 'NULL', NULL, 1, '2019-05-11 20:55:54', NULL),
(1508, 147, 2, '5cd70b1344122', 26, '69', 'NULL', NULL, 1, '2019-05-11 21:00:52', NULL),
(1509, 147, 2, '5cd70b1344122', 28, '73', 'NULL', NULL, NULL, '2019-05-11 21:01:07', NULL),
(1510, 147, 2, '5cd70b1344122', 32, '87', 'NULL', NULL, NULL, '2019-05-11 21:01:15', NULL),
(1511, 147, 2, '5cd70b1344122', 33, '5', 'NULL', NULL, NULL, '2019-05-11 21:01:22', NULL),
(1512, 147, 2, '5cd70b1344122', 35, '94', 'NULL', NULL, 1, '2019-05-11 21:01:31', NULL),
(1513, 147, 2, '5cd70b1344122', 36, '95', 'NULL', NULL, NULL, '2019-05-11 21:01:42', NULL),
(1514, 147, 2, '5cd70b1344122', 37, '5', 'NULL', NULL, 1, '2019-05-11 21:01:51', NULL),
(1515, 147, 2, '5cd70b1344122', 38, '96, 97', 'NULL', NULL, 1, '2019-05-11 21:02:09', NULL),
(1516, 147, 2, '5cd70b1344122', 39, '5', 'NULL', NULL, 1, '2019-05-11 21:02:30', NULL),
(1517, 147, 2, '5cd70b1344122', 41, '103', 'NULL', NULL, 1, '2019-05-11 21:05:23', NULL),
(1518, 147, 2, '5cd70b1344122', 42, '105', 'NULL', NULL, 1, '2019-05-11 21:05:34', NULL),
(1519, 147, 2, '5cd70b1344122', 28, '74', 'NULL', NULL, 1, '2019-05-11 21:06:47', NULL),
(1520, 147, 2, '5cd70b1344122', 32, '87', 'NULL', NULL, NULL, '2019-05-11 21:08:04', NULL),
(1521, 147, 2, '5cd70b1344122', 33, '6', 'NULL', NULL, 1, '2019-05-11 21:08:10', NULL),
(1522, 147, 2, '5cd70b1344122', 36, '5', 'NULL', NULL, 1, '2019-05-11 21:08:16', NULL),
(1523, 147, 2, '5cd70b1344122', 32, '89', 'NULL', NULL, 1, '2019-05-11 21:08:44', NULL),
(1524, 147, 2, '5cd70b1344122', 51, '126, 124', 'NULL', NULL, NULL, '2019-05-11 21:10:57', NULL),
(1525, 147, 2, '5cd70b1344122', 52, '128, 129', 'NULL', NULL, 1, '2019-05-11 21:11:07', NULL),
(1526, 147, 2, '5cd70b1344122', 54, '138', 'NULL', NULL, NULL, '2019-05-11 21:11:14', NULL),
(1527, 147, 2, '5cd70b1344122', 56, '147, 143, 140, 142, 152', 'NULL', NULL, NULL, '2019-05-11 21:11:49', NULL),
(1528, 147, 2, '5cd70b1344122', 57, '156', 'NULL', NULL, 1, '2019-05-11 21:11:55', NULL),
(1529, 147, 2, '5cd70b1344122', 59, '163', 'NULL', NULL, NULL, '2019-05-11 21:12:05', NULL),
(1530, 147, 2, '5cd70b1344122', 61, '175', 'NULL', NULL, 1, '2019-05-11 21:12:12', NULL),
(1531, 147, 2, '5cd70b1344122', 62, '178', 'NULL', NULL, 1, '2019-05-11 21:12:16', NULL),
(1532, 147, 2, '5cd70b1344122', 63, '182', 'NULL', NULL, NULL, '2019-05-11 21:12:21', NULL),
(1533, 147, 2, '5cd70b1344122', 64, '5', 'NULL', NULL, NULL, '2019-05-11 21:14:10', NULL),
(1534, 147, 2, '5cd70b1344122', 51, '126, 124, 125', 'NULL', NULL, 1, '2019-05-11 21:14:36', NULL),
(1535, 147, 2, '5cd70b1344122', 54, '135', 'NULL', NULL, 1, '2019-05-11 21:14:44', NULL),
(1536, 148, 3, '5cd718093332b', 9, '26', 'NULL', NULL, 1, '2019-05-11 21:44:47', NULL),
(1537, 148, 3, '5cd718093332b', 11, '6', 'NULL', NULL, NULL, '2019-05-11 21:44:58', NULL),
(1538, 148, 3, '5cd718093332b', 12, '36', 'NULL', NULL, 1, '2019-05-11 21:45:14', NULL),
(1539, 148, 3, '5cd718093332b', 13, '37', 'NULL', NULL, NULL, '2019-05-11 21:45:23', NULL),
(1540, 148, 3, '5cd718093332b', 14, '39', 'NULL', NULL, 1, '2019-05-11 21:45:31', NULL),
(1541, 148, 3, '5cd718093332b', 19, '5', 'NULL', NULL, 1, '2019-05-11 21:45:38', NULL),
(1542, 148, 3, '5cd718093332b', 21, '52', 'NULL', NULL, NULL, '2019-05-11 21:45:47', NULL),
(1543, 148, 3, '5cd718093332b', 22, '56', 'NULL', NULL, 1, '2019-05-11 21:46:04', NULL),
(1544, 148, 3, '5cd718093332b', 25, '65', 'NULL', NULL, 1, '2019-05-11 21:46:10', NULL),
(1545, 148, 3, '5cd718093332b', 26, '69', 'NULL', NULL, 1, '2019-05-11 21:46:18', NULL),
(1546, 148, 3, '5cd718093332b', 11, '6', 'NULL', NULL, NULL, '2019-05-11 21:46:29', NULL),
(1547, 148, 3, '5cd718093332b', 11, '5', 'NULL', NULL, 1, '2019-05-11 21:46:48', NULL),
(1548, 148, 3, '5cd718093332b', 13, '37', 'NULL', NULL, NULL, '2019-05-11 21:46:56', NULL),
(1549, 148, 3, '5cd718093332b', 13, '5', 'NULL', NULL, 1, '2019-05-11 21:47:03', NULL),
(1550, 148, 3, '5cd718093332b', 21, '52', 'NULL', NULL, NULL, '2019-05-11 21:47:10', NULL),
(1551, 148, 3, '5cd718093332b', 21, '5', 'NULL', NULL, 1, '2019-05-11 21:47:22', NULL),
(1552, 148, 3, '5cd718093332b', 28, '73', 'NULL', NULL, NULL, '2019-05-11 21:47:39', NULL),
(1553, 148, 3, '5cd718093332b', 32, '87', 'NULL', NULL, NULL, '2019-05-11 21:47:56', NULL),
(1554, 148, 3, '5cd718093332b', 33, '6', 'NULL', NULL, 1, '2019-05-11 21:48:34', NULL),
(1555, 148, 3, '5cd718093332b', 35, '94', 'NULL', NULL, 1, '2019-05-11 21:49:03', NULL),
(1556, 148, 3, '5cd718093332b', 36, '95', 'NULL', NULL, NULL, '2019-05-11 21:49:08', NULL),
(1557, 148, 3, '5cd718093332b', 37, '5', 'NULL', NULL, 1, '2019-05-11 21:49:13', NULL),
(1558, 148, 3, '5cd718093332b', 38, '96, 97', 'NULL', NULL, 1, '2019-05-11 21:49:31', NULL),
(1559, 148, 3, '5cd718093332b', 39, '5', 'NULL', NULL, 1, '2019-05-11 21:49:48', NULL),
(1560, 148, 3, '5cd718093332b', 41, '103', 'NULL', NULL, 1, '2019-05-11 21:50:17', NULL),
(1561, 148, 3, '5cd718093332b', 42, '105', 'NULL', NULL, 1, '2019-05-11 21:50:32', NULL),
(1562, 148, 3, '5cd718093332b', 28, '75', 'NULL', NULL, NULL, '2019-05-11 21:50:43', NULL),
(1563, 148, 3, '5cd718093332b', 28, '74', 'NULL', NULL, 1, '2019-05-11 21:51:50', NULL),
(1564, 148, 3, '5cd718093332b', 32, '89', 'NULL', NULL, 1, '2019-05-11 21:51:57', NULL),
(1565, 148, 3, '5cd718093332b', 36, '5', 'NULL', NULL, 1, '2019-05-11 21:52:17', NULL),
(1566, 148, 3, '5cd718093332b', 51, '125, 124, 126', 'NULL', NULL, 1, '2019-05-11 21:52:53', NULL),
(1567, 148, 3, '5cd718093332b', 52, '129', 'NULL', NULL, NULL, '2019-05-11 21:54:44', NULL),
(1568, 148, 3, '5cd718093332b', 54, '135', 'NULL', NULL, 1, '2019-05-11 21:54:51', NULL),
(1569, 148, 3, '5cd718093332b', 56, '147, 152, 143', 'NULL', NULL, 1, '2019-05-11 21:55:22', NULL),
(1570, 148, 3, '5cd718093332b', 57, '156', 'NULL', NULL, 1, '2019-05-11 21:56:34', NULL),
(1571, 148, 3, '5cd718093332b', 59, '166', 'NULL', NULL, 1, '2019-05-11 21:56:59', NULL),
(1572, 148, 3, '5cd718093332b', 61, '175', 'NULL', NULL, 1, '2019-05-11 21:57:09', NULL),
(1573, 148, 3, '5cd718093332b', 62, '179', 'NULL', NULL, NULL, '2019-05-11 21:57:17', NULL),
(1574, 148, 3, '5cd718093332b', 63, '183, 180', 'NULL', NULL, 1, '2019-05-11 21:57:37', NULL),
(1575, 148, 3, '5cd718093332b', 64, '6', 'NULL', NULL, 1, '2019-05-11 21:57:59', NULL),
(1576, 148, 3, '5cd718093332b', 52, '130', 'NULL', NULL, NULL, '2019-05-11 21:58:12', NULL),
(1577, 148, 3, '5cd718093332b', 52, '128, 129', 'NULL', NULL, 1, '2019-05-11 21:58:25', NULL),
(1578, 148, 3, '5cd718093332b', 62, '178', 'NULL', NULL, 1, '2019-05-11 21:58:56', NULL),
(1579, 149, 4, '5cd71d36d8c4f', 9, '26', 'NULL', NULL, 1, '2019-05-11 22:06:47', NULL),
(1580, 149, 4, '5cd71d36d8c4f', 12, '35', 'NULL', NULL, NULL, '2019-05-11 22:06:50', NULL),
(1581, 149, 4, '5cd71d36d8c4f', 14, '38', 'NULL', NULL, NULL, '2019-05-11 22:07:07', NULL),
(1582, 149, 4, '5cd71d36d8c4f', 21, '53', 'NULL', NULL, NULL, '2019-05-11 22:07:31', NULL),
(1583, 149, 4, '5cd71d36d8c4f', 22, '56', 'NULL', NULL, 1, '2019-05-11 22:07:40', NULL),
(1584, 149, 4, '5cd71d36d8c4f', 12, '33', 'NULL', NULL, NULL, '2019-05-11 22:07:51', NULL),
(1585, 149, 4, '5cd71d36d8c4f', 14, '39', 'NULL', NULL, 1, '2019-05-11 22:07:56', NULL),
(1586, 149, 4, '5cd71d36d8c4f', 21, '5', 'NULL', NULL, 1, '2019-05-11 22:08:46', NULL),
(1587, 149, 4, '5cd71d36d8c4f', 12, '36', 'NULL', NULL, 1, '2019-05-11 22:09:04', NULL),
(1588, 149, 4, '5cd71d36d8c4f', 28, '75', 'NULL', NULL, NULL, '2019-05-11 22:09:18', NULL),
(1589, 149, 4, '5cd71d36d8c4f', 35, '6', 'NULL', NULL, NULL, '2019-05-11 22:09:22', NULL),
(1590, 149, 4, '5cd71d36d8c4f', 36, '5', 'NULL', NULL, 1, '2019-05-11 22:09:25', NULL),
(1591, 149, 4, '5cd71d36d8c4f', 39, '98', 'NULL', NULL, NULL, '2019-05-11 22:09:32', NULL),
(1592, 149, 4, '5cd71d36d8c4f', 42, '105', 'NULL', NULL, 1, '2019-05-11 22:09:36', NULL),
(1593, 149, 4, '5cd71d36d8c4f', 28, '73', 'NULL', NULL, NULL, '2019-05-11 22:10:00', NULL),
(1594, 149, 4, '5cd71d36d8c4f', 35, '94', 'NULL', NULL, 1, '2019-05-11 22:10:05', NULL),
(1595, 149, 4, '5cd71d36d8c4f', 39, '5', 'NULL', NULL, 1, '2019-05-11 22:10:13', NULL),
(1596, 149, 4, '5cd71d36d8c4f', 28, '74', 'NULL', NULL, 1, '2019-05-11 22:10:21', NULL),
(1597, 149, 4, '5cd71d36d8c4f', 51, '124, 125, 126', 'NULL', NULL, 1, '2019-05-11 22:11:03', NULL),
(1598, 149, 4, '5cd71d36d8c4f', 54, '136', 'NULL', NULL, NULL, '2019-05-11 22:11:23', NULL),
(1599, 149, 4, '5cd71d36d8c4f', 56, '144, 152, 140, 147', 'NULL', NULL, NULL, '2019-05-11 22:11:48', NULL),
(1600, 149, 4, '5cd71d36d8c4f', 61, '175', 'NULL', NULL, 1, '2019-05-11 22:11:59', NULL),
(1601, 149, 4, '5cd71d36d8c4f', 62, '178', 'NULL', NULL, 1, '2019-05-11 22:12:09', NULL),
(1602, 149, 4, '5cd71d36d8c4f', 54, '135', 'NULL', NULL, 1, '2019-05-11 22:12:18', NULL),
(1603, 149, 4, '5cd71d36d8c4f', 56, '142', 'NULL', NULL, NULL, '2019-05-11 22:12:24', NULL),
(1604, 149, 4, '5cd71d36d8c4f', 56, '152, 143, 147', 'NULL', NULL, 1, '2019-05-11 22:13:02', NULL),
(1605, 141, 2, '5cd686589e956', 9, '26', 'NULL', NULL, 1, '2019-05-11 22:48:04', NULL),
(1606, 141, 2, '5cd686589e956', 11, '5', 'NULL', NULL, 1, '2019-05-11 22:48:11', NULL),
(1607, 141, 2, '5cd686589e956', 12, '36', 'NULL', NULL, 1, '2019-05-11 22:48:17', NULL),
(1608, 141, 2, '5cd686589e956', 13, '5', 'NULL', NULL, 1, '2019-05-11 22:48:25', NULL),
(1609, 141, 2, '5cd686589e956', 14, '39', 'NULL', NULL, 1, '2019-05-11 22:48:39', NULL),
(1610, 141, 2, '5cd686589e956', 19, '5', 'NULL', NULL, 1, '2019-05-11 22:48:43', NULL),
(1611, 141, 2, '5cd686589e956', 21, '5', 'NULL', NULL, 1, '2019-05-11 22:48:50', NULL),
(1612, 141, 2, '5cd686589e956', 22, '56', 'NULL', NULL, 1, '2019-05-11 22:48:56', NULL),
(1613, 141, 2, '5cd686589e956', 25, '65', 'NULL', NULL, 1, '2019-05-11 22:49:03', NULL),
(1614, 141, 2, '5cd686589e956', 26, '69', 'NULL', NULL, 1, '2019-05-11 22:49:07', NULL),
(1615, 141, 2, '5cd686589e956', 28, '74', 'NULL', NULL, 1, '2019-05-11 22:49:35', NULL),
(1616, 141, 2, '5cd686589e956', 32, '89', 'NULL', NULL, 1, '2019-05-11 22:49:44', NULL),
(1617, 141, 2, '5cd686589e956', 33, '6', 'NULL', NULL, 1, '2019-05-11 22:49:48', NULL),
(1618, 141, 2, '5cd686589e956', 35, '94', 'NULL', NULL, 1, '2019-05-11 22:49:53', NULL),
(1619, 141, 2, '5cd686589e956', 36, '5', 'NULL', NULL, 1, '2019-05-11 22:49:57', NULL),
(1620, 141, 2, '5cd686589e956', 37, '5', 'NULL', NULL, 1, '2019-05-11 22:50:00', NULL),
(1621, 141, 2, '5cd686589e956', 38, '6', 'NULL', NULL, NULL, '2019-05-11 22:50:05', NULL),
(1622, 141, 2, '5cd686589e956', 39, '5', 'NULL', NULL, 1, '2019-05-11 22:50:13', NULL),
(1623, 141, 2, '5cd686589e956', 41, '103', 'NULL', NULL, 1, '2019-05-11 22:50:21', NULL),
(1624, 141, 2, '5cd686589e956', 42, '105', 'NULL', NULL, 1, '2019-05-11 22:50:27', NULL),
(1625, 141, 2, '5cd686589e956', 38, '96', 'NULL', NULL, NULL, '2019-05-11 22:50:36', NULL),
(1626, 141, 2, '5cd686589e956', 38, '96, 97', 'NULL', NULL, 1, '2019-05-11 22:50:40', NULL),
(1627, 141, 2, '5cd686589e956', 51, '125', 'NULL', NULL, NULL, '2019-05-11 23:01:27', NULL),
(1628, 141, 2, '5cd686589e956', 52, '130, 128', 'NULL', NULL, NULL, '2019-05-11 23:01:30', NULL),
(1629, 141, 2, '5cd686589e956', 54, '137', 'NULL', NULL, NULL, '2019-05-11 23:01:34', NULL),
(1630, 141, 2, '5cd686589e956', 56, '152', 'NULL', NULL, NULL, '2019-05-11 23:01:36', NULL),
(1631, 141, 2, '5cd686589e956', 57, '156', 'NULL', NULL, 1, '2019-05-11 23:01:40', NULL),
(1632, 141, 2, '5cd686589e956', 59, '163', 'NULL', NULL, NULL, '2019-05-11 23:01:43', NULL),
(1633, 141, 2, '5cd686589e956', 61, '173', 'NULL', NULL, NULL, '2019-05-11 23:01:45', NULL),
(1634, 141, 2, '5cd686589e956', 62, '176', 'NULL', NULL, NULL, '2019-05-11 23:02:05', NULL),
(1635, 141, 2, '5cd686589e956', 63, '183', 'NULL', NULL, NULL, '2019-05-11 23:02:54', NULL),
(1636, 141, 2, '5cd686589e956', 64, '5', 'NULL', NULL, NULL, '2019-05-11 23:02:57', NULL),
(1637, 141, 2, '5cd686589e956', 51, '124', 'NULL', NULL, NULL, '2019-05-11 23:05:49', NULL),
(1638, 141, 2, '5cd686589e956', 52, '130', 'NULL', NULL, NULL, '2019-05-11 23:05:51', NULL),
(1639, 141, 2, '5cd686589e956', 54, '137', 'NULL', NULL, NULL, '2019-05-11 23:05:53', NULL),
(1640, 141, 2, '5cd686589e956', 56, '144', 'NULL', NULL, NULL, '2019-05-11 23:05:56', NULL),
(1641, 141, 2, '5cd686589e956', 59, '166', 'NULL', NULL, 1, '2019-05-11 23:05:59', NULL),
(1642, 141, 2, '5cd686589e956', 61, '173', 'NULL', NULL, NULL, '2019-05-11 23:06:02', NULL),
(1643, 141, 2, '5cd686589e956', 62, '179', 'NULL', NULL, NULL, '2019-05-11 23:06:05', NULL),
(1644, 141, 2, '5cd686589e956', 63, '182', 'NULL', NULL, NULL, '2019-05-11 23:06:08', NULL),
(1645, 141, 2, '5cd686589e956', 64, '184', 'NULL', NULL, NULL, '2019-05-11 23:06:10', NULL),
(1646, 150, 3, '5cd72dd67557c', 9, '26', 'NULL', NULL, 1, '2019-05-11 23:17:37', NULL),
(1647, 150, 3, '5cd72dd67557c', 11, '32', 'NULL', NULL, NULL, '2019-05-11 23:17:52', NULL),
(1648, 150, 3, '5cd72dd67557c', 12, '35', 'NULL', NULL, NULL, '2019-05-11 23:17:55', NULL),
(1649, 150, 3, '5cd72dd67557c', 13, '6', 'NULL', NULL, NULL, '2019-05-11 23:18:02', NULL),
(1650, 150, 3, '5cd72dd67557c', 14, '38', 'NULL', NULL, NULL, '2019-05-11 23:18:05', NULL),
(1651, 150, 3, '5cd72dd67557c', 19, '48', 'NULL', NULL, NULL, '2019-05-11 23:18:06', NULL),
(1652, 150, 3, '5cd72dd67557c', 21, '5', 'NULL', NULL, 1, '2019-05-11 23:18:09', NULL),
(1653, 150, 3, '5cd72dd67557c', 22, '54', 'NULL', NULL, NULL, '2019-05-11 23:18:17', NULL),
(1654, 150, 3, '5cd72dd67557c', 25, '66', 'NULL', NULL, NULL, '2019-05-11 23:18:20', NULL),
(1655, 150, 3, '5cd72dd67557c', 26, '68', 'NULL', NULL, NULL, '2019-05-11 23:18:25', NULL),
(1656, 151, 2, '5cd72f1ee2c1d', 9, '26', 'NULL', NULL, 1, '2019-05-11 23:23:45', NULL),
(1657, 151, 2, '5cd72f1ee2c1d', 11, '5', 'NULL', NULL, 1, '2019-05-11 23:24:15', NULL),
(1658, 151, 2, '5cd72f1ee2c1d', 12, '36', 'NULL', NULL, 1, '2019-05-11 23:24:30', NULL),
(1659, 151, 2, '5cd72f1ee2c1d', 13, '5', 'NULL', NULL, 1, '2019-05-11 23:24:48', NULL),
(1660, 151, 2, '5cd72f1ee2c1d', 14, '39', 'NULL', NULL, 1, '2019-05-11 23:25:05', NULL),
(1661, 151, 2, '5cd72f1ee2c1d', 19, '5', 'NULL', NULL, 1, '2019-05-11 23:25:20', NULL),
(1662, 151, 2, '5cd72f1ee2c1d', 21, '5', 'NULL', NULL, 1, '2019-05-11 23:25:31', NULL),
(1663, 151, 2, '5cd72f1ee2c1d', 22, '55', 'NULL', NULL, NULL, '2019-05-11 23:25:44', NULL),
(1664, 151, 2, '5cd72f1ee2c1d', 25, '65', 'NULL', NULL, 1, '2019-05-11 23:25:56', NULL),
(1665, 151, 2, '5cd72f1ee2c1d', 26, '67', 'NULL', NULL, NULL, '2019-05-11 23:26:08', NULL),
(1666, 151, 2, '5cd72f1ee2c1d', 22, '56', 'NULL', NULL, 1, '2019-05-11 23:26:18', NULL),
(1667, 151, 2, '5cd72f1ee2c1d', 26, '69', 'NULL', NULL, 1, '2019-05-11 23:26:25', NULL),
(1668, 152, 2, '5cd6e2aa3164b', 9, '26', 'NULL', NULL, 1, '2019-05-11 23:27:28', NULL),
(1669, 152, 2, '5cd6e2aa3164b', 11, '6', 'NULL', NULL, NULL, '2019-05-11 23:27:41', NULL),
(1670, 152, 2, '5cd6e2aa3164b', 12, '36', 'NULL', NULL, 1, '2019-05-11 23:28:00', NULL),
(1671, 152, 2, '5cd6e2aa3164b', 13, '5', 'NULL', NULL, 1, '2019-05-11 23:28:24', NULL),
(1672, 152, 2, '5cd6e2aa3164b', 14, '39', 'NULL', NULL, 1, '2019-05-11 23:28:52', NULL),
(1673, 152, 2, '5cd6e2aa3164b', 19, '48', 'NULL', NULL, NULL, '2019-05-11 23:29:05', NULL),
(1674, 153, 3, '5cd7310704f93', 9, '28', 'NULL', NULL, NULL, '2019-05-11 23:31:36', NULL),
(1675, 153, 3, '5cd7310704f93', 11, '32', 'NULL', NULL, NULL, '2019-05-11 23:31:48', NULL),
(1676, 153, 3, '5cd7310704f93', 12, '34', 'NULL', NULL, NULL, '2019-05-11 23:31:51', NULL),
(1677, 153, 3, '5cd7310704f93', 13, '37', 'NULL', NULL, NULL, '2019-05-11 23:31:53', NULL),
(1678, 153, 3, '5cd7310704f93', 14, '38', 'NULL', NULL, NULL, '2019-05-11 23:31:56', NULL),
(1679, 153, 3, '5cd7310704f93', 19, '5', 'NULL', NULL, 1, '2019-05-11 23:32:05', NULL),
(1680, 153, 3, '5cd7310704f93', 21, '53', 'NULL', NULL, NULL, '2019-05-11 23:32:15', NULL),
(1681, 153, 3, '5cd7310704f93', 22, '54', 'NULL', NULL, NULL, '2019-05-11 23:32:19', NULL),
(1682, 154, 2, '5cd7300d06d79', 9, '26', 'NULL', NULL, 1, '2019-05-11 23:32:19', NULL),
(1683, 153, 3, '5cd7310704f93', 25, '65', 'NULL', NULL, 1, '2019-05-11 23:32:23', NULL),
(1684, 153, 3, '5cd7310704f93', 26, '67', 'NULL', NULL, NULL, '2019-05-11 23:32:28', NULL),
(1685, 152, 2, '5cd6e2aa3164b', 21, '5', 'NULL', NULL, 1, '2019-05-11 23:32:32', NULL),
(1686, 154, 2, '5cd7300d06d79', 11, '5', 'NULL', NULL, 1, '2019-05-11 23:33:12', NULL),
(1687, 154, 2, '5cd7300d06d79', 12, '34', 'NULL', NULL, NULL, '2019-05-11 23:33:20', NULL),
(1688, 154, 2, '5cd7300d06d79', 13, '5', 'NULL', NULL, 1, '2019-05-11 23:33:43', NULL),
(1689, 154, 2, '5cd7300d06d79', 14, '39', 'NULL', NULL, 1, '2019-05-11 23:34:02', NULL),
(1690, 154, 2, '5cd7300d06d79', 19, '5', 'NULL', NULL, 1, '2019-05-11 23:34:17', NULL),
(1691, 154, 2, '5cd7300d06d79', 21, '5', 'NULL', NULL, 1, '2019-05-11 23:34:36', NULL),
(1692, 154, 2, '5cd7300d06d79', 22, '56', 'NULL', NULL, 1, '2019-05-11 23:35:20', NULL),
(1693, 154, 2, '5cd7300d06d79', 25, '65', 'NULL', NULL, 1, '2019-05-11 23:35:47', NULL),
(1694, 154, 2, '5cd7300d06d79', 26, '69', 'NULL', NULL, 1, '2019-05-11 23:35:57', NULL),
(1695, 154, 2, '5cd7300d06d79', 12, '34', 'NULL', NULL, NULL, '2019-05-11 23:36:35', NULL),
(1696, 154, 2, '5cd7300d06d79', 12, '34', 'NULL', NULL, NULL, '2019-05-11 23:36:51', NULL),
(1697, 154, 2, '5cd7300d06d79', 12, '36', 'NULL', NULL, 1, '2019-05-11 23:37:01', NULL),
(1698, 154, 2, '5cd7300d06d79', 28, '74', 'NULL', NULL, 1, '2019-05-11 23:37:48', NULL),
(1699, 154, 2, '5cd7300d06d79', 32, '89', 'NULL', NULL, 1, '2019-05-11 23:38:00', NULL),
(1700, 154, 2, '5cd7300d06d79', 33, '6', 'NULL', NULL, 1, '2019-05-11 23:38:33', NULL),
(1701, 154, 2, '5cd7300d06d79', 35, '6', 'NULL', NULL, NULL, '2019-05-11 23:38:42', NULL),
(1702, 154, 2, '5cd7300d06d79', 36, '95', 'NULL', NULL, NULL, '2019-05-11 23:38:58', NULL),
(1703, 154, 2, '5cd7300d06d79', 37, '5', 'NULL', NULL, 1, '2019-05-11 23:39:11', NULL),
(1704, 154, 2, '5cd7300d06d79', 38, '97, 96', 'NULL', NULL, 1, '2019-05-11 23:39:31', NULL),
(1705, 154, 2, '5cd7300d06d79', 39, '5', 'NULL', NULL, 1, '2019-05-11 23:40:07', NULL),
(1706, 154, 2, '5cd7300d06d79', 41, '104', 'NULL', NULL, NULL, '2019-05-11 23:40:15', NULL),
(1707, 154, 2, '5cd7300d06d79', 42, '105', 'NULL', NULL, 1, '2019-05-11 23:40:23', NULL),
(1708, 151, 2, '5cd72f1ee2c1d', 28, '74', 'NULL', NULL, 1, '2019-05-11 23:41:03', NULL),
(1709, 151, 2, '5cd72f1ee2c1d', 32, '88', 'NULL', NULL, NULL, '2019-05-11 23:41:25', NULL),
(1710, 154, 2, '5cd7300d06d79', 35, '5', 'NULL', NULL, NULL, '2019-05-11 23:41:29', NULL),
(1711, 151, 2, '5cd72f1ee2c1d', 33, '5', 'NULL', NULL, NULL, '2019-05-11 23:41:34', NULL),
(1712, 151, 2, '5cd72f1ee2c1d', 35, '94', 'NULL', NULL, 1, '2019-05-11 23:41:43', NULL),
(1713, 151, 2, '5cd72f1ee2c1d', 36, '6', 'NULL', NULL, NULL, '2019-05-11 23:41:54', NULL),
(1714, 151, 2, '5cd72f1ee2c1d', 37, '6', 'NULL', NULL, NULL, '2019-05-11 23:42:07', NULL),
(1715, 151, 2, '5cd72f1ee2c1d', 38, '97, 96', 'NULL', NULL, 1, '2019-05-11 23:42:20', NULL),
(1716, 151, 2, '5cd72f1ee2c1d', 39, '99', 'NULL', NULL, NULL, '2019-05-11 23:42:28', NULL),
(1717, 151, 2, '5cd72f1ee2c1d', 41, '104', 'NULL', NULL, NULL, '2019-05-11 23:43:52', NULL),
(1718, 151, 2, '5cd72f1ee2c1d', 42, '105', 'NULL', NULL, 1, '2019-05-11 23:44:01', NULL),
(1719, 151, 2, '5cd72f1ee2c1d', 32, '88', 'NULL', NULL, NULL, '2019-05-11 23:44:14', NULL),
(1720, 151, 2, '5cd72f1ee2c1d', 33, '6', 'NULL', NULL, 1, '2019-05-11 23:44:20', NULL),
(1721, 151, 2, '5cd72f1ee2c1d', 36, '95', 'NULL', NULL, NULL, '2019-05-11 23:44:26', NULL),
(1722, 151, 2, '5cd72f1ee2c1d', 37, '6', 'NULL', NULL, NULL, '2019-05-11 23:44:33', NULL),
(1723, 151, 2, '5cd72f1ee2c1d', 39, '98', 'NULL', NULL, NULL, '2019-05-11 23:44:40', NULL),
(1724, 151, 2, '5cd72f1ee2c1d', 41, '103', 'NULL', NULL, 1, '2019-05-11 23:44:50', NULL),
(1725, 151, 2, '5cd72f1ee2c1d', 32, '87', 'NULL', NULL, NULL, '2019-05-11 23:45:00', NULL),
(1726, 151, 2, '5cd72f1ee2c1d', 36, '5', 'NULL', NULL, 1, '2019-05-11 23:45:05', NULL),
(1727, 151, 2, '5cd72f1ee2c1d', 37, '5', 'NULL', NULL, 1, '2019-05-11 23:45:13', NULL),
(1728, 151, 2, '5cd72f1ee2c1d', 39, '5', 'NULL', NULL, 1, '2019-05-11 23:45:23', NULL),
(1729, 151, 2, '5cd72f1ee2c1d', 32, '87', 'NULL', NULL, NULL, '2019-05-11 23:45:30', NULL),
(1730, 151, 2, '5cd72f1ee2c1d', 32, '89', 'NULL', NULL, 1, '2019-05-11 23:45:35', NULL),
(1731, 151, 2, '5cd72f1ee2c1d', 51, '126, 125, 124', 'NULL', NULL, 1, '2019-05-11 23:46:03', NULL),
(1732, 151, 2, '5cd72f1ee2c1d', 52, '129, 128', 'NULL', NULL, 1, '2019-05-11 23:46:35', NULL),
(1733, 154, 2, '5cd7300d06d79', 36, '6', 'NULL', NULL, NULL, '2019-05-11 23:46:47', NULL),
(1734, 151, 2, '5cd72f1ee2c1d', 54, '135', 'NULL', NULL, 1, '2019-05-11 23:46:49', NULL),
(1735, 154, 2, '5cd7300d06d79', 41, '5', 'NULL', NULL, NULL, '2019-05-11 23:46:58', NULL),
(1736, 151, 2, '5cd72f1ee2c1d', 56, '143, 147', 'NULL', NULL, NULL, '2019-05-11 23:47:10', NULL),
(1737, 151, 2, '5cd72f1ee2c1d', 57, '155', 'NULL', NULL, NULL, '2019-05-11 23:47:33', NULL),
(1738, 154, 2, '5cd7300d06d79', 35, '5', 'NULL', NULL, NULL, '2019-05-11 23:47:39', NULL),
(1739, 154, 2, '5cd7300d06d79', 36, '95', 'NULL', NULL, NULL, '2019-05-11 23:47:48', NULL),
(1740, 151, 2, '5cd72f1ee2c1d', 59, '164', 'NULL', NULL, NULL, '2019-05-11 23:47:57', NULL),
(1741, 154, 2, '5cd7300d06d79', 41, '103', 'NULL', NULL, 1, '2019-05-11 23:48:03', NULL),
(1742, 151, 2, '5cd72f1ee2c1d', 61, '174', 'NULL', NULL, NULL, '2019-05-11 23:48:13', NULL),
(1743, 151, 2, '5cd72f1ee2c1d', 62, '177', 'NULL', NULL, NULL, '2019-05-11 23:48:21', NULL),
(1744, 154, 2, '5cd7300d06d79', 35, '94', 'NULL', NULL, 1, '2019-05-11 23:48:26', NULL),
(1745, 154, 2, '5cd7300d06d79', 36, '95', 'NULL', NULL, NULL, '2019-05-11 23:48:32', NULL),
(1746, 154, 2, '5cd7300d06d79', 36, '95', 'NULL', NULL, NULL, '2019-05-11 23:48:40', NULL),
(1747, 151, 2, '5cd72f1ee2c1d', 63, '181, 180', 'NULL', NULL, NULL, '2019-05-11 23:48:50', NULL),
(1748, 154, 2, '5cd7300d06d79', 36, '5', 'NULL', NULL, 1, '2019-05-11 23:48:52', NULL),
(1749, 151, 2, '5cd72f1ee2c1d', 64, '184', 'NULL', NULL, NULL, '2019-05-11 23:49:01', NULL),
(1750, 151, 2, '5cd72f1ee2c1d', 56, '143, 147, 142', 'NULL', NULL, NULL, '2019-05-11 23:49:22', NULL),
(1751, 151, 2, '5cd72f1ee2c1d', 57, '156', 'NULL', NULL, 1, '2019-05-11 23:49:32', NULL),
(1752, 154, 2, '5cd7300d06d79', 51, '125', 'NULL', NULL, NULL, '2019-05-11 23:49:38', NULL),
(1753, 151, 2, '5cd72f1ee2c1d', 59, '166', 'NULL', NULL, 1, '2019-05-11 23:49:58', NULL),
(1754, 151, 2, '5cd72f1ee2c1d', 61, '173', 'NULL', NULL, NULL, '2019-05-11 23:50:19', NULL),
(1755, 151, 2, '5cd72f1ee2c1d', 62, '176', 'NULL', NULL, NULL, '2019-05-11 23:50:25', NULL),
(1756, 151, 2, '5cd72f1ee2c1d', 63, '181, 182', 'NULL', NULL, NULL, '2019-05-11 23:50:47', NULL),
(1757, 151, 2, '5cd72f1ee2c1d', 64, '5', 'NULL', NULL, NULL, '2019-05-11 23:50:54', NULL),
(1758, 151, 2, '5cd72f1ee2c1d', 56, '147, 143, 142, 140', 'NULL', NULL, NULL, '2019-05-11 23:51:18', NULL),
(1759, 151, 2, '5cd72f1ee2c1d', 61, '6', 'NULL', NULL, NULL, '2019-05-11 23:51:25', NULL),
(1760, 151, 2, '5cd72f1ee2c1d', 62, '179', 'NULL', NULL, NULL, '2019-05-11 23:51:35', NULL),
(1761, 151, 2, '5cd72f1ee2c1d', 63, '180, 183', 'NULL', NULL, 1, '2019-05-11 23:51:55', NULL),
(1762, 151, 2, '5cd72f1ee2c1d', 64, '6', 'NULL', NULL, 1, '2019-05-11 23:52:02', NULL),
(1763, 151, 2, '5cd72f1ee2c1d', 56, '142, 144, 147, 143', 'NULL', NULL, NULL, '2019-05-11 23:52:38', NULL),
(1764, 151, 2, '5cd72f1ee2c1d', 61, '175', 'NULL', NULL, 1, '2019-05-11 23:52:44', NULL),
(1765, 151, 2, '5cd72f1ee2c1d', 62, '178', 'NULL', NULL, 1, '2019-05-11 23:52:50', NULL),
(1766, 151, 2, '5cd72f1ee2c1d', 56, '144, 152, 143, 140, 142, 147', 'NULL', NULL, NULL, '2019-05-11 23:53:21', NULL),
(1767, 151, 2, '5cd72f1ee2c1d', 56, '140, 147, 142, 143, 144', 'NULL', NULL, NULL, '2019-05-11 23:53:50', NULL),
(1768, 151, 2, '5cd72f1ee2c1d', 56, '143, 144, 152, 142, 147, 140', 'NULL', NULL, NULL, '2019-05-11 23:54:17', NULL),
(1769, 151, 2, '5cd72f1ee2c1d', 56, '145, 152, 144, 142, 140, 143, 147', 'NULL', NULL, NULL, '2019-05-11 23:54:31', NULL),
(1770, 151, 2, '5cd72f1ee2c1d', 56, '143, 147, 142, 144, 152', 'NULL', NULL, NULL, '2019-05-11 23:55:03', NULL),
(1771, 151, 2, '5cd72f1ee2c1d', 56, '144, 140, 143, 147', 'NULL', NULL, NULL, '2019-05-11 23:55:21', NULL),
(1772, 151, 2, '5cd72f1ee2c1d', 56, '143, 142, 140, 144, 147', 'NULL', NULL, NULL, '2019-05-11 23:55:39', NULL),
(1773, 151, 2, '5cd72f1ee2c1d', 56, '144, 147, 143', 'NULL', NULL, NULL, '2019-05-11 23:56:12', NULL),
(1774, 151, 2, '5cd72f1ee2c1d', 56, '143, 147, 144, 142', 'NULL', NULL, NULL, '2019-05-11 23:56:56', NULL),
(1775, 151, 2, '5cd72f1ee2c1d', 56, '143, 147', 'NULL', NULL, NULL, '2019-05-11 23:57:16', NULL),
(1776, 151, 2, '5cd72f1ee2c1d', 56, '143, 142, 147', 'NULL', NULL, NULL, '2019-05-11 23:57:49', NULL),
(1777, 151, 2, '5cd72f1ee2c1d', 56, '144, 152, 147, 142, 143', 'NULL', NULL, NULL, '2019-05-11 23:58:31', NULL),
(1778, 151, 2, '5cd737ed56c82', 9, '26', 'NULL', NULL, 1, '2019-05-12 00:02:38', NULL),
(1779, 151, 2, '5cd737ed56c82', 11, '5', 'NULL', NULL, 1, '2019-05-12 00:02:59', NULL),
(1780, 151, 2, '5cd737ed56c82', 12, '36', 'NULL', NULL, 1, '2019-05-12 00:03:06', NULL),
(1781, 151, 2, '5cd737ed56c82', 13, '5', 'NULL', NULL, 1, '2019-05-12 00:03:12', NULL),
(1782, 151, 2, '5cd737ed56c82', 14, '39', 'NULL', NULL, 1, '2019-05-12 00:03:23', NULL),
(1783, 151, 2, '5cd737ed56c82', 19, '5', 'NULL', NULL, 1, '2019-05-12 00:03:32', NULL),
(1784, 151, 2, '5cd737ed56c82', 21, '5', 'NULL', NULL, 1, '2019-05-12 00:03:42', NULL),
(1785, 151, 2, '5cd737ed56c82', 22, '56', 'NULL', NULL, 1, '2019-05-12 00:03:50', NULL),
(1786, 151, 2, '5cd737ed56c82', 25, '65', 'NULL', NULL, 1, '2019-05-12 00:03:55', NULL),
(1787, 151, 2, '5cd737ed56c82', 26, '69', 'NULL', NULL, 1, '2019-05-12 00:04:00', NULL),
(1788, 143, 2, '5cd73ccad9acb', 9, '26', 'NULL', NULL, 1, '2019-05-12 00:22:12', NULL),
(1789, 143, 2, '5cd73ccad9acb', 11, '5', 'NULL', NULL, 1, '2019-05-12 00:22:19', NULL),
(1790, 143, 2, '5cd73ccad9acb', 12, '36', 'NULL', NULL, 1, '2019-05-12 00:22:27', NULL),
(1791, 143, 2, '5cd73ccad9acb', 13, '5', 'NULL', NULL, 1, '2019-05-12 00:22:52', NULL),
(1792, 143, 2, '5cd73ccad9acb', 14, '39', 'NULL', NULL, 1, '2019-05-12 00:22:56', NULL),
(1793, 143, 2, '5cd73ccad9acb', 19, '5', 'NULL', NULL, 1, '2019-05-12 00:23:02', NULL),
(1794, 143, 2, '5cd73ccad9acb', 21, '5', 'NULL', NULL, 1, '2019-05-12 00:23:08', NULL),
(1795, 143, 2, '5cd73ccad9acb', 22, '56', 'NULL', NULL, 1, '2019-05-12 00:23:13', NULL),
(1796, 143, 2, '5cd73ccad9acb', 25, '65', 'NULL', NULL, 1, '2019-05-12 00:23:24', NULL),
(1797, 143, 2, '5cd73ccad9acb', 26, '69', 'NULL', NULL, 1, '2019-05-12 00:23:37', NULL),
(1798, 143, 2, '5cd73ccad9acb', 28, '74', 'NULL', NULL, 1, '2019-05-12 00:24:08', NULL),
(1799, 143, 2, '5cd73ccad9acb', 32, '89', 'NULL', NULL, 1, '2019-05-12 00:24:17', NULL),
(1800, 143, 2, '5cd73ccad9acb', 33, '5', 'NULL', NULL, NULL, '2019-05-12 00:24:25', NULL),
(1801, 143, 2, '5cd73ccad9acb', 35, '94', 'NULL', NULL, 1, '2019-05-12 00:24:30', NULL),
(1802, 143, 2, '5cd73ccad9acb', 36, '5', 'NULL', NULL, 1, '2019-05-12 00:24:34', NULL),
(1803, 143, 2, '5cd73ccad9acb', 37, '5', 'NULL', NULL, 1, '2019-05-12 00:24:41', NULL),
(1804, 143, 2, '5cd73ccad9acb', 38, '96, 97', 'NULL', NULL, 1, '2019-05-12 00:24:49', NULL),
(1805, 143, 2, '5cd73ccad9acb', 39, '5', 'NULL', NULL, 1, '2019-05-12 00:24:58', NULL),
(1806, 143, 2, '5cd73ccad9acb', 41, '103', 'NULL', NULL, 1, '2019-05-12 00:25:06', NULL),
(1807, 143, 2, '5cd73ccad9acb', 42, '105', 'NULL', NULL, 1, '2019-05-12 00:25:12', NULL),
(1808, 143, 2, '5cd73ccad9acb', 33, '6', 'NULL', NULL, 1, '2019-05-12 00:25:39', NULL),
(1809, 143, 2, '5cd73ccad9acb', 51, '126, 125, 124', 'NULL', NULL, 1, '2019-05-12 00:25:53', NULL),
(1810, 143, 2, '5cd73ccad9acb', 52, '129, 128', 'NULL', NULL, 1, '2019-05-12 00:26:05', NULL),
(1811, 143, 2, '5cd73ccad9acb', 54, '135', 'NULL', NULL, 1, '2019-05-12 00:26:13', NULL),
(1812, 155, 2, '5cd77f8e662bb', 9, '26', 'NULL', NULL, 1, '2019-05-12 05:07:46', NULL),
(1813, 155, 2, '5cd77f8e662bb', 11, '6', 'NULL', NULL, NULL, '2019-05-12 05:08:04', NULL),
(1814, 155, 2, '5cd77f8e662bb', 12, '34', 'NULL', NULL, NULL, '2019-05-12 05:08:14', NULL),
(1815, 155, 2, '5cd77f8e662bb', 13, '37', 'NULL', NULL, NULL, '2019-05-12 05:08:39', NULL),
(1816, 155, 2, '5cd77f8e662bb', 14, '39', 'NULL', NULL, 1, '2019-05-12 05:08:58', NULL),
(1817, 155, 2, '5cd77f8e662bb', 19, '5', 'NULL', NULL, 1, '2019-05-12 05:09:05', NULL),
(1818, 155, 2, '5cd77f8e662bb', 21, '5', 'NULL', NULL, 1, '2019-05-12 05:09:28', NULL),
(1819, 155, 2, '5cd77f8e662bb', 22, '55', 'NULL', NULL, NULL, '2019-05-12 05:09:36', NULL),
(1820, 155, 2, '5cd77f8e662bb', 25, '65', 'NULL', NULL, 1, '2019-05-12 05:10:09', NULL),
(1821, 155, 2, '5cd77f8e662bb', 26, '69', 'NULL', NULL, 1, '2019-05-12 05:10:21', NULL),
(1822, 155, 2, '5cd77f8e662bb', 11, '32', 'NULL', NULL, NULL, '2019-05-12 05:10:49', NULL),
(1823, 155, 2, '5cd77f8e662bb', 12, '36', 'NULL', NULL, 1, '2019-05-12 05:11:01', NULL),
(1824, 155, 2, '5cd77f8e662bb', 13, '37', 'NULL', NULL, NULL, '2019-05-12 05:11:14', NULL),
(1825, 155, 2, '5cd77f8e662bb', 22, '56', 'NULL', NULL, 1, '2019-05-12 05:11:22', NULL),
(1826, 155, 2, '5cd77f8e662bb', 11, '5', 'NULL', NULL, 1, '2019-05-12 05:11:35', NULL),
(1827, 155, 2, '5cd77f8e662bb', 13, '5', 'NULL', NULL, 1, '2019-05-12 05:11:56', NULL),
(1828, 155, 2, '5cd77f8e662bb', 28, '74', 'NULL', NULL, 1, '2019-05-12 05:12:16', NULL),
(1829, 156, 4, '5cd7ab263d7c7', 9, '25', 'NULL', NULL, NULL, '2019-05-12 08:20:58', NULL),
(1830, 156, 4, '5cd7ab263d7c7', 12, '35', 'NULL', NULL, NULL, '2019-05-12 08:21:18', NULL),
(1831, 156, 4, '5cd7ab263d7c7', 14, '38', 'NULL', NULL, NULL, '2019-05-12 08:21:57', NULL),
(1832, 156, 4, '5cd7ab263d7c7', 21, '52', 'NULL', NULL, NULL, '2019-05-12 08:22:11', NULL),
(1833, 156, 4, '5cd7ab263d7c7', 22, '55', 'NULL', NULL, NULL, '2019-05-12 08:22:19', NULL),
(1834, 156, 4, '5cd7ab263d7c7', 9, '25', 'NULL', NULL, NULL, '2019-05-12 08:22:36', NULL),
(1835, 156, 4, '5cd7ab263d7c7', 12, '35', 'NULL', NULL, NULL, '2019-05-12 08:23:02', NULL),
(1836, 156, 4, '5cd7ab263d7c7', 14, '39', 'NULL', NULL, 1, '2019-05-12 08:23:11', NULL),
(1837, 156, 4, '5cd7ab263d7c7', 21, '5', 'NULL', NULL, 1, '2019-05-12 08:23:19', NULL),
(1838, 156, 4, '5cd7ab263d7c7', 22, '55', 'NULL', NULL, NULL, '2019-05-12 08:23:26', NULL),
(1839, 156, 4, '5cd7ab263d7c7', 9, '26', 'NULL', NULL, 1, '2019-05-12 08:23:38', NULL),
(1840, 156, 4, '5cd7ab263d7c7', 12, '34', 'NULL', NULL, NULL, '2019-05-12 08:23:45', NULL),
(1841, 156, 4, '5cd7ab263d7c7', 22, '55', 'NULL', NULL, NULL, '2019-05-12 08:23:51', NULL),
(1842, 156, 4, '5cd7ab263d7c7', 12, '36', 'NULL', NULL, 1, '2019-05-12 08:23:58', NULL),
(1843, 156, 4, '5cd7ab263d7c7', 22, '56', 'NULL', NULL, 1, '2019-05-12 08:24:03', NULL),
(1844, 157, 2, '5cd7b600da0be', 9, '27', 'NULL', NULL, NULL, '2019-05-12 08:58:45', NULL),
(1845, 157, 2, '5cd7b600da0be', 11, '5', 'NULL', NULL, 1, '2019-05-12 08:58:53', NULL),
(1846, 157, 2, '5cd7b600da0be', 12, '36', 'NULL', NULL, 1, '2019-05-12 08:59:09', NULL),
(1847, 157, 2, '5cd7b600da0be', 13, '37', 'NULL', NULL, NULL, '2019-05-12 08:59:21', NULL),
(1848, 157, 2, '5cd7b600da0be', 14, '40', 'NULL', NULL, NULL, '2019-05-12 08:59:36', NULL),
(1849, 157, 2, '5cd7b600da0be', 19, '5', 'NULL', NULL, 1, '2019-05-12 08:59:45', NULL),
(1850, 157, 2, '5cd7b600da0be', 21, '5', 'NULL', NULL, 1, '2019-05-12 08:59:56', NULL),
(1851, 157, 2, '5cd7b600da0be', 22, '56', 'NULL', NULL, 1, '2019-05-12 09:00:11', NULL),
(1852, 157, 2, '5cd7b600da0be', 25, '64', 'NULL', NULL, NULL, '2019-05-12 09:00:20', NULL),
(1853, 157, 2, '5cd7b600da0be', 26, '67', 'NULL', NULL, NULL, '2019-05-12 09:00:29', NULL),
(1854, 157, 2, '5cd7b600da0be', 9, '25', 'NULL', NULL, NULL, '2019-05-12 09:02:08', NULL),
(1855, 158, 2, '5cd7d1a5851ce', 9, '26', 'NULL', NULL, 1, '2019-05-12 10:57:40', NULL),
(1856, 158, 2, '5cd7d1a5851ce', 11, '5', 'NULL', NULL, 1, '2019-05-12 10:57:47', NULL),
(1857, 158, 2, '5cd7d1a5851ce', 12, '36', 'NULL', NULL, 1, '2019-05-12 10:57:56', NULL),
(1858, 158, 2, '5cd7d1a5851ce', 13, '5', 'NULL', NULL, 1, '2019-05-12 10:58:02', NULL),
(1859, 158, 2, '5cd7d1a5851ce', 14, '39', 'NULL', NULL, 1, '2019-05-12 10:58:14', NULL),
(1860, 158, 2, '5cd7d1a5851ce', 19, '5', 'NULL', NULL, 1, '2019-05-12 10:58:26', NULL),
(1861, 158, 2, '5cd7d1a5851ce', 21, '5', 'NULL', NULL, 1, '2019-05-12 10:58:34', NULL),
(1862, 158, 2, '5cd7d1a5851ce', 22, '55', 'NULL', NULL, NULL, '2019-05-12 10:58:43', NULL),
(1863, 158, 2, '5cd7d1a5851ce', 25, '66', 'NULL', NULL, NULL, '2019-05-12 10:58:52', NULL),
(1864, 158, 2, '5cd7d1a5851ce', 26, '69', 'NULL', NULL, 1, '2019-05-12 10:58:56', NULL),
(1865, 158, 2, '5cd7d1a5851ce', 22, '54', 'NULL', NULL, NULL, '2019-05-12 10:59:02', NULL),
(1866, 158, 2, '5cd7d1a5851ce', 25, '65', 'NULL', NULL, 1, '2019-05-12 10:59:08', NULL),
(1867, 158, 2, '5cd7d1a5851ce', 22, '56', 'NULL', NULL, 1, '2019-05-12 10:59:16', NULL),
(1868, 158, 2, '5cd7d1a5851ce', 28, '74', 'NULL', NULL, 1, '2019-05-12 11:00:00', NULL),
(1869, 158, 2, '5cd7d1a5851ce', 32, '88', 'NULL', NULL, NULL, '2019-05-12 11:00:10', NULL),
(1870, 158, 2, '5cd7d1a5851ce', 33, '5', 'NULL', NULL, NULL, '2019-05-12 11:00:15', NULL),
(1871, 158, 2, '5cd7d1a5851ce', 35, '94', 'NULL', NULL, 1, '2019-05-12 11:00:22', NULL),
(1872, 158, 2, '5cd7d1a5851ce', 36, '5', 'NULL', NULL, 1, '2019-05-12 11:00:28', NULL),
(1873, 158, 2, '5cd7d1a5851ce', 37, '5', 'NULL', NULL, 1, '2019-05-12 11:00:35', NULL),
(1874, 158, 2, '5cd7d1a5851ce', 38, '97', 'NULL', NULL, NULL, '2019-05-12 11:00:40', NULL),
(1875, 158, 2, '5cd7d1a5851ce', 39, '98', 'NULL', NULL, NULL, '2019-05-12 11:00:47', NULL),
(1876, 158, 2, '5cd7d1a5851ce', 41, '6', 'NULL', NULL, NULL, '2019-05-12 11:00:57', NULL),
(1877, 158, 2, '5cd7d1a5851ce', 42, '105', 'NULL', NULL, 1, '2019-05-12 11:01:03', NULL),
(1878, 158, 2, '5cd7d1a5851ce', 32, '89', 'NULL', NULL, 1, '2019-05-12 11:01:12', NULL),
(1879, 158, 2, '5cd7d1a5851ce', 33, '6', 'NULL', NULL, 1, '2019-05-12 11:01:16', NULL),
(1880, 158, 2, '5cd7d1a5851ce', 38, '96', 'NULL', NULL, NULL, '2019-05-12 11:01:21', NULL),
(1881, 158, 2, '5cd7d1a5851ce', 39, '5', 'NULL', NULL, 1, '2019-05-12 11:01:29', NULL),
(1882, 158, 2, '5cd7d1a5851ce', 41, '103', 'NULL', NULL, 1, '2019-05-12 11:01:36', NULL),
(1883, 158, 2, '5cd7d1a5851ce', 38, '6', 'NULL', NULL, NULL, '2019-05-12 11:01:40', NULL);
INSERT INTO `usr_answer` (`ID`, `ID_USER`, `ID_ACTION`, `PLAY_KEY`, `ID_QUESTION`, `ANSWER`, `INFO`, `SCALE_VALUE`, `IS_TRUE`, `DT_INSERTED`, `DT_MODIFIED`) VALUES
(1884, 158, 2, '5cd7d1a5851ce', 38, '97, 96', 'NULL', NULL, 1, '2019-05-12 11:01:47', NULL),
(1885, 158, 2, '5cd7d1a5851ce', 51, '124, 126', 'NULL', NULL, NULL, '2019-05-12 11:02:03', NULL),
(1886, 158, 2, '5cd7d1a5851ce', 52, '129, 130', 'NULL', NULL, NULL, '2019-05-12 11:02:14', NULL),
(1887, 158, 2, '5cd7d1a5851ce', 54, '137', 'NULL', NULL, NULL, '2019-05-12 11:02:22', NULL),
(1888, 152, 2, '5cd7d9dd982ca', 9, '26', 'NULL', NULL, 1, '2019-05-12 11:33:26', NULL),
(1889, 159, 3, '5cd7f117c849d', 9, '26', 'NULL', NULL, 1, '2019-05-12 13:11:07', NULL),
(1890, 159, 3, '5cd7f117c849d', 11, '5', 'NULL', NULL, 1, '2019-05-12 13:11:36', NULL),
(1891, 159, 3, '5cd7f117c849d', 12, '35', 'NULL', NULL, NULL, '2019-05-12 13:11:58', NULL),
(1892, 159, 3, '5cd7f117c849d', 13, '5', 'NULL', NULL, 1, '2019-05-12 13:12:10', NULL),
(1893, 159, 3, '5cd7f117c849d', 14, '39', 'NULL', NULL, 1, '2019-05-12 13:12:54', NULL),
(1894, 159, 3, '5cd7f117c849d', 19, '5', 'NULL', NULL, 1, '2019-05-12 13:13:09', NULL),
(1895, 159, 3, '5cd7f117c849d', 21, '5', 'NULL', NULL, 1, '2019-05-12 13:13:25', NULL),
(1896, 159, 3, '5cd7f117c849d', 22, '55', 'NULL', NULL, NULL, '2019-05-12 13:13:42', NULL),
(1897, 159, 3, '5cd7f117c849d', 25, '66', 'NULL', NULL, NULL, '2019-05-12 13:13:52', NULL),
(1898, 159, 3, '5cd7f117c849d', 26, '69', 'NULL', NULL, 1, '2019-05-12 13:14:04', NULL),
(1899, 159, 3, '5cd7f117c849d', 12, '36', 'NULL', NULL, 1, '2019-05-12 13:14:20', NULL),
(1900, 159, 3, '5cd7f117c849d', 22, '54', 'NULL', NULL, NULL, '2019-05-12 13:14:39', NULL),
(1901, 159, 3, '5cd7f117c849d', 22, '54', 'NULL', NULL, NULL, '2019-05-12 13:14:44', NULL),
(1902, 159, 3, '5cd7f117c849d', 22, '55', 'NULL', NULL, NULL, '2019-05-12 13:14:49', NULL),
(1903, 159, 3, '5cd7f117c849d', 22, '54', 'NULL', NULL, NULL, '2019-05-12 13:16:23', NULL),
(1904, 159, 3, '5cd7f117c849d', 22, '56', 'NULL', NULL, 1, '2019-05-12 13:16:28', NULL),
(1905, 159, 3, '5cd7f117c849d', 25, '65', 'NULL', NULL, 1, '2019-05-12 13:16:57', NULL),
(1906, 159, 3, '5cd7f117c849d', 28, '74', 'NULL', NULL, 1, '2019-05-12 13:17:24', NULL),
(1907, 159, 3, '5cd7f117c849d', 32, '88', 'NULL', NULL, NULL, '2019-05-12 13:17:54', NULL),
(1908, 159, 3, '5cd7f117c849d', 33, '5', 'NULL', NULL, NULL, '2019-05-12 13:18:03', NULL),
(1909, 159, 3, '5cd7f117c849d', 35, '5', 'NULL', NULL, NULL, '2019-05-12 13:18:34', NULL),
(1910, 159, 3, '5cd7f117c849d', 36, '6', 'NULL', NULL, NULL, '2019-05-12 13:18:45', NULL),
(1911, 159, 3, '5cd7f117c849d', 37, '5', 'NULL', NULL, 1, '2019-05-12 13:18:54', NULL),
(1912, 159, 3, '5cd7f117c849d', 38, '96', 'NULL', NULL, NULL, '2019-05-12 13:20:03', NULL),
(1913, 159, 3, '5cd7f117c849d', 39, '5', 'NULL', NULL, 1, '2019-05-12 13:20:12', NULL),
(1914, 159, 3, '5cd7f117c849d', 41, '103', 'NULL', NULL, 1, '2019-05-12 13:20:41', NULL),
(1915, 159, 3, '5cd7f117c849d', 42, '106', 'NULL', NULL, NULL, '2019-05-12 13:20:52', NULL),
(1916, 159, 3, '5cd7f117c849d', 32, '87', 'NULL', NULL, NULL, '2019-05-12 13:21:01', NULL),
(1917, 159, 3, '5cd7f117c849d', 32, '89', 'NULL', NULL, 1, '2019-05-12 13:21:10', NULL),
(1918, 159, 3, '5cd7f117c849d', 33, '6', 'NULL', NULL, 1, '2019-05-12 13:21:29', NULL),
(1919, 159, 3, '5cd7f117c849d', 35, '94', 'NULL', NULL, 1, '2019-05-12 13:21:58', NULL),
(1920, 159, 3, '5cd7f117c849d', 36, '95', 'NULL', NULL, NULL, '2019-05-12 13:22:10', NULL),
(1921, 159, 3, '5cd7f117c849d', 36, '6', 'NULL', NULL, NULL, '2019-05-12 13:22:14', NULL),
(1922, 159, 3, '5cd7f117c849d', 36, '5', 'NULL', NULL, 1, '2019-05-12 13:22:17', NULL),
(1923, 159, 3, '5cd7f117c849d', 38, '6', 'NULL', NULL, NULL, '2019-05-12 13:22:41', NULL),
(1924, 159, 3, '5cd7f117c849d', 38, '97', 'NULL', NULL, NULL, '2019-05-12 13:22:45', NULL),
(1925, 159, 3, '5cd7f117c849d', 38, '97', 'NULL', NULL, NULL, '2019-05-12 13:22:47', NULL),
(1926, 159, 3, '5cd7f117c849d', 38, '6', 'NULL', NULL, NULL, '2019-05-12 13:22:53', NULL),
(1927, 159, 3, '5cd7f117c849d', 38, '97', 'NULL', NULL, NULL, '2019-05-12 13:23:00', NULL),
(1928, 159, 3, '5cd7f117c849d', 38, '96', 'NULL', NULL, NULL, '2019-05-12 13:23:07', NULL),
(1929, 159, 3, '5cd7f117c849d', 38, '97', 'NULL', NULL, NULL, '2019-05-12 13:23:14', NULL),
(1930, 159, 3, '5cd7f117c849d', 38, '6', 'NULL', NULL, NULL, '2019-05-12 13:23:21', NULL),
(1931, 159, 3, '5cd7f117c849d', 38, '96, 97', 'NULL', NULL, 1, '2019-05-12 13:23:37', NULL),
(1932, 159, 3, '5cd7f117c849d', 42, '105', 'NULL', NULL, 1, '2019-05-12 13:23:49', NULL),
(1933, 159, 3, '5cd7f117c849d', 51, '126, 125, 124', 'NULL', NULL, 1, '2019-05-12 13:25:40', NULL),
(1934, 159, 3, '5cd7f117c849d', 52, '128, 129', 'NULL', NULL, 1, '2019-05-12 13:26:31', NULL),
(1935, 159, 3, '5cd7f117c849d', 54, '136', 'NULL', NULL, NULL, '2019-05-12 13:26:49', NULL),
(1936, 159, 3, '5cd7f117c849d', 56, '140, 143, 147', 'NULL', NULL, NULL, '2019-05-12 15:06:57', NULL),
(1937, 159, 3, '5cd7f117c849d', 57, '155', 'NULL', NULL, NULL, '2019-05-12 15:07:36', NULL),
(1938, 159, 3, '5cd7f117c849d', 59, '165', 'NULL', NULL, NULL, '2019-05-12 15:08:17', NULL),
(1939, 152, 2, '5cd7d9dd982ca', 11, '32', 'NULL', NULL, NULL, '2019-05-12 15:23:20', NULL),
(1940, 152, 2, '5cd7d9dd982ca', 12, '36', 'NULL', NULL, 1, '2019-05-12 15:23:31', NULL),
(1941, 152, 2, '5cd7d9dd982ca', 13, '5', 'NULL', NULL, 1, '2019-05-12 15:23:43', NULL),
(1942, 152, 2, '5cd7d9dd982ca', 14, '39', 'NULL', NULL, 1, '2019-05-12 15:23:51', NULL),
(1943, 152, 2, '5cd7d9dd982ca', 19, '5', 'NULL', NULL, 1, '2019-05-12 15:25:48', NULL),
(1944, 152, 2, '5cd7d9dd982ca', 21, '5', 'NULL', NULL, 1, '2019-05-12 15:25:55', NULL),
(1945, 152, 2, '5cd7d9dd982ca', 22, '54', 'NULL', NULL, NULL, '2019-05-12 15:26:03', NULL),
(1946, 152, 2, '5cd7d9dd982ca', 25, '65', 'NULL', NULL, 1, '2019-05-12 15:26:12', NULL),
(1947, 152, 2, '5cd7d9dd982ca', 26, '69', 'NULL', NULL, 1, '2019-05-12 15:26:16', NULL),
(1948, 152, 2, '5cd7d9dd982ca', 11, '6', 'NULL', NULL, NULL, '2019-05-12 15:26:26', NULL),
(1949, 152, 2, '5cd7d9dd982ca', 22, '56', 'NULL', NULL, 1, '2019-05-12 15:26:40', NULL),
(1950, 152, 2, '5cd7d9dd982ca', 11, '5', 'NULL', NULL, 1, '2019-05-12 15:26:49', NULL),
(1951, 152, 2, '5cd7d9dd982ca', 28, '75', 'NULL', NULL, NULL, '2019-05-12 15:27:01', NULL),
(1952, 152, 2, '5cd7d9dd982ca', 32, '89', 'NULL', NULL, 1, '2019-05-12 15:27:09', NULL),
(1953, 152, 2, '5cd7d9dd982ca', 33, '6', 'NULL', NULL, 1, '2019-05-12 15:27:16', NULL),
(1954, 152, 2, '5cd7d9dd982ca', 35, '94', 'NULL', NULL, 1, '2019-05-12 15:27:22', NULL),
(1955, 152, 2, '5cd7d9dd982ca', 36, '5', 'NULL', NULL, 1, '2019-05-12 15:27:41', NULL),
(1956, 152, 2, '5cd7d9dd982ca', 37, '5', 'NULL', NULL, 1, '2019-05-12 15:28:08', NULL),
(1957, 152, 2, '5cd7d9dd982ca', 38, '97, 96', 'NULL', NULL, 1, '2019-05-12 15:28:16', NULL),
(1958, 152, 2, '5cd7d9dd982ca', 39, '98', 'NULL', NULL, NULL, '2019-05-12 15:28:23', NULL),
(1959, 143, 2, '5cd7f7c2d3e85', 9, '26', 'NULL', NULL, 1, '2019-05-12 15:40:30', NULL),
(1960, 143, 2, '5cd7f7c2d3e85', 11, '5', 'NULL', NULL, 1, '2019-05-12 15:40:35', NULL),
(1961, 143, 2, '5cd7f7c2d3e85', 12, '36', 'NULL', NULL, 1, '2019-05-12 15:40:40', NULL),
(1962, 143, 2, '5cd7f7c2d3e85', 13, '5', 'NULL', NULL, 1, '2019-05-12 15:40:45', NULL),
(1963, 143, 2, '5cd7f7c2d3e85', 14, '39', 'NULL', NULL, 1, '2019-05-12 15:40:52', NULL),
(1964, 143, 2, '5cd7f7c2d3e85', 19, '5', 'NULL', NULL, 1, '2019-05-12 15:41:11', NULL),
(1965, 152, 2, '5cd7d9dd982ca', 41, '103', 'NULL', NULL, 1, '2019-05-12 15:41:59', NULL),
(1966, 152, 2, '5cd7d9dd982ca', 42, '106', 'NULL', NULL, NULL, '2019-05-12 15:42:08', NULL),
(1967, 152, 2, '5cd7d9dd982ca', 28, '75', 'NULL', NULL, NULL, '2019-05-12 15:42:18', NULL),
(1968, 152, 2, '5cd7d9dd982ca', 39, '5', 'NULL', NULL, 1, '2019-05-12 15:42:33', NULL),
(1969, 152, 2, '5cd7d9dd982ca', 42, '105', 'NULL', NULL, 1, '2019-05-12 15:42:37', NULL),
(1970, 152, 2, '5cd7d9dd982ca', 28, '74', 'NULL', NULL, 1, '2019-05-12 15:42:45', NULL),
(1971, 152, 2, '5cd7d9dd982ca', 51, '125', 'NULL', NULL, NULL, '2019-05-12 15:42:56', NULL),
(1972, 152, 2, '5cd7d9dd982ca', 52, '130', 'NULL', NULL, NULL, '2019-05-12 16:07:15', NULL),
(1973, 152, 2, '5cd7d9dd982ca', 54, '135', 'NULL', NULL, 1, '2019-05-12 16:07:21', NULL),
(1974, 152, 2, '5cd7d9dd982ca', 56, '143, 147, 152', 'NULL', NULL, 1, '2019-05-12 16:07:38', NULL),
(1975, 152, 2, '5cd7d9dd982ca', 57, '156', 'NULL', NULL, 1, '2019-05-12 16:07:52', NULL),
(1976, 152, 2, '5cd7d9dd982ca', 59, '166', 'NULL', NULL, 1, '2019-05-12 16:08:18', NULL),
(1977, 152, 2, '5cd7d9dd982ca', 61, '173', 'NULL', NULL, NULL, '2019-05-12 16:08:51', NULL),
(1978, 152, 2, '5cd7d9dd982ca', 62, '178', 'NULL', NULL, 1, '2019-05-12 16:08:59', NULL),
(1979, 152, 2, '5cd7d9dd982ca', 63, '180, 183', 'NULL', NULL, 1, '2019-05-12 16:09:14', NULL),
(1980, 152, 2, '5cd7d9dd982ca', 64, '6', 'NULL', NULL, 1, '2019-05-12 16:09:39', NULL),
(1981, 152, 2, '5cd7d9dd982ca', 51, '125, 124, 126', 'NULL', NULL, 1, '2019-05-12 16:09:54', NULL),
(1982, 152, 2, '5cd7d9dd982ca', 52, '128, 129', 'NULL', NULL, 1, '2019-05-12 16:10:12', NULL),
(1983, 152, 2, '5cd7d9dd982ca', 61, '173', 'NULL', NULL, NULL, '2019-05-12 16:10:20', NULL),
(1984, 152, 2, '5cd7d9dd982ca', 61, '175', 'NULL', NULL, 1, '2019-05-12 16:10:29', NULL),
(1985, 160, 4, '5cd81bb7a4e0e', 9, '26', 'NULL', NULL, 1, '2019-05-12 16:12:57', NULL),
(1986, 160, 4, '5cd81bb7a4e0e', 12, '36', 'NULL', NULL, 1, '2019-05-12 16:13:05', NULL),
(1987, 160, 4, '5cd81bb7a4e0e', 14, '39', 'NULL', NULL, 1, '2019-05-12 16:13:09', NULL),
(1988, 160, 4, '5cd81bb7a4e0e', 21, '53', 'NULL', NULL, NULL, '2019-05-12 16:13:12', NULL),
(1989, 160, 4, '5cd81bb7a4e0e', 22, '55', 'NULL', NULL, NULL, '2019-05-12 16:13:16', NULL),
(1990, 160, 4, '5cd81bb7a4e0e', 21, '52', 'NULL', NULL, NULL, '2019-05-12 16:13:21', NULL),
(1991, 160, 4, '5cd81bb7a4e0e', 21, '5', 'NULL', NULL, 1, '2019-05-12 16:13:24', NULL),
(1992, 160, 4, '5cd81bb7a4e0e', 22, '56', 'NULL', NULL, 1, '2019-05-12 16:13:35', NULL),
(1993, 160, 4, '5cd81bb7a4e0e', 28, '73', 'NULL', NULL, NULL, '2019-05-12 16:13:45', NULL),
(1994, 160, 4, '5cd81bb7a4e0e', 35, '94', 'NULL', NULL, 1, '2019-05-12 16:13:49', NULL),
(1995, 160, 4, '5cd81bb7a4e0e', 36, '5', 'NULL', NULL, 1, '2019-05-12 16:13:54', NULL),
(1996, 160, 4, '5cd81bb7a4e0e', 39, '98', 'NULL', NULL, NULL, '2019-05-12 16:13:59', NULL),
(1997, 160, 4, '5cd81bb7a4e0e', 42, '105', 'NULL', NULL, 1, '2019-05-12 16:14:05', NULL),
(1998, 160, 4, '5cd81bb7a4e0e', 28, '73', 'NULL', NULL, NULL, '2019-05-12 16:14:43', NULL),
(1999, 160, 4, '5cd81bb7a4e0e', 28, '74', 'NULL', NULL, 1, '2019-05-12 16:14:47', NULL),
(2000, 160, 4, '5cd81bb7a4e0e', 39, '5', 'NULL', NULL, 1, '2019-05-12 16:14:52', NULL),
(2001, 160, 4, '5cd81bb7a4e0e', 51, '124, 125', 'NULL', NULL, NULL, '2019-05-12 16:15:23', NULL),
(2002, 160, 4, '5cd81bb7a4e0e', 54, '135', 'NULL', NULL, 1, '2019-05-12 16:15:30', NULL),
(2003, 160, 4, '5cd81bb7a4e0e', 56, '147, 143, 152', 'NULL', NULL, 1, '2019-05-12 16:15:41', NULL),
(2004, 160, 4, '5cd81bb7a4e0e', 61, '175', 'NULL', NULL, 1, '2019-05-12 16:15:48', NULL),
(2005, 160, 4, '5cd81bb7a4e0e', 62, '178', 'NULL', NULL, 1, '2019-05-12 16:15:54', NULL),
(2006, 160, 4, '5cd81bb7a4e0e', 51, '124', 'NULL', NULL, NULL, '2019-05-12 16:16:01', NULL),
(2007, 160, 4, '5cd81bb7a4e0e', 51, '124, 125, 126', 'NULL', NULL, 1, '2019-05-12 16:16:07', NULL),
(2008, 160, 4, '5cd81cef6fbb1', 9, '27', 'NULL', NULL, NULL, '2019-05-12 16:21:18', NULL),
(2009, 161, 3, '5cd836be0bc8b', 9, '27', 'NULL', NULL, NULL, '2019-05-12 18:08:14', NULL),
(2010, 161, 3, '5cd836be0bc8b', 11, '6', 'NULL', NULL, NULL, '2019-05-12 18:08:32', NULL),
(2011, 161, 3, '5cd836be0bc8b', 12, '36', 'NULL', NULL, 1, '2019-05-12 18:08:50', NULL),
(2012, 162, 3, '5cd836d1c7f51', 9, '27', 'NULL', NULL, NULL, '2019-05-12 18:08:50', NULL),
(2013, 162, 3, '5cd836d1c7f51', 11, '6', 'NULL', NULL, NULL, '2019-05-12 18:09:06', NULL),
(2014, 163, 3, '5cd836ff20492', 9, '27', 'NULL', NULL, NULL, '2019-05-12 18:09:16', NULL),
(2015, 161, 3, '5cd836be0bc8b', 13, '37', 'NULL', NULL, NULL, '2019-05-12 18:09:25', NULL),
(2016, 163, 3, '5cd836ff20492', 11, '5', 'NULL', NULL, 1, '2019-05-12 18:09:26', NULL),
(2017, 162, 3, '5cd836d1c7f51', 12, '36', 'NULL', NULL, 1, '2019-05-12 18:09:27', NULL),
(2018, 163, 3, '5cd836ff20492', 12, '36', 'NULL', NULL, 1, '2019-05-12 18:09:39', NULL),
(2019, 163, 3, '5cd836ff20492', 13, '5', 'NULL', NULL, 1, '2019-05-12 18:09:47', NULL),
(2020, 162, 3, '5cd836d1c7f51', 13, '5', 'NULL', NULL, 1, '2019-05-12 18:09:52', NULL),
(2021, 163, 3, '5cd836ff20492', 14, '40', 'NULL', NULL, NULL, '2019-05-12 18:09:59', NULL),
(2022, 163, 3, '5cd836ff20492', 19, '5', 'NULL', NULL, 1, '2019-05-12 18:10:05', NULL),
(2023, 162, 3, '5cd836d1c7f51', 14, '38', 'NULL', NULL, NULL, '2019-05-12 18:10:13', NULL),
(2024, 161, 3, '5cd836be0bc8b', 14, '39', 'NULL', NULL, 1, '2019-05-12 18:10:14', NULL),
(2025, 163, 3, '5cd836ff20492', 21, '5', 'NULL', NULL, 1, '2019-05-12 18:10:17', NULL),
(2026, 162, 3, '5cd836d1c7f51', 19, '5', 'NULL', NULL, 1, '2019-05-12 18:10:21', NULL),
(2027, 161, 3, '5cd836be0bc8b', 19, '5', 'NULL', NULL, 1, '2019-05-12 18:10:27', NULL),
(2028, 164, 3, '5cd836fee22eb', 9, '27', 'NULL', NULL, NULL, '2019-05-12 18:10:34', NULL),
(2029, 163, 3, '5cd836ff20492', 22, '55', 'NULL', NULL, NULL, '2019-05-12 18:10:34', NULL),
(2030, 162, 3, '5cd836d1c7f51', 21, '5', 'NULL', NULL, 1, '2019-05-12 18:10:42', NULL),
(2031, 163, 3, '5cd836ff20492', 25, '66', 'NULL', NULL, NULL, '2019-05-12 18:10:44', NULL),
(2032, 164, 3, '5cd836fee22eb', 11, '6', 'NULL', NULL, NULL, '2019-05-12 18:10:48', NULL),
(2033, 163, 3, '5cd836ff20492', 26, '67', 'NULL', NULL, NULL, '2019-05-12 18:10:50', NULL),
(2034, 161, 3, '5cd836be0bc8b', 21, '5', 'NULL', NULL, 1, '2019-05-12 18:10:54', NULL),
(2035, 164, 3, '5cd836fee22eb', 12, '34', 'NULL', NULL, NULL, '2019-05-12 18:10:56', NULL),
(2036, 164, 3, '5cd836fee22eb', 13, '5', 'NULL', NULL, 1, '2019-05-12 18:11:00', NULL),
(2037, 163, 3, '5cd836ff20492', 9, '26', 'NULL', NULL, 1, '2019-05-12 18:11:00', NULL),
(2038, 161, 3, '5cd836be0bc8b', 22, '56', 'NULL', NULL, 1, '2019-05-12 18:11:08', NULL),
(2039, 163, 3, '5cd836ff20492', 14, '39', 'NULL', NULL, 1, '2019-05-12 18:11:15', NULL),
(2040, 164, 3, '5cd836fee22eb', 14, '40', 'NULL', NULL, NULL, '2019-05-12 18:11:16', NULL),
(2041, 163, 3, '5cd836ff20492', 22, '55', 'NULL', NULL, NULL, '2019-05-12 18:11:19', NULL),
(2042, 161, 3, '5cd836be0bc8b', 25, '66', 'NULL', NULL, NULL, '2019-05-12 18:11:20', NULL),
(2043, 163, 3, '5cd836ff20492', 22, '56', 'NULL', NULL, 1, '2019-05-12 18:11:23', NULL),
(2044, 164, 3, '5cd836fee22eb', 19, '5', 'NULL', NULL, 1, '2019-05-12 18:11:24', NULL),
(2045, 162, 3, '5cd836d1c7f51', 22, '55', 'NULL', NULL, NULL, '2019-05-12 18:11:30', NULL),
(2046, 161, 3, '5cd836be0bc8b', 26, '69', 'NULL', NULL, 1, '2019-05-12 18:11:32', NULL),
(2047, 164, 3, '5cd836fee22eb', 21, '52', 'NULL', NULL, NULL, '2019-05-12 18:11:34', NULL),
(2048, 164, 3, '5cd836fee22eb', 22, '56', 'NULL', NULL, 1, '2019-05-12 18:11:38', NULL),
(2049, 163, 3, '5cd836ff20492', 25, '65', 'NULL', NULL, 1, '2019-05-12 18:11:47', NULL),
(2050, 161, 3, '5cd836be0bc8b', 9, '26', 'NULL', NULL, 1, '2019-05-12 18:11:49', NULL),
(2051, 163, 3, '5cd836ff20492', 26, '69', 'NULL', NULL, 1, '2019-05-12 18:11:58', NULL),
(2052, 162, 3, '5cd836d1c7f51', 25, '65', 'NULL', NULL, 1, '2019-05-12 18:12:03', NULL),
(2053, 161, 3, '5cd836be0bc8b', 11, '5', 'NULL', NULL, 1, '2019-05-12 18:12:04', NULL),
(2054, 164, 3, '5cd836fee22eb', 25, '65', 'NULL', NULL, 1, '2019-05-12 18:12:06', NULL),
(2055, 163, 3, '5cd836ff20492', 28, '74', 'NULL', NULL, 1, '2019-05-12 18:12:10', NULL),
(2056, 162, 3, '5cd836d1c7f51', 26, '68', 'NULL', NULL, NULL, '2019-05-12 18:12:12', NULL),
(2057, 164, 3, '5cd836fee22eb', 26, '67', 'NULL', NULL, NULL, '2019-05-12 18:12:12', NULL),
(2058, 161, 3, '5cd836be0bc8b', 13, '5', 'NULL', NULL, 1, '2019-05-12 18:12:17', NULL),
(2059, 164, 3, '5cd836fee22eb', 9, '25', 'NULL', NULL, NULL, '2019-05-12 18:12:22', NULL),
(2060, 163, 3, '5cd836ff20492', 32, '88', 'NULL', NULL, NULL, '2019-05-12 18:12:24', NULL),
(2061, 162, 3, '5cd836d1c7f51', 9, '25', 'NULL', NULL, NULL, '2019-05-12 18:12:25', NULL),
(2062, 164, 3, '5cd836fee22eb', 9, '29', 'NULL', NULL, NULL, '2019-05-12 18:12:26', NULL),
(2063, 161, 3, '5cd836be0bc8b', 25, '66', 'NULL', NULL, NULL, '2019-05-12 18:12:29', NULL),
(2064, 164, 3, '5cd836fee22eb', 9, '27', 'NULL', NULL, NULL, '2019-05-12 18:12:29', NULL),
(2065, 164, 3, '5cd836fee22eb', 9, '26', 'NULL', NULL, 1, '2019-05-12 18:12:31', NULL),
(2066, 163, 3, '5cd836ff20492', 33, '5', 'NULL', NULL, NULL, '2019-05-12 18:12:32', NULL),
(2067, 162, 3, '5cd836d1c7f51', 9, '25', 'NULL', NULL, NULL, '2019-05-12 18:12:35', NULL),
(2068, 163, 3, '5cd836ff20492', 35, '6', 'NULL', NULL, NULL, '2019-05-12 18:12:38', NULL),
(2069, 161, 3, '5cd836be0bc8b', 25, '66', 'NULL', NULL, NULL, '2019-05-12 18:12:43', NULL),
(2070, 162, 3, '5cd836d1c7f51', 9, '28', 'NULL', NULL, NULL, '2019-05-12 18:12:43', NULL),
(2071, 164, 3, '5cd836fee22eb', 11, '5', 'NULL', NULL, 1, '2019-05-12 18:12:45', NULL),
(2072, 163, 3, '5cd836ff20492', 36, '5', 'NULL', NULL, 1, '2019-05-12 18:12:45', NULL),
(2073, 162, 3, '5cd836d1c7f51', 9, '29', 'NULL', NULL, NULL, '2019-05-12 18:12:47', NULL),
(2074, 161, 3, '5cd836be0bc8b', 25, '65', 'NULL', NULL, 1, '2019-05-12 18:12:49', NULL),
(2075, 164, 3, '5cd836fee22eb', 12, '36', 'NULL', NULL, 1, '2019-05-12 18:12:50', NULL),
(2076, 162, 3, '5cd836d1c7f51', 9, '25', 'NULL', NULL, NULL, '2019-05-12 18:12:54', NULL),
(2077, 164, 3, '5cd836fee22eb', 14, '38', 'NULL', NULL, NULL, '2019-05-12 18:12:55', NULL),
(2078, 163, 3, '5cd836ff20492', 37, '5', 'NULL', NULL, 1, '2019-05-12 18:12:56', NULL),
(2079, 164, 3, '5cd836fee22eb', 14, '39', 'NULL', NULL, 1, '2019-05-12 18:12:57', NULL),
(2080, 162, 3, '5cd836d1c7f51', 9, '26', 'NULL', NULL, 1, '2019-05-12 18:13:02', NULL),
(2081, 164, 3, '5cd836fee22eb', 21, '53', 'NULL', NULL, NULL, '2019-05-12 18:13:06', NULL),
(2082, 161, 3, '5cd836be0bc8b', 28, '74', 'NULL', NULL, 1, '2019-05-12 18:13:06', NULL),
(2083, 163, 3, '5cd836ff20492', 38, '97', 'NULL', NULL, NULL, '2019-05-12 18:13:07', NULL),
(2084, 164, 3, '5cd836fee22eb', 21, '5', 'NULL', NULL, 1, '2019-05-12 18:13:09', NULL),
(2085, 163, 3, '5cd836ff20492', 39, '5', 'NULL', NULL, 1, '2019-05-12 18:13:14', NULL),
(2086, 164, 3, '5cd836fee22eb', 26, '69', 'NULL', NULL, 1, '2019-05-12 18:13:17', NULL),
(2087, 162, 3, '5cd836d1c7f51', 11, '5', 'NULL', NULL, 1, '2019-05-12 18:13:24', NULL),
(2088, 163, 3, '5cd836ff20492', 41, '104', 'NULL', NULL, NULL, '2019-05-12 18:13:26', NULL),
(2089, 161, 3, '5cd836be0bc8b', 32, '88', 'NULL', NULL, NULL, '2019-05-12 18:13:32', NULL),
(2090, 163, 3, '5cd836ff20492', 42, '106', 'NULL', NULL, NULL, '2019-05-12 18:13:36', NULL),
(2091, 165, 3, '5cd83804b27cd', 9, '27', 'NULL', NULL, NULL, '2019-05-12 18:13:37', NULL),
(2092, 163, 3, '5cd836ff20492', 32, '89', 'NULL', NULL, 1, '2019-05-12 18:13:45', NULL),
(2093, 161, 3, '5cd836be0bc8b', 33, '5', 'NULL', NULL, NULL, '2019-05-12 18:13:46', NULL),
(2094, 162, 3, '5cd836d1c7f51', 14, '39', 'NULL', NULL, 1, '2019-05-12 18:13:47', NULL),
(2095, 165, 3, '5cd83804b27cd', 11, '5', 'NULL', NULL, 1, '2019-05-12 18:13:51', NULL),
(2096, 162, 3, '5cd836d1c7f51', 22, '55', 'NULL', NULL, NULL, '2019-05-12 18:14:01', NULL),
(2097, 161, 3, '5cd836be0bc8b', 35, '5', 'NULL', NULL, NULL, '2019-05-12 18:14:04', NULL),
(2098, 162, 3, '5cd836d1c7f51', 22, '54', 'NULL', NULL, NULL, '2019-05-12 18:14:07', NULL),
(2099, 163, 3, '5cd836ff20492', 33, '6', 'NULL', NULL, 1, '2019-05-12 18:14:09', NULL),
(2100, 162, 3, '5cd836d1c7f51', 22, '56', 'NULL', NULL, 1, '2019-05-12 18:14:11', NULL),
(2101, 161, 3, '5cd836be0bc8b', 36, '6', 'NULL', NULL, NULL, '2019-05-12 18:14:15', NULL),
(2102, 165, 3, '5cd83804b27cd', 12, '33', 'NULL', NULL, NULL, '2019-05-12 18:14:15', NULL),
(2103, 161, 3, '5cd836be0bc8b', 37, '6', 'NULL', NULL, NULL, '2019-05-12 18:14:29', NULL),
(2104, 162, 3, '5cd836d1c7f51', 26, '69', 'NULL', NULL, 1, '2019-05-12 18:14:37', NULL),
(2105, 161, 3, '5cd836be0bc8b', 38, '96', 'NULL', NULL, NULL, '2019-05-12 18:14:45', NULL),
(2106, 163, 3, '5cd836ff20492', 35, '94', 'NULL', NULL, 1, '2019-05-12 18:14:47', NULL),
(2107, 162, 3, '5cd836d1c7f51', 28, '74', 'NULL', NULL, 1, '2019-05-12 18:14:52', NULL),
(2108, 166, 3, '5cd8383445520', 9, '27', 'NULL', NULL, NULL, '2019-05-12 18:14:55', NULL),
(2109, 163, 3, '5cd836ff20492', 38, '96', 'NULL', NULL, NULL, '2019-05-12 18:15:02', NULL),
(2110, 163, 3, '5cd836ff20492', 38, '6', 'NULL', NULL, NULL, '2019-05-12 18:15:06', NULL),
(2111, 162, 3, '5cd836d1c7f51', 32, '88', 'NULL', NULL, NULL, '2019-05-12 18:15:10', NULL),
(2112, 163, 3, '5cd836ff20492', 38, '96', 'NULL', NULL, NULL, '2019-05-12 18:15:13', NULL),
(2113, 163, 3, '5cd836ff20492', 38, '6', 'NULL', NULL, NULL, '2019-05-12 18:15:16', NULL),
(2114, 162, 3, '5cd836d1c7f51', 33, '5', 'NULL', NULL, NULL, '2019-05-12 18:15:18', NULL),
(2115, 166, 3, '5cd8383445520', 11, '5', 'NULL', NULL, 1, '2019-05-12 18:15:19', NULL),
(2116, 163, 3, '5cd836ff20492', 38, '97, 96', 'NULL', NULL, 1, '2019-05-12 18:15:26', NULL),
(2117, 162, 3, '5cd836d1c7f51', 35, '5', 'NULL', NULL, NULL, '2019-05-12 18:15:28', NULL),
(2118, 162, 3, '5cd836d1c7f51', 36, '95', 'NULL', NULL, NULL, '2019-05-12 18:15:37', NULL),
(2119, 163, 3, '5cd836ff20492', 41, '103', 'NULL', NULL, 1, '2019-05-12 18:15:40', NULL),
(2120, 166, 3, '5cd8383445520', 12, '36', 'NULL', NULL, 1, '2019-05-12 18:15:41', NULL),
(2121, 162, 3, '5cd836d1c7f51', 37, '6', 'NULL', NULL, NULL, '2019-05-12 18:15:47', NULL),
(2122, 162, 3, '5cd836d1c7f51', 38, '96', 'NULL', NULL, NULL, '2019-05-12 18:15:56', NULL),
(2123, 163, 3, '5cd836ff20492', 42, '105', 'NULL', NULL, 1, '2019-05-12 18:16:03', NULL),
(2124, 166, 3, '5cd8383445520', 13, '37', 'NULL', NULL, NULL, '2019-05-12 18:16:09', NULL),
(2125, 162, 3, '5cd836d1c7f51', 39, '5', 'NULL', NULL, 1, '2019-05-12 18:16:14', NULL),
(2126, 163, 3, '5cd836ff20492', 51, '126', 'NULL', NULL, NULL, '2019-05-12 18:16:25', NULL),
(2127, 166, 3, '5cd8383445520', 14, '40', 'NULL', NULL, NULL, '2019-05-12 18:16:31', NULL),
(2128, 166, 3, '5cd8383445520', 19, '48', 'NULL', NULL, NULL, '2019-05-12 18:16:42', NULL),
(2129, 162, 3, '5cd836d1c7f51', 41, '5', 'NULL', NULL, NULL, '2019-05-12 18:16:54', NULL),
(2130, 162, 3, '5cd836d1c7f51', 42, '106', 'NULL', NULL, NULL, '2019-05-12 18:17:01', NULL),
(2131, 166, 3, '5cd8383445520', 21, '53', 'NULL', NULL, NULL, '2019-05-12 18:17:04', NULL),
(2132, 162, 3, '5cd836d1c7f51', 32, '89', 'NULL', NULL, 1, '2019-05-12 18:17:11', NULL),
(2133, 166, 3, '5cd8383445520', 22, '55', 'NULL', NULL, NULL, '2019-05-12 18:17:13', NULL),
(2134, 166, 3, '5cd8383445520', 25, '64', 'NULL', NULL, NULL, '2019-05-12 18:17:25', NULL),
(2135, 162, 3, '5cd836d1c7f51', 33, '6', 'NULL', NULL, 1, '2019-05-12 18:17:33', NULL),
(2136, 166, 3, '5cd8383445520', 26, '69', 'NULL', NULL, 1, '2019-05-12 18:17:34', NULL),
(2137, 162, 3, '5cd836d1c7f51', 35, '94', 'NULL', NULL, 1, '2019-05-12 18:18:22', NULL),
(2138, 162, 3, '5cd836d1c7f51', 36, '5', 'NULL', NULL, 1, '2019-05-12 18:18:39', NULL),
(2139, 162, 3, '5cd836d1c7f51', 37, '5', 'NULL', NULL, 1, '2019-05-12 18:18:56', NULL),
(2140, 162, 3, '5cd836d1c7f51', 38, '97', 'NULL', NULL, NULL, '2019-05-12 18:19:24', NULL),
(2141, 162, 3, '5cd836d1c7f51', 38, '6', 'NULL', NULL, NULL, '2019-05-12 18:19:26', NULL),
(2142, 162, 3, '5cd836d1c7f51', 38, '96', 'NULL', NULL, NULL, '2019-05-12 18:19:31', NULL),
(2143, 162, 3, '5cd836d1c7f51', 38, '96', 'NULL', NULL, NULL, '2019-05-12 18:19:35', NULL),
(2144, 162, 3, '5cd836d1c7f51', 38, '96', 'NULL', NULL, NULL, '2019-05-12 18:19:40', NULL),
(2145, 162, 3, '5cd836d1c7f51', 38, '6', 'NULL', NULL, NULL, '2019-05-12 18:19:44', NULL),
(2146, 162, 3, '5cd836d1c7f51', 38, '97', 'NULL', NULL, NULL, '2019-05-12 18:19:49', NULL),
(2147, 162, 3, '5cd836d1c7f51', 38, '97', 'NULL', NULL, NULL, '2019-05-12 18:19:53', NULL),
(2148, 162, 3, '5cd836d1c7f51', 38, '96', 'NULL', NULL, NULL, '2019-05-12 18:19:56', NULL),
(2149, 162, 3, '5cd836d1c7f51', 38, '6', 'NULL', NULL, NULL, '2019-05-12 18:19:59', NULL),
(2150, 162, 3, '5cd836d1c7f51', 38, '96, 97', 'NULL', NULL, 1, '2019-05-12 18:20:16', NULL),
(2151, 162, 3, '5cd836d1c7f51', 41, '104', 'NULL', NULL, NULL, '2019-05-12 18:20:35', NULL),
(2152, 162, 3, '5cd836d1c7f51', 41, '103', 'NULL', NULL, 1, '2019-05-12 18:20:39', NULL),
(2153, 162, 3, '5cd836d1c7f51', 42, '105', 'NULL', NULL, 1, '2019-05-12 18:21:04', NULL),
(2154, 162, 3, '5cd836d1c7f51', 51, '126, 125', 'NULL', NULL, NULL, '2019-05-12 18:21:47', NULL),
(2155, 167, 2, '5cd7faee1e5bc', 9, '27', 'NULL', NULL, NULL, '2019-05-12 19:34:51', NULL),
(2156, 168, 2, '5cd8661483997', 9, '28', 'NULL', NULL, NULL, '2019-05-12 21:30:04', NULL),
(2157, 169, 2, '5cd86c114bb1d', 9, '27', 'NULL', NULL, NULL, '2019-05-12 21:56:11', NULL),
(2158, 169, 2, '5cd86c114bb1d', 11, '5', 'NULL', NULL, 1, '2019-05-12 21:56:29', NULL),
(2159, 169, 2, '5cd86c114bb1d', 12, '36', 'NULL', NULL, 1, '2019-05-12 21:56:47', NULL),
(2160, 169, 2, '5cd86c114bb1d', 13, '5', 'NULL', NULL, 1, '2019-05-12 21:57:01', NULL),
(2161, 169, 2, '5cd86c114bb1d', 14, '40', 'NULL', NULL, NULL, '2019-05-12 21:57:26', NULL),
(2162, 169, 2, '5cd86c114bb1d', 19, '5', 'NULL', NULL, 1, '2019-05-12 21:57:38', NULL),
(2163, 169, 2, '5cd86c114bb1d', 21, '5', 'NULL', NULL, 1, '2019-05-12 21:57:49', NULL),
(2164, 169, 2, '5cd86c114bb1d', 22, '56', 'NULL', NULL, 1, '2019-05-12 21:58:00', NULL),
(2165, 169, 2, '5cd86c114bb1d', 25, '65', 'NULL', NULL, 1, '2019-05-12 21:58:28', NULL),
(2166, 169, 2, '5cd86c114bb1d', 26, '67', 'NULL', NULL, NULL, '2019-05-12 21:58:39', NULL),
(2167, 169, 2, '5cd86c114bb1d', 9, '28', 'NULL', NULL, NULL, '2019-05-12 21:58:50', NULL),
(2168, 169, 2, '5cd86c114bb1d', 14, '38', 'NULL', NULL, NULL, '2019-05-12 21:58:55', NULL),
(2169, 169, 2, '5cd86c114bb1d', 26, '69', 'NULL', NULL, 1, '2019-05-12 21:58:59', NULL),
(2170, 169, 2, '5cd86c114bb1d', 9, '26', 'NULL', NULL, 1, '2019-05-12 21:59:06', NULL),
(2171, 169, 2, '5cd86c114bb1d', 14, '39', 'NULL', NULL, 1, '2019-05-12 21:59:29', NULL),
(2172, 169, 2, '5cd86c114bb1d', 28, '74', 'NULL', NULL, 1, '2019-05-12 21:59:53', NULL),
(2173, 169, 2, '5cd86c114bb1d', 32, '88', 'NULL', NULL, NULL, '2019-05-12 22:00:07', NULL),
(2174, 169, 2, '5cd86c114bb1d', 33, '6', 'NULL', NULL, 1, '2019-05-12 22:00:27', NULL),
(2175, 169, 2, '5cd86c114bb1d', 35, '5', 'NULL', NULL, NULL, '2019-05-12 22:00:35', NULL),
(2176, 169, 2, '5cd86c114bb1d', 36, '5', 'NULL', NULL, 1, '2019-05-12 22:00:45', NULL),
(2177, 169, 2, '5cd86c114bb1d', 37, '6', 'NULL', NULL, NULL, '2019-05-12 22:01:02', NULL),
(2178, 169, 2, '5cd86c114bb1d', 38, '96', 'NULL', NULL, NULL, '2019-05-12 22:01:16', NULL),
(2179, 169, 2, '5cd86c114bb1d', 39, '98', 'NULL', NULL, NULL, '2019-05-12 22:01:26', NULL),
(2180, 169, 2, '5cd86c114bb1d', 41, '103', 'NULL', NULL, 1, '2019-05-12 22:01:50', NULL),
(2181, 169, 2, '5cd86c114bb1d', 42, '106', 'NULL', NULL, NULL, '2019-05-12 22:01:58', NULL),
(2182, 169, 2, '5cd86c114bb1d', 32, '89', 'NULL', NULL, 1, '2019-05-12 22:02:08', NULL),
(2183, 169, 2, '5cd86c114bb1d', 35, '94', 'NULL', NULL, 1, '2019-05-12 22:02:29', NULL),
(2184, 169, 2, '5cd86c114bb1d', 37, '5', 'NULL', NULL, 1, '2019-05-12 22:02:36', NULL),
(2185, 169, 2, '5cd86c114bb1d', 38, '97', 'NULL', NULL, NULL, '2019-05-12 22:02:59', NULL),
(2186, 169, 2, '5cd86c114bb1d', 39, '99', 'NULL', NULL, NULL, '2019-05-12 22:03:11', NULL),
(2187, 169, 2, '5cd86c114bb1d', 42, '105', 'NULL', NULL, 1, '2019-05-12 22:03:16', NULL),
(2188, 169, 2, '5cd86c114bb1d', 38, '6', 'NULL', NULL, NULL, '2019-05-12 22:03:39', NULL),
(2189, 169, 2, '5cd86c114bb1d', 39, '5', 'NULL', NULL, 1, '2019-05-12 22:03:46', NULL),
(2190, 169, 2, '5cd86c114bb1d', 38, '96, 97', 'NULL', NULL, 1, '2019-05-12 22:04:10', NULL),
(2191, 169, 2, '5cd86c114bb1d', 51, '125, 126', 'NULL', NULL, NULL, '2019-05-12 22:04:48', NULL),
(2192, 169, 2, '5cd86c114bb1d', 52, '129', 'NULL', NULL, NULL, '2019-05-12 22:05:18', NULL),
(2193, 169, 2, '5cd86c114bb1d', 54, '138', 'NULL', NULL, NULL, '2019-05-12 22:05:42', NULL),
(2194, 169, 2, '5cd86c114bb1d', 56, '143, 147', 'NULL', NULL, NULL, '2019-05-12 22:06:14', NULL),
(2195, 169, 2, '5cd86c114bb1d', 57, '155', 'NULL', NULL, NULL, '2019-05-12 22:06:28', NULL),
(2196, 169, 2, '5cd86c114bb1d', 59, '166', 'NULL', NULL, 1, '2019-05-12 22:07:07', NULL),
(2197, 169, 2, '5cd86c114bb1d', 61, '174', 'NULL', NULL, NULL, '2019-05-12 22:07:37', NULL),
(2198, 169, 2, '5cd86c114bb1d', 62, '177', 'NULL', NULL, NULL, '2019-05-12 22:07:47', NULL),
(2199, 169, 2, '5cd86c114bb1d', 63, '180, 182, 183', 'NULL', NULL, NULL, '2019-05-12 22:08:06', NULL),
(2200, 169, 2, '5cd86c114bb1d', 64, '5', 'NULL', NULL, NULL, '2019-05-12 22:08:17', NULL),
(2201, 169, 2, '5cd86c114bb1d', 51, '126, 125, 124', 'NULL', NULL, 1, '2019-05-12 22:08:44', NULL),
(2202, 169, 2, '5cd86c114bb1d', 52, '128, 129', 'NULL', NULL, 1, '2019-05-12 22:09:21', NULL),
(2203, 169, 2, '5cd86c114bb1d', 54, '137', 'NULL', NULL, NULL, '2019-05-12 22:09:56', NULL),
(2204, 169, 2, '5cd86c114bb1d', 56, '143, 140, 147, 152', 'NULL', NULL, NULL, '2019-05-12 22:10:42', NULL),
(2205, 169, 2, '5cd86c114bb1d', 57, '156', 'NULL', NULL, 1, '2019-05-12 22:11:09', NULL),
(2206, 169, 2, '5cd86c114bb1d', 61, '6', 'NULL', NULL, NULL, '2019-05-12 22:11:33', NULL),
(2207, 169, 2, '5cd86c114bb1d', 62, '176', 'NULL', NULL, NULL, '2019-05-12 22:11:43', NULL),
(2208, 169, 2, '5cd86c114bb1d', 63, '183, 180', 'NULL', NULL, 1, '2019-05-12 22:12:24', NULL),
(2209, 169, 2, '5cd86c114bb1d', 64, '184', 'NULL', NULL, NULL, '2019-05-12 22:12:42', NULL),
(2210, 169, 2, '5cd86c114bb1d', 54, '136', 'NULL', NULL, NULL, '2019-05-12 22:12:59', NULL),
(2211, 169, 2, '5cd86c114bb1d', 56, '142, 145, 143, 147', 'NULL', NULL, NULL, '2019-05-12 22:15:33', NULL),
(2212, 169, 2, '5cd86c114bb1d', 61, '173', 'NULL', NULL, NULL, '2019-05-12 22:15:43', NULL),
(2213, 169, 2, '5cd86c114bb1d', 62, '179', 'NULL', NULL, NULL, '2019-05-12 22:15:48', NULL),
(2214, 169, 2, '5cd86c114bb1d', 64, '6', 'NULL', NULL, 1, '2019-05-12 22:15:54', NULL),
(2215, 169, 2, '5cd86c114bb1d', 54, '135', 'NULL', NULL, 1, '2019-05-12 22:16:08', NULL),
(2216, 169, 2, '5cd86c114bb1d', 56, '152, 143, 144, 145, 140, 142, 147', 'NULL', NULL, NULL, '2019-05-12 22:16:32', NULL),
(2217, 169, 2, '5cd86c114bb1d', 61, '175', 'NULL', NULL, 1, '2019-05-12 22:16:41', NULL),
(2218, 169, 2, '5cd86c114bb1d', 62, '178', 'NULL', NULL, 1, '2019-05-12 22:16:55', NULL),
(2219, 169, 2, '5cd86c114bb1d', 56, '147, 152, 140, 143, 145', 'NULL', NULL, NULL, '2019-05-12 22:17:15', NULL),
(2220, 169, 2, '5cd86c114bb1d', 56, '145, 144, 147, 143', 'NULL', NULL, NULL, '2019-05-12 22:17:35', NULL),
(2221, 169, 2, '5cd86c114bb1d', 56, '145, 144, 142, 147, 152, 143', 'NULL', NULL, NULL, '2019-05-12 22:18:42', NULL),
(2222, 169, 2, '5cd86c114bb1d', 56, '140, 143, 145, 142, 147', 'NULL', NULL, NULL, '2019-05-12 22:19:04', NULL),
(2223, 170, 2, '5cd8739febc77', 9, '27', 'NULL', NULL, NULL, '2019-05-12 22:29:39', NULL),
(2224, 170, 2, '5cd8739febc77', 11, '5', 'NULL', NULL, 1, '2019-05-12 22:30:08', NULL),
(2225, 170, 2, '5cd8739febc77', 12, '34', 'NULL', NULL, NULL, '2019-05-12 22:31:04', NULL),
(2226, 170, 2, '5cd8739febc77', 13, '5', 'NULL', NULL, 1, '2019-05-12 22:31:40', NULL),
(2227, 170, 2, '5cd8739febc77', 14, '39', 'NULL', NULL, 1, '2019-05-12 22:32:20', NULL),
(2228, 170, 2, '5cd8739febc77', 19, '5', 'NULL', NULL, 1, '2019-05-12 22:32:45', NULL),
(2229, 170, 2, '5cd8739febc77', 21, '5', 'NULL', NULL, 1, '2019-05-12 22:33:42', NULL),
(2230, 171, 3, '5cd8761210d5b', 9, '27', 'NULL', NULL, NULL, '2019-05-12 22:38:19', NULL),
(2231, 171, 3, '5cd8761210d5b', 11, '5', 'NULL', NULL, 1, '2019-05-12 22:38:31', NULL),
(2232, 171, 3, '5cd8761210d5b', 12, '35', 'NULL', NULL, NULL, '2019-05-12 22:38:44', NULL),
(2233, 171, 3, '5cd8761210d5b', 13, '6', 'NULL', NULL, NULL, '2019-05-12 22:38:56', NULL),
(2234, 171, 3, '5cd8761210d5b', 14, '39', 'NULL', NULL, 1, '2019-05-12 22:39:04', NULL),
(2235, 171, 3, '5cd8761210d5b', 19, '5', 'NULL', NULL, 1, '2019-05-12 22:39:16', NULL),
(2236, 171, 3, '5cd8761210d5b', 21, '5', 'NULL', NULL, 1, '2019-05-12 22:39:27', NULL),
(2237, 171, 3, '5cd8761210d5b', 22, '55', 'NULL', NULL, NULL, '2019-05-12 22:39:36', NULL),
(2238, 171, 3, '5cd8761210d5b', 25, '63', 'NULL', NULL, NULL, '2019-05-12 22:39:43', NULL),
(2239, 171, 3, '5cd8761210d5b', 26, '67', 'NULL', NULL, NULL, '2019-05-12 22:39:49', NULL),
(2240, 170, 2, '5cd8739febc77', 22, '56', 'NULL', NULL, 1, '2019-05-12 22:44:25', NULL),
(2241, 172, 2, '5cd8795c4dd52', 9, '26', 'NULL', NULL, 1, '2019-05-12 22:52:19', NULL),
(2242, 172, 2, '5cd8795c4dd52', 11, '6', 'NULL', NULL, NULL, '2019-05-12 22:52:29', NULL),
(2243, 172, 2, '5cd8795c4dd52', 12, '34', 'NULL', NULL, NULL, '2019-05-12 22:52:40', NULL),
(2244, 172, 2, '5cd8795c4dd52', 13, '5', 'NULL', NULL, 1, '2019-05-12 22:52:51', NULL),
(2245, 172, 2, '5cd8795c4dd52', 14, '40', 'NULL', NULL, NULL, '2019-05-12 22:53:00', NULL),
(2246, 172, 2, '5cd8795c4dd52', 19, '5', 'NULL', NULL, 1, '2019-05-12 22:53:06', NULL),
(2247, 172, 2, '5cd8795c4dd52', 21, '5', 'NULL', NULL, 1, '2019-05-12 22:53:17', NULL),
(2248, 172, 2, '5cd8795c4dd52', 22, '55', 'NULL', NULL, NULL, '2019-05-12 22:53:57', NULL),
(2249, 172, 2, '5cd8795c4dd52', 25, '64', 'NULL', NULL, NULL, '2019-05-12 22:54:06', NULL),
(2250, 172, 2, '5cd8795c4dd52', 26, '67', 'NULL', NULL, NULL, '2019-05-12 22:54:12', NULL),
(2251, 172, 2, '5cd8795c4dd52', 11, '32', 'NULL', NULL, NULL, '2019-05-12 22:54:23', NULL),
(2252, 172, 2, '5cd8795c4dd52', 12, '36', 'NULL', NULL, 1, '2019-05-12 22:54:37', NULL),
(2253, 172, 2, '5cd8795c4dd52', 14, '38', 'NULL', NULL, NULL, '2019-05-12 22:54:49', NULL),
(2254, 172, 2, '5cd8795c4dd52', 22, '54', 'NULL', NULL, NULL, '2019-05-12 22:54:55', NULL),
(2255, 172, 2, '5cd8795c4dd52', 25, '65', 'NULL', NULL, 1, '2019-05-12 22:55:02', NULL),
(2256, 172, 2, '5cd8795c4dd52', 26, '69', 'NULL', NULL, 1, '2019-05-12 22:55:14', NULL),
(2257, 172, 2, '5cd8795c4dd52', 11, '5', 'NULL', NULL, 1, '2019-05-12 22:55:24', NULL),
(2258, 172, 2, '5cd8795c4dd52', 14, '39', 'NULL', NULL, 1, '2019-05-12 22:55:33', NULL),
(2259, 172, 2, '5cd8795c4dd52', 22, '56', 'NULL', NULL, 1, '2019-05-12 22:55:46', NULL),
(2260, 172, 2, '5cd8795c4dd52', 28, '74', 'NULL', NULL, 1, '2019-05-12 22:56:10', NULL),
(2261, 172, 2, '5cd8795c4dd52', 32, '88', 'NULL', NULL, NULL, '2019-05-12 22:56:24', NULL),
(2262, 172, 2, '5cd8795c4dd52', 33, '6', 'NULL', NULL, 1, '2019-05-12 22:56:32', NULL),
(2263, 172, 2, '5cd8795c4dd52', 35, '6', 'NULL', NULL, NULL, '2019-05-12 22:56:46', NULL),
(2264, 172, 2, '5cd8795c4dd52', 36, '95', 'NULL', NULL, NULL, '2019-05-12 22:56:52', NULL),
(2265, 172, 2, '5cd8795c4dd52', 37, '5', 'NULL', NULL, 1, '2019-05-12 22:57:00', NULL),
(2266, 172, 2, '5cd8795c4dd52', 38, '97', 'NULL', NULL, NULL, '2019-05-12 22:57:06', NULL),
(2267, 173, 2, '5cd87e8b7f949', 9, '27', 'NULL', NULL, NULL, '2019-05-12 23:14:35', NULL),
(2268, 173, 2, '5cd87e8b7f949', 11, '5', 'NULL', NULL, 1, '2019-05-12 23:14:43', NULL),
(2269, 173, 2, '5cd87e8b7f949', 12, '34', 'NULL', NULL, NULL, '2019-05-12 23:14:58', NULL),
(2270, 173, 2, '5cd87e8b7f949', 13, '5', 'NULL', NULL, 1, '2019-05-12 23:15:05', NULL),
(2271, 173, 2, '5cd87e8b7f949', 14, '39', 'NULL', NULL, 1, '2019-05-12 23:15:17', NULL),
(2272, 173, 2, '5cd87e8b7f949', 19, '5', 'NULL', NULL, 1, '2019-05-12 23:15:26', NULL),
(2273, 173, 2, '5cd87e8b7f949', 21, '5', 'NULL', NULL, 1, '2019-05-12 23:15:41', NULL),
(2274, 173, 2, '5cd87e8b7f949', 22, '56', 'NULL', NULL, 1, '2019-05-12 23:15:58', NULL),
(2275, 173, 2, '5cd87e8b7f949', 25, '63', 'NULL', NULL, NULL, '2019-05-12 23:16:17', NULL),
(2276, 173, 2, '5cd87e8b7f949', 26, '68', 'NULL', NULL, NULL, '2019-05-12 23:16:23', NULL),
(2277, 173, 2, '5cd87e8b7f949', 9, '26', 'NULL', NULL, 1, '2019-05-12 23:16:33', NULL),
(2278, 173, 2, '5cd87e8b7f949', 12, '33', 'NULL', NULL, NULL, '2019-05-12 23:16:51', NULL),
(2279, 173, 2, '5cd87e8b7f949', 25, '64', 'NULL', NULL, NULL, '2019-05-12 23:17:01', NULL),
(2280, 173, 2, '5cd87e8b7f949', 26, '67', 'NULL', NULL, NULL, '2019-05-12 23:17:07', NULL),
(2281, 173, 2, '5cd87e8b7f949', 12, '36', 'NULL', NULL, 1, '2019-05-12 23:17:14', NULL),
(2282, 173, 2, '5cd87e8b7f949', 25, '65', 'NULL', NULL, 1, '2019-05-12 23:17:26', NULL),
(2283, 173, 2, '5cd87e8b7f949', 26, '69', 'NULL', NULL, 1, '2019-05-12 23:17:35', NULL),
(2284, 173, 2, '5cd87e8b7f949', 28, '75', 'NULL', NULL, NULL, '2019-05-12 23:17:58', NULL),
(2285, 173, 2, '5cd87e8b7f949', 32, '88', 'NULL', NULL, NULL, '2019-05-12 23:18:04', NULL),
(2286, 173, 2, '5cd87e8b7f949', 33, '5', 'NULL', NULL, NULL, '2019-05-12 23:18:12', NULL),
(2287, 173, 2, '5cd87e8b7f949', 35, '5', 'NULL', NULL, NULL, '2019-05-12 23:18:25', NULL),
(2288, 173, 2, '5cd87e8b7f949', 36, '5', 'NULL', NULL, 1, '2019-05-12 23:18:30', NULL),
(2289, 173, 2, '5cd87e8b7f949', 37, '5', 'NULL', NULL, 1, '2019-05-12 23:18:54', NULL),
(2290, 173, 2, '5cd87e8b7f949', 38, '96', 'NULL', NULL, NULL, '2019-05-12 23:19:07', NULL),
(2291, 173, 2, '5cd87e8b7f949', 39, '98', 'NULL', NULL, NULL, '2019-05-12 23:19:15', NULL),
(2292, 173, 2, '5cd87e8b7f949', 41, '103', 'NULL', NULL, 1, '2019-05-12 23:19:21', NULL),
(2293, 173, 2, '5cd87e8b7f949', 42, '106', 'NULL', NULL, NULL, '2019-05-12 23:19:35', NULL),
(2294, 173, 2, '5cd87e8b7f949', 28, '74', 'NULL', NULL, 1, '2019-05-12 23:19:48', NULL),
(2295, 173, 2, '5cd87e8b7f949', 32, '87', 'NULL', NULL, NULL, '2019-05-12 23:20:01', NULL),
(2296, 173, 2, '5cd87e8b7f949', 33, '6', 'NULL', NULL, 1, '2019-05-12 23:20:07', NULL),
(2297, 173, 2, '5cd87e8b7f949', 35, '6', 'NULL', NULL, NULL, '2019-05-12 23:20:23', NULL),
(2298, 173, 2, '5cd87e8b7f949', 38, '96, 97', 'NULL', NULL, 1, '2019-05-12 23:20:36', NULL),
(2299, 173, 2, '5cd87e8b7f949', 39, '5', 'NULL', NULL, 1, '2019-05-12 23:20:44', NULL),
(2300, 173, 2, '5cd87e8b7f949', 42, '105', 'NULL', NULL, 1, '2019-05-12 23:20:58', NULL),
(2301, 173, 2, '5cd87e8b7f949', 32, '87', 'NULL', NULL, NULL, '2019-05-12 23:21:12', NULL),
(2302, 173, 2, '5cd87e8b7f949', 35, '94', 'NULL', NULL, 1, '2019-05-12 23:21:18', NULL),
(2303, 173, 2, '5cd87e8b7f949', 32, '88', 'NULL', NULL, NULL, '2019-05-12 23:21:26', NULL),
(2304, 173, 2, '5cd87e8b7f949', 32, '89', 'NULL', NULL, 1, '2019-05-12 23:21:38', NULL),
(2305, 173, 2, '5cd87e8b7f949', 51, '126', 'NULL', NULL, NULL, '2019-05-12 23:22:04', NULL),
(2306, 173, 2, '5cd87e8b7f949', 52, '128', 'NULL', NULL, NULL, '2019-05-12 23:22:18', NULL),
(2307, 173, 2, '5cd87e8b7f949', 54, '138', 'NULL', NULL, NULL, '2019-05-12 23:22:29', NULL),
(2308, 173, 2, '5cd87e8b7f949', 56, '143', 'NULL', NULL, NULL, '2019-05-12 23:22:47', NULL),
(2309, 173, 2, '5cd87e8b7f949', 57, '153', 'NULL', NULL, NULL, '2019-05-12 23:23:07', NULL),
(2310, 173, 2, '5cd87e8b7f949', 59, '165', 'NULL', NULL, NULL, '2019-05-12 23:23:29', NULL),
(2311, 173, 2, '5cd87e8b7f949', 61, '175', 'NULL', NULL, 1, '2019-05-12 23:23:41', NULL),
(2312, 173, 2, '5cd87e8b7f949', 62, '177', 'NULL', NULL, NULL, '2019-05-12 23:23:52', NULL),
(2313, 173, 2, '5cd87e8b7f949', 63, '181', 'NULL', NULL, NULL, '2019-05-12 23:24:08', NULL),
(2314, 173, 2, '5cd87e8b7f949', 64, '5', 'NULL', NULL, NULL, '2019-05-12 23:24:20', NULL),
(2315, 173, 2, '5cd87e8b7f949', 51, '124', 'NULL', NULL, NULL, '2019-05-12 23:24:26', NULL),
(2316, 173, 2, '5cd87e8b7f949', 52, '130', 'NULL', NULL, NULL, '2019-05-12 23:24:33', NULL),
(2317, 173, 2, '5cd87e8b7f949', 54, '136', 'NULL', NULL, NULL, '2019-05-12 23:24:39', NULL),
(2318, 173, 2, '5cd87e8b7f949', 56, '147, 143', 'NULL', NULL, NULL, '2019-05-12 23:24:52', NULL),
(2319, 174, 1, '5cd887d2a0652', 8, '22', 'NULL', NULL, NULL, '2019-05-12 23:54:16', NULL),
(2320, 174, 1, '5cd887d2a0652', 9, '27', 'NULL', NULL, NULL, '2019-05-12 23:54:25', NULL),
(2321, 174, 1, '5cd887d2a0652', 10, '31', 'NULL', NULL, 1, '2019-05-12 23:54:32', NULL),
(2322, 174, 1, '5cd887d2a0652', 11, '5', 'NULL', NULL, 1, '2019-05-12 23:54:55', NULL),
(2323, 174, 1, '5cd887d2a0652', 12, '36', 'NULL', NULL, 1, '2019-05-12 23:55:10', NULL),
(2324, 174, 1, '5cd887d2a0652', 13, '6', 'NULL', NULL, NULL, '2019-05-12 23:55:26', NULL),
(2325, 174, 1, '5cd887d2a0652', 14, '39', 'NULL', NULL, 1, '2019-05-12 23:55:40', NULL),
(2326, 174, 1, '5cd887d2a0652', 15, '5', 'NULL', NULL, 1, '2019-05-12 23:55:51', NULL),
(2327, 174, 1, '5cd887d2a0652', 16, '5', 'NULL', NULL, 1, '2019-05-12 23:56:01', NULL),
(2328, 174, 1, '5cd887d2a0652', 17, '5', 'NULL', NULL, 1, '2019-05-12 23:57:06', NULL),
(2329, 174, 1, '5cd887d2a0652', 18, '45', 'NULL', NULL, 1, '2019-05-12 23:57:26', NULL),
(2330, 174, 1, '5cd887d2a0652', 19, '5', 'NULL', NULL, 1, '2019-05-12 23:57:42', NULL),
(2331, 174, 1, '5cd887d2a0652', 20, '49', 'NULL', NULL, NULL, '2019-05-12 23:58:00', NULL),
(2332, 174, 1, '5cd887d2a0652', 21, '5', 'NULL', NULL, 1, '2019-05-12 23:58:10', NULL),
(2333, 174, 1, '5cd887d2a0652', 22, '55', 'NULL', NULL, NULL, '2019-05-12 23:59:11', NULL),
(2334, 174, 1, '5cd887d2a0652', 23, '57', 'NULL', NULL, 1, '2019-05-12 23:59:19', NULL),
(2335, 174, 1, '5cd887d2a0652', 24, '61', 'NULL', NULL, 1, '2019-05-12 23:59:40', NULL),
(2336, 174, 1, '5cd887d2a0652', 25, '63', 'NULL', NULL, NULL, '2019-05-12 23:59:48', NULL),
(2337, 174, 1, '5cd887d2a0652', 26, '67', 'NULL', NULL, NULL, '2019-05-12 23:59:55', NULL),
(2338, 174, 1, '5cd887d2a0652', 27, '71', 'NULL', NULL, 1, '2019-05-13 00:00:01', NULL),
(2339, 174, 1, '5cd887d2a0652', 8, '24', 'NULL', NULL, NULL, '2019-05-13 00:00:17', NULL),
(2340, 174, 1, '5cd887d2a0652', 9, '28', 'NULL', NULL, NULL, '2019-05-13 00:00:24', NULL),
(2341, 174, 1, '5cd887d2a0652', 13, '5', 'NULL', NULL, 1, '2019-05-13 00:00:27', NULL),
(2342, 174, 1, '5cd887d2a0652', 20, '51', 'NULL', NULL, NULL, '2019-05-13 00:00:35', NULL),
(2343, 174, 1, '5cd887d2a0652', 22, '56', 'NULL', NULL, 1, '2019-05-13 00:00:39', NULL),
(2344, 174, 1, '5cd887d2a0652', 25, '65', 'NULL', NULL, 1, '2019-05-13 00:00:54', NULL),
(2345, 174, 1, '5cd887d2a0652', 26, '69', 'NULL', NULL, 1, '2019-05-13 00:01:01', NULL),
(2346, 174, 1, '5cd887d2a0652', 8, '23', 'NULL', NULL, NULL, '2019-05-13 00:01:07', NULL),
(2347, 174, 1, '5cd887d2a0652', 9, '26', 'NULL', NULL, 1, '2019-05-13 00:01:14', NULL),
(2348, 174, 1, '5cd887d2a0652', 20, '50', 'NULL', NULL, 1, '2019-05-13 00:01:36', NULL),
(2349, 174, 1, '5cd887d2a0652', 8, '20', 'NULL', NULL, NULL, '2019-05-13 00:01:46', NULL),
(2350, 174, 1, '5cd887d2a0652', 8, '21', 'NULL', NULL, 1, '2019-05-13 00:01:49', NULL),
(2351, 174, 1, '5cd887d2a0652', 28, '74', 'NULL', NULL, 1, '2019-05-13 00:02:09', NULL),
(2352, 174, 1, '5cd887d2a0652', 29, '76', 'NULL', NULL, NULL, '2019-05-13 00:02:32', NULL),
(2353, 174, 1, '5cd887d2a0652', 30, '84', 'NULL', NULL, NULL, '2019-05-13 00:02:50', NULL),
(2354, 174, 1, '5cd887d2a0652', 31, '6', 'NULL', NULL, 1, '2019-05-13 00:02:56', NULL),
(2355, 174, 1, '5cd887d2a0652', 32, '88', 'NULL', NULL, NULL, '2019-05-13 00:03:20', NULL),
(2356, 174, 1, '5cd887d2a0652', 33, '6', 'NULL', NULL, 1, '2019-05-13 00:03:30', NULL),
(2357, 174, 1, '5cd887d2a0652', 34, '90', 'NULL', NULL, 1, '2019-05-13 00:04:01', NULL),
(2358, 174, 1, '5cd887d2a0652', 35, '6', 'NULL', NULL, NULL, '2019-05-13 00:04:13', NULL),
(2359, 174, 1, '5cd887d2a0652', 36, '6', 'NULL', NULL, NULL, '2019-05-13 00:04:19', NULL),
(2360, 174, 1, '5cd887d2a0652', 37, '6', 'NULL', NULL, NULL, '2019-05-13 00:04:26', NULL),
(2361, 174, 1, '5cd887d2a0652', 38, '96', 'NULL', NULL, NULL, '2019-05-13 00:04:33', NULL),
(2362, 174, 1, '5cd887d2a0652', 39, '98', 'NULL', NULL, NULL, '2019-05-13 00:04:40', NULL),
(2363, 174, 1, '5cd887d2a0652', 40, '101', 'NULL', NULL, NULL, '2019-05-13 00:04:46', NULL),
(2364, 174, 1, '5cd887d2a0652', 41, '5', 'NULL', NULL, NULL, '2019-05-13 00:04:53', NULL),
(2365, 174, 1, '5cd887d2a0652', 42, '105', 'NULL', NULL, 1, '2019-05-13 00:05:04', NULL),
(2366, 174, 1, '5cd887d2a0652', 43, '108', 'NULL', NULL, NULL, '2019-05-13 00:05:26', NULL),
(2367, 174, 1, '5cd887d2a0652', 44, '5', 'NULL', NULL, NULL, '2019-05-13 00:05:32', NULL),
(2368, 174, 1, '5cd887d2a0652', 45, '5', 'NULL', NULL, 1, '2019-05-13 00:05:37', NULL),
(2369, 174, 1, '5cd887d2a0652', 46, '5', 'NULL', NULL, 1, '2019-05-13 00:05:52', NULL),
(2370, 174, 1, '5cd887d2a0652', 47, '5', 'NULL', NULL, NULL, '2019-05-13 00:06:11', NULL),
(2371, 174, 1, '5cd887d2a0652', 29, '77', 'NULL', NULL, NULL, '2019-05-13 00:06:17', NULL),
(2372, 174, 1, '5cd887d2a0652', 30, '81', 'NULL', NULL, NULL, '2019-05-13 00:06:22', NULL),
(2373, 175, 1, '5cd88a9bcaf85', 8, '22', 'NULL', NULL, NULL, '2019-05-13 00:06:22', NULL),
(2374, 174, 1, '5cd887d2a0652', 32, '89', 'NULL', NULL, 1, '2019-05-13 00:06:26', NULL),
(2375, 175, 1, '5cd88a9bcaf85', 9, '28', 'NULL', NULL, NULL, '2019-05-13 00:06:39', NULL),
(2376, 174, 1, '5cd887d2a0652', 35, '5', 'NULL', NULL, NULL, '2019-05-13 00:06:41', NULL),
(2377, 174, 1, '5cd887d2a0652', 36, '95', 'NULL', NULL, NULL, '2019-05-13 00:06:46', NULL),
(2378, 175, 1, '5cd88a9bcaf85', 10, '30', 'NULL', NULL, NULL, '2019-05-13 00:06:48', NULL),
(2379, 174, 1, '5cd887d2a0652', 37, '5', 'NULL', NULL, 1, '2019-05-13 00:06:50', NULL),
(2380, 174, 1, '5cd887d2a0652', 38, '97', 'NULL', NULL, NULL, '2019-05-13 00:07:00', NULL),
(2381, 175, 1, '5cd88a9bcaf85', 11, '6', 'NULL', NULL, NULL, '2019-05-13 00:07:04', NULL),
(2382, 174, 1, '5cd887d2a0652', 39, '5', 'NULL', NULL, 1, '2019-05-13 00:07:06', NULL),
(2383, 174, 1, '5cd887d2a0652', 40, '102', 'NULL', NULL, NULL, '2019-05-13 00:07:27', NULL),
(2384, 174, 1, '5cd887d2a0652', 41, '103', 'NULL', NULL, 1, '2019-05-13 00:07:34', NULL),
(2385, 174, 1, '5cd887d2a0652', 43, '5', 'NULL', NULL, 1, '2019-05-13 00:07:46', NULL),
(2386, 174, 1, '5cd887d2a0652', 44, '6', 'NULL', NULL, 1, '2019-05-13 00:07:58', NULL),
(2387, 174, 1, '5cd887d2a0652', 47, '6', 'NULL', NULL, 1, '2019-05-13 00:08:18', NULL),
(2388, 176, 2, '5cd88b2ec082a', 9, '27', 'NULL', NULL, NULL, '2019-05-13 00:08:34', NULL),
(2389, 176, 2, '5cd88b2ec082a', 11, '5', 'NULL', NULL, 1, '2019-05-13 00:08:51', NULL),
(2390, 174, 1, '5cd887d2a0652', 29, '78', 'NULL', NULL, NULL, '2019-05-13 00:09:02', NULL),
(2391, 174, 1, '5cd887d2a0652', 30, '80', 'NULL', NULL, NULL, '2019-05-13 00:09:11', NULL),
(2392, 176, 2, '5cd88b2ec082a', 12, '36', 'NULL', NULL, 1, '2019-05-13 00:09:13', NULL),
(2393, 174, 1, '5cd887d2a0652', 35, '94', 'NULL', NULL, 1, '2019-05-13 00:09:14', NULL),
(2394, 176, 2, '5cd88b2ec082a', 13, '5', 'NULL', NULL, 1, '2019-05-13 00:09:22', NULL),
(2395, 174, 1, '5cd887d2a0652', 36, '5', 'NULL', NULL, 1, '2019-05-13 00:09:23', NULL),
(2396, 177, 2, '5cd88b5f7084d', 9, '26', 'NULL', NULL, 1, '2019-05-13 00:09:35', NULL),
(2397, 176, 2, '5cd88b2ec082a', 14, '40', 'NULL', NULL, NULL, '2019-05-13 00:09:37', NULL),
(2398, 174, 1, '5cd887d2a0652', 38, '6', 'NULL', NULL, NULL, '2019-05-13 00:09:39', NULL),
(2399, 174, 1, '5cd887d2a0652', 40, '100', 'NULL', NULL, 1, '2019-05-13 00:09:44', NULL),
(2400, 176, 2, '5cd88b2ec082a', 19, '5', 'NULL', NULL, 1, '2019-05-13 00:09:48', NULL),
(2401, 174, 1, '5cd887d2a0652', 29, '79', 'NULL', NULL, NULL, '2019-05-13 00:09:58', NULL),
(2402, 177, 2, '5cd88b5f7084d', 11, '6', 'NULL', NULL, NULL, '2019-05-13 00:10:05', NULL),
(2403, 174, 1, '5cd887d2a0652', 30, '82', 'NULL', NULL, 1, '2019-05-13 00:10:06', NULL),
(2404, 176, 2, '5cd88b2ec082a', 21, '5', 'NULL', NULL, 1, '2019-05-13 00:10:07', NULL),
(2405, 174, 1, '5cd887d2a0652', 38, '96', 'NULL', NULL, NULL, '2019-05-13 00:10:22', NULL),
(2406, 174, 1, '5cd887d2a0652', 29, '78', 'NULL', NULL, NULL, '2019-05-13 00:10:26', NULL),
(2407, 178, 3, '5cd88ba51c663', 9, '27', 'NULL', NULL, NULL, '2019-05-13 00:10:27', NULL),
(2408, 176, 2, '5cd88b2ec082a', 22, '56', 'NULL', NULL, 1, '2019-05-13 00:10:28', NULL),
(2409, 174, 1, '5cd887d2a0652', 38, '97', 'NULL', NULL, NULL, '2019-05-13 00:10:30', NULL),
(2410, 179, 3, '5cd88b5bd913f', 9, '25', 'NULL', NULL, NULL, '2019-05-13 00:10:34', NULL),
(2411, 174, 1, '5cd887d2a0652', 29, '76', 'NULL', NULL, NULL, '2019-05-13 00:10:34', NULL),
(2412, 177, 2, '5cd88b5f7084d', 12, '35', 'NULL', NULL, NULL, '2019-05-13 00:10:40', NULL),
(2413, 174, 1, '5cd887d2a0652', 38, '97', 'NULL', NULL, NULL, '2019-05-13 00:10:41', NULL),
(2414, 176, 2, '5cd88b2ec082a', 25, '65', 'NULL', NULL, 1, '2019-05-13 00:10:43', NULL),
(2415, 174, 1, '5cd887d2a0652', 29, '77', 'NULL', NULL, NULL, '2019-05-13 00:10:47', NULL),
(2416, 177, 2, '5cd88b5f7084d', 13, '37', 'NULL', NULL, NULL, '2019-05-13 00:10:54', NULL),
(2417, 174, 1, '5cd887d2a0652', 38, '97, 96', 'NULL', NULL, 1, '2019-05-13 00:10:54', NULL),
(2418, 176, 2, '5cd88b2ec082a', 26, '69', 'NULL', NULL, 1, '2019-05-13 00:10:54', NULL),
(2419, 179, 3, '5cd88b5bd913f', 11, '6', 'NULL', NULL, NULL, '2019-05-13 00:10:56', NULL),
(2420, 174, 1, '5cd887d2a0652', 29, '78, 76', 'NULL', NULL, NULL, '2019-05-13 00:11:15', NULL),
(2421, 174, 1, '5cd887d2a0652', 29, '79, 78', 'NULL', NULL, 1, '2019-05-13 00:11:19', NULL),
(2422, 179, 3, '5cd88b5bd913f', 12, '36', 'NULL', NULL, 1, '2019-05-13 00:11:23', NULL),
(2423, 176, 2, '5cd88b2ec082a', 9, '28', 'NULL', NULL, NULL, '2019-05-13 00:11:27', NULL),
(2424, 176, 2, '5cd88b2ec082a', 14, '40', 'NULL', NULL, NULL, '2019-05-13 00:11:40', NULL),
(2425, 177, 2, '5cd88b5f7084d', 14, '39', 'NULL', NULL, 1, '2019-05-13 00:11:42', NULL),
(2426, 174, 1, '5cd887d2a0652', 48, '111', 'NULL', NULL, NULL, '2019-05-13 00:11:46', NULL),
(2427, 176, 2, '5cd88b2ec082a', 9, '28', 'NULL', NULL, NULL, '2019-05-13 00:11:46', NULL),
(2428, 177, 2, '5cd88b5f7084d', 19, '5', 'NULL', NULL, 1, '2019-05-13 00:11:58', NULL),
(2429, 176, 2, '5cd88b2ec082a', 14, '38', 'NULL', NULL, NULL, '2019-05-13 00:12:00', NULL),
(2430, 174, 1, '5cd887d2a0652', 49, '117', 'NULL', NULL, 1, '2019-05-13 00:12:07', NULL),
(2431, 179, 3, '5cd88b5bd913f', 13, '5', 'NULL', NULL, 1, '2019-05-13 00:12:07', NULL),
(2432, 176, 2, '5cd88b2ec082a', 9, '26', 'NULL', NULL, 1, '2019-05-13 00:12:08', NULL),
(2433, 174, 1, '5cd887d2a0652', 50, '121', 'NULL', NULL, 1, '2019-05-13 00:12:16', NULL),
(2434, 176, 2, '5cd88b2ec082a', 14, '39', 'NULL', NULL, 1, '2019-05-13 00:12:35', NULL),
(2435, 174, 1, '5cd887d2a0652', 51, '124, 126', 'NULL', NULL, NULL, '2019-05-13 00:12:38', NULL),
(2436, 174, 1, '5cd887d2a0652', 52, '129', 'NULL', NULL, NULL, '2019-05-13 00:12:44', NULL),
(2437, 174, 1, '5cd887d2a0652', 53, '133', 'NULL', NULL, NULL, '2019-05-13 00:12:51', NULL),
(2438, 176, 2, '5cd88b2ec082a', 28, '74', 'NULL', NULL, 1, '2019-05-13 00:12:55', NULL),
(2439, 177, 2, '5cd88b5f7084d', 21, '5', 'NULL', NULL, 1, '2019-05-13 00:12:57', NULL),
(2440, 174, 1, '5cd887d2a0652', 54, '135', 'NULL', NULL, 1, '2019-05-13 00:13:01', NULL),
(2441, 176, 2, '5cd88b2ec082a', 32, '88', 'NULL', NULL, NULL, '2019-05-13 00:13:07', NULL),
(2442, 179, 3, '5cd88b5bd913f', 14, '38', 'NULL', NULL, NULL, '2019-05-13 00:13:18', NULL),
(2443, 176, 2, '5cd88b2ec082a', 33, '6', 'NULL', NULL, 1, '2019-05-13 00:13:18', NULL);
INSERT INTO `usr_answer` (`ID`, `ID_USER`, `ID_ACTION`, `PLAY_KEY`, `ID_QUESTION`, `ANSWER`, `INFO`, `SCALE_VALUE`, `IS_TRUE`, `DT_INSERTED`, `DT_MODIFIED`) VALUES
(2444, 179, 3, '5cd88b5bd913f', 19, '5', 'NULL', NULL, 1, '2019-05-13 00:13:32', NULL),
(2445, 176, 2, '5cd88b2ec082a', 35, '5', 'NULL', NULL, NULL, '2019-05-13 00:13:36', NULL),
(2446, 174, 1, '5cd887d2a0652', 55, '141, 145', 'NULL', NULL, NULL, '2019-05-13 00:13:40', NULL),
(2447, 176, 2, '5cd88b2ec082a', 36, '6', 'NULL', NULL, NULL, '2019-05-13 00:13:48', NULL),
(2448, 177, 2, '5cd88b5f7084d', 22, '55', 'NULL', NULL, NULL, '2019-05-13 00:14:05', NULL),
(2449, 176, 2, '5cd88b2ec082a', 37, '5', 'NULL', NULL, 1, '2019-05-13 00:14:06', NULL),
(2450, 179, 3, '5cd88b5bd913f', 21, '5', 'NULL', NULL, 1, '2019-05-13 00:14:08', NULL),
(2451, 177, 2, '5cd88b5f7084d', 25, '65', 'NULL', NULL, 1, '2019-05-13 00:14:19', NULL),
(2452, 177, 2, '5cd88b5f7084d', 26, '67', 'NULL', NULL, NULL, '2019-05-13 00:14:30', NULL),
(2453, 176, 2, '5cd88b2ec082a', 38, '96', 'NULL', NULL, NULL, '2019-05-13 00:14:33', NULL),
(2454, 179, 3, '5cd88b5bd913f', 22, '56', 'NULL', NULL, 1, '2019-05-13 00:14:40', NULL),
(2455, 177, 2, '5cd88b5f7084d', 11, '32', 'NULL', NULL, NULL, '2019-05-13 00:14:42', NULL),
(2456, 176, 2, '5cd88b2ec082a', 39, '98', 'NULL', NULL, NULL, '2019-05-13 00:14:51', NULL),
(2457, 177, 2, '5cd88b5f7084d', 12, '36', 'NULL', NULL, 1, '2019-05-13 00:14:53', NULL),
(2458, 176, 2, '5cd88b2ec082a', 41, '103', 'NULL', NULL, 1, '2019-05-13 00:15:05', NULL),
(2459, 177, 2, '5cd88b5f7084d', 13, '5', 'NULL', NULL, 1, '2019-05-13 00:15:09', NULL),
(2460, 176, 2, '5cd88b2ec082a', 42, '106', 'NULL', NULL, NULL, '2019-05-13 00:15:24', NULL),
(2461, 177, 2, '5cd88b5f7084d', 22, '54', 'NULL', NULL, NULL, '2019-05-13 00:15:26', NULL),
(2462, 177, 2, '5cd88b5f7084d', 26, '69', 'NULL', NULL, 1, '2019-05-13 00:15:41', NULL),
(2463, 176, 2, '5cd88b2ec082a', 32, '89', 'NULL', NULL, 1, '2019-05-13 00:15:46', NULL),
(2464, 177, 2, '5cd88b5f7084d', 11, '6', 'NULL', NULL, NULL, '2019-05-13 00:15:50', NULL),
(2465, 177, 2, '5cd88b5f7084d', 22, '56', 'NULL', NULL, 1, '2019-05-13 00:15:54', NULL),
(2466, 176, 2, '5cd88b2ec082a', 35, '94', 'NULL', NULL, 1, '2019-05-13 00:15:56', NULL),
(2467, 176, 2, '5cd88b2ec082a', 36, '5', 'NULL', NULL, 1, '2019-05-13 00:16:06', NULL),
(2468, 177, 2, '5cd88b5f7084d', 11, '5', 'NULL', NULL, 1, '2019-05-13 00:16:10', NULL),
(2469, 176, 2, '5cd88b2ec082a', 38, '97, 96', 'NULL', NULL, 1, '2019-05-13 00:16:25', NULL),
(2470, 177, 2, '5cd88b5f7084d', 28, '74', 'NULL', NULL, 1, '2019-05-13 00:16:32', NULL),
(2471, 176, 2, '5cd88b2ec082a', 39, '5', 'NULL', NULL, 1, '2019-05-13 00:16:34', NULL),
(2472, 177, 2, '5cd88b5f7084d', 32, '88', 'NULL', NULL, NULL, '2019-05-13 00:16:56', NULL),
(2473, 176, 2, '5cd88b2ec082a', 42, '105', 'NULL', NULL, 1, '2019-05-13 00:16:56', NULL),
(2474, 177, 2, '5cd88b5f7084d', 33, '5', 'NULL', NULL, NULL, '2019-05-13 00:17:03', NULL),
(2475, 176, 2, '5cd88b2ec082a', 51, '127, 126', 'NULL', NULL, NULL, '2019-05-13 00:17:39', NULL),
(2476, 180, 3, '5cd88d779a25b', 9, '28', 'NULL', NULL, NULL, '2019-05-13 00:18:27', NULL),
(2477, 176, 2, '5cd88b2ec082a', 52, '128, 129', 'NULL', NULL, 1, '2019-05-13 00:18:33', NULL),
(2478, 180, 3, '5cd88d779a25b', 11, '6', 'NULL', NULL, NULL, '2019-05-13 00:18:42', NULL),
(2479, 180, 3, '5cd88d779a25b', 12, '35', 'NULL', NULL, NULL, '2019-05-13 00:19:00', NULL),
(2480, 180, 3, '5cd88d779a25b', 13, '5', 'NULL', NULL, 1, '2019-05-13 00:19:08', NULL),
(2481, 176, 2, '5cd88b2ec082a', 54, '138', 'NULL', NULL, NULL, '2019-05-13 00:19:30', NULL),
(2482, 180, 3, '5cd88d779a25b', 14, '40', 'NULL', NULL, NULL, '2019-05-13 00:19:30', NULL),
(2483, 180, 3, '5cd88d779a25b', 19, '5', 'NULL', NULL, 1, '2019-05-13 00:19:37', NULL),
(2484, 180, 3, '5cd88d779a25b', 21, '52', 'NULL', NULL, NULL, '2019-05-13 00:19:58', NULL),
(2485, 181, 3, '5cd88de95d26e', 9, '25', 'NULL', NULL, NULL, '2019-05-13 00:20:03', NULL),
(2486, 180, 3, '5cd88d779a25b', 22, '56', 'NULL', NULL, 1, '2019-05-13 00:20:04', NULL),
(2487, 181, 3, '5cd88de95d26e', 11, '5', 'NULL', NULL, 1, '2019-05-13 00:20:14', NULL),
(2488, 176, 2, '5cd88b2ec082a', 56, '147, 143', 'NULL', NULL, NULL, '2019-05-13 00:20:23', NULL),
(2489, 181, 3, '5cd88de95d26e', 12, '33', 'NULL', NULL, NULL, '2019-05-13 00:20:32', NULL),
(2490, 180, 3, '5cd88d779a25b', 25, '64', 'NULL', NULL, NULL, '2019-05-13 00:20:33', NULL),
(2491, 181, 3, '5cd88de95d26e', 13, '5', 'NULL', NULL, 1, '2019-05-13 00:20:38', NULL),
(2492, 180, 3, '5cd88d779a25b', 26, '69', 'NULL', NULL, 1, '2019-05-13 00:20:44', NULL),
(2493, 181, 3, '5cd88de95d26e', 14, '39', 'NULL', NULL, 1, '2019-05-13 00:20:59', NULL),
(2494, 176, 2, '5cd88b2ec082a', 57, '154', 'NULL', NULL, NULL, '2019-05-13 00:21:04', NULL),
(2495, 181, 3, '5cd88de95d26e', 19, '5', 'NULL', NULL, 1, '2019-05-13 00:21:06', NULL),
(2496, 176, 2, '5cd88b2ec082a', 59, '166', 'NULL', NULL, 1, '2019-05-13 00:21:41', NULL),
(2497, 176, 2, '5cd88b2ec082a', 61, '173', 'NULL', NULL, NULL, '2019-05-13 00:22:24', NULL),
(2498, 176, 2, '5cd88b2ec082a', 62, '177', 'NULL', NULL, NULL, '2019-05-13 00:22:40', NULL),
(2499, 176, 2, '5cd88b2ec082a', 63, '180, 183', 'NULL', NULL, 1, '2019-05-13 00:23:11', NULL),
(2500, 176, 2, '5cd88b2ec082a', 64, '184', 'NULL', NULL, NULL, '2019-05-13 00:23:28', NULL),
(2501, 176, 2, '5cd88b2ec082a', 51, '124, 125', 'NULL', NULL, NULL, '2019-05-13 00:23:50', NULL),
(2502, 182, 3, '5cd88ec87d7a1', 9, '26', 'NULL', NULL, 1, '2019-05-13 00:24:01', NULL),
(2503, 176, 2, '5cd88b2ec082a', 54, '135', 'NULL', NULL, 1, '2019-05-13 00:24:09', NULL),
(2504, 182, 3, '5cd88ec87d7a1', 11, '5', 'NULL', NULL, 1, '2019-05-13 00:24:40', NULL),
(2505, 176, 2, '5cd88b2ec082a', 56, '142, 143, 147', 'NULL', NULL, NULL, '2019-05-13 00:24:41', NULL),
(2506, 176, 2, '5cd88b2ec082a', 57, '156', 'NULL', NULL, 1, '2019-05-13 00:24:59', NULL),
(2507, 182, 3, '5cd88ec87d7a1', 12, '34', 'NULL', NULL, NULL, '2019-05-13 00:25:08', NULL),
(2508, 182, 3, '5cd88ec87d7a1', 13, '5', 'NULL', NULL, 1, '2019-05-13 00:25:19', NULL),
(2509, 176, 2, '5cd88b2ec082a', 61, '6', 'NULL', NULL, NULL, '2019-05-13 00:25:25', NULL),
(2510, 176, 2, '5cd88b2ec082a', 62, '176', 'NULL', NULL, NULL, '2019-05-13 00:25:35', NULL),
(2511, 176, 2, '5cd88b2ec082a', 64, '5', 'NULL', NULL, NULL, '2019-05-13 00:25:49', NULL),
(2512, 182, 3, '5cd88ec87d7a1', 14, '40', 'NULL', NULL, NULL, '2019-05-13 00:25:52', NULL),
(2513, 182, 3, '5cd88ec87d7a1', 19, '5', 'NULL', NULL, 1, '2019-05-13 00:26:01', NULL),
(2514, 176, 2, '5cd88b2ec082a', 51, '126, 127', 'NULL', NULL, NULL, '2019-05-13 00:26:10', NULL),
(2515, 182, 3, '5cd88ec87d7a1', 21, '53', 'NULL', NULL, NULL, '2019-05-13 00:26:41', NULL),
(2516, 176, 2, '5cd88b2ec082a', 56, '147, 142, 143', 'NULL', NULL, NULL, '2019-05-13 00:26:41', NULL),
(2517, 182, 3, '5cd88ec87d7a1', 22, '56', 'NULL', NULL, 1, '2019-05-13 00:26:53', NULL),
(2518, 176, 2, '5cd88b2ec082a', 61, '174', 'NULL', NULL, NULL, '2019-05-13 00:26:55', NULL),
(2519, 183, 2, '5cd88f7e01e2d', 9, '26', 'NULL', NULL, 1, '2019-05-13 00:27:02', NULL),
(2520, 176, 2, '5cd88b2ec082a', 62, '179', 'NULL', NULL, NULL, '2019-05-13 00:27:05', NULL),
(2521, 176, 2, '5cd88b2ec082a', 64, '6', 'NULL', NULL, 1, '2019-05-13 00:27:10', NULL),
(2522, 176, 2, '5cd88b2ec082a', 51, '126, 127', 'NULL', NULL, NULL, '2019-05-13 00:27:27', NULL),
(2523, 182, 3, '5cd88ec87d7a1', 25, '65', 'NULL', NULL, 1, '2019-05-13 00:27:27', NULL),
(2524, 183, 2, '5cd88f7e01e2d', 11, '5', 'NULL', NULL, 1, '2019-05-13 00:27:42', NULL),
(2525, 182, 3, '5cd88ec87d7a1', 26, '67', 'NULL', NULL, NULL, '2019-05-13 00:27:45', NULL),
(2526, 176, 2, '5cd88b2ec082a', 56, '152, 140, 142, 143, 147', 'NULL', NULL, NULL, '2019-05-13 00:27:50', NULL),
(2527, 182, 3, '5cd88ec87d7a1', 12, '36', 'NULL', NULL, 1, '2019-05-13 00:28:00', NULL),
(2528, 176, 2, '5cd88b2ec082a', 61, '175', 'NULL', NULL, 1, '2019-05-13 00:28:00', NULL),
(2529, 176, 2, '5cd88b2ec082a', 62, '178', 'NULL', NULL, 1, '2019-05-13 00:28:19', NULL),
(2530, 183, 2, '5cd88f7e01e2d', 12, '36', 'NULL', NULL, 1, '2019-05-13 00:28:22', NULL),
(2531, 182, 3, '5cd88ec87d7a1', 14, '38', 'NULL', NULL, NULL, '2019-05-13 00:28:28', NULL),
(2532, 182, 3, '5cd88ec87d7a1', 14, '40', 'NULL', NULL, NULL, '2019-05-13 00:28:33', NULL),
(2533, 182, 3, '5cd88ec87d7a1', 14, '39', 'NULL', NULL, 1, '2019-05-13 00:28:40', NULL),
(2534, 176, 2, '5cd88b2ec082a', 51, '126, 125', 'NULL', NULL, NULL, '2019-05-13 00:28:52', NULL),
(2535, 182, 3, '5cd88ec87d7a1', 21, '52', 'NULL', NULL, NULL, '2019-05-13 00:28:55', NULL),
(2536, 183, 2, '5cd88f7e01e2d', 13, '5', 'NULL', NULL, 1, '2019-05-13 00:28:59', NULL),
(2537, 182, 3, '5cd88ec87d7a1', 21, '5', 'NULL', NULL, 1, '2019-05-13 00:28:59', NULL),
(2538, 176, 2, '5cd88b2ec082a', 56, '147, 143', 'NULL', NULL, NULL, '2019-05-13 00:29:04', NULL),
(2539, 176, 2, '5cd88b2ec082a', 51, '124, 126', 'NULL', NULL, NULL, '2019-05-13 00:29:15', NULL),
(2540, 183, 2, '5cd88f7e01e2d', 14, '40', 'NULL', NULL, NULL, '2019-05-13 00:29:33', NULL),
(2541, 176, 2, '5cd88b2ec082a', 56, '142, 147, 143', 'NULL', NULL, NULL, '2019-05-13 00:29:34', NULL),
(2542, 182, 3, '5cd88ec87d7a1', 26, '69', 'NULL', NULL, 1, '2019-05-13 00:29:41', NULL),
(2543, 176, 2, '5cd88b2ec082a', 51, '126, 127', 'NULL', NULL, NULL, '2019-05-13 00:29:48', NULL),
(2544, 183, 2, '5cd88f7e01e2d', 19, '5', 'NULL', NULL, 1, '2019-05-13 00:30:00', NULL),
(2545, 184, 1, '5cd890496f060', 8, '23', 'NULL', NULL, NULL, '2019-05-13 00:30:01', NULL),
(2546, 182, 3, '5cd88ec87d7a1', 28, '74', 'NULL', NULL, 1, '2019-05-13 00:30:03', NULL),
(2547, 176, 2, '5cd88b2ec082a', 56, '144, 143, 147, 142', 'NULL', NULL, NULL, '2019-05-13 00:30:07', NULL),
(2548, 176, 2, '5cd88b2ec082a', 51, '124, 125, 126', 'NULL', NULL, 1, '2019-05-13 00:30:21', NULL),
(2549, 182, 3, '5cd88ec87d7a1', 32, '88', 'NULL', NULL, NULL, '2019-05-13 00:30:31', NULL),
(2550, 183, 2, '5cd88f7e01e2d', 21, '5', 'NULL', NULL, 1, '2019-05-13 00:30:34', NULL),
(2551, 182, 3, '5cd88ec87d7a1', 33, '5', 'NULL', NULL, NULL, '2019-05-13 00:30:41', NULL),
(2552, 182, 3, '5cd88ec87d7a1', 35, '5', 'NULL', NULL, NULL, '2019-05-13 00:30:52', NULL),
(2553, 185, 3, '5cd8907294157', 9, '26', 'NULL', NULL, 1, '2019-05-13 00:30:57', NULL),
(2554, 176, 2, '5cd88b2ec082a', 56, '147, 143, 140', 'NULL', NULL, NULL, '2019-05-13 00:30:58', NULL),
(2555, 182, 3, '5cd88ec87d7a1', 36, '5', 'NULL', NULL, 1, '2019-05-13 00:31:05', NULL),
(2556, 176, 2, '5cd88b2ec082a', 56, '152, 140', 'NULL', NULL, NULL, '2019-05-13 00:31:08', NULL),
(2557, 185, 3, '5cd8907294157', 11, '6', 'NULL', NULL, NULL, '2019-05-13 00:31:21', NULL),
(2558, 186, 3, '5cd890826ac9a', 9, '27', 'NULL', NULL, NULL, '2019-05-13 00:31:22', NULL),
(2559, 176, 2, '5cd88b2ec082a', 56, '152, 143, 140, 147, 142, 145', 'NULL', NULL, NULL, '2019-05-13 00:31:22', NULL),
(2560, 176, 2, '5cd88b2ec082a', 56, '145, 152, 140, 143, 147, 144, 142', 'NULL', NULL, NULL, '2019-05-13 00:31:33', NULL),
(2561, 183, 2, '5cd88f7e01e2d', 22, '55', 'NULL', NULL, NULL, '2019-05-13 00:31:35', NULL),
(2562, 186, 3, '5cd890826ac9a', 11, '5', 'NULL', NULL, 1, '2019-05-13 00:31:37', NULL),
(2563, 185, 3, '5cd8907294157', 12, '36', 'NULL', NULL, 1, '2019-05-13 00:31:39', NULL),
(2564, 176, 2, '5cd88b2ec082a', 56, '142, 143', 'NULL', NULL, NULL, '2019-05-13 00:31:46', NULL),
(2565, 182, 3, '5cd88ec87d7a1', 37, '5', 'NULL', NULL, 1, '2019-05-13 00:31:47', NULL),
(2566, 186, 3, '5cd890826ac9a', 12, '33', 'NULL', NULL, NULL, '2019-05-13 00:31:47', NULL),
(2567, 183, 2, '5cd88f7e01e2d', 25, '64', 'NULL', NULL, NULL, '2019-05-13 00:31:52', NULL),
(2568, 176, 2, '5cd88b2ec082a', 56, '142, 143, 144', 'NULL', NULL, NULL, '2019-05-13 00:31:56', NULL),
(2569, 185, 3, '5cd8907294157', 13, '5', 'NULL', NULL, 1, '2019-05-13 00:31:57', NULL),
(2570, 186, 3, '5cd890826ac9a', 13, '5', 'NULL', NULL, 1, '2019-05-13 00:31:57', NULL),
(2571, 183, 2, '5cd88f7e01e2d', 26, '67', 'NULL', NULL, NULL, '2019-05-13 00:32:05', NULL),
(2572, 176, 2, '5cd88b2ec082a', 56, '145, 144, 142, 147, 143', 'NULL', NULL, NULL, '2019-05-13 00:32:10', NULL),
(2573, 185, 3, '5cd8907294157', 14, '40', 'NULL', NULL, NULL, '2019-05-13 00:32:19', NULL),
(2574, 182, 3, '5cd88ec87d7a1', 38, '96, 97', 'NULL', NULL, 1, '2019-05-13 00:32:21', NULL),
(2575, 186, 3, '5cd890826ac9a', 14, '40', 'NULL', NULL, NULL, '2019-05-13 00:32:22', NULL),
(2576, 183, 2, '5cd88f7e01e2d', 14, '39', 'NULL', NULL, 1, '2019-05-13 00:32:24', NULL),
(2577, 185, 3, '5cd8907294157', 19, '5', 'NULL', NULL, 1, '2019-05-13 00:32:26', NULL),
(2578, 186, 3, '5cd890826ac9a', 19, '5', 'NULL', NULL, 1, '2019-05-13 00:32:34', NULL),
(2579, 183, 2, '5cd88f7e01e2d', 22, '54', 'NULL', NULL, NULL, '2019-05-13 00:32:43', NULL),
(2580, 182, 3, '5cd88ec87d7a1', 39, '98', 'NULL', NULL, NULL, '2019-05-13 00:32:44', NULL),
(2581, 185, 3, '5cd8907294157', 21, '52', 'NULL', NULL, NULL, '2019-05-13 00:32:47', NULL),
(2582, 186, 3, '5cd890826ac9a', 21, '52', 'NULL', NULL, NULL, '2019-05-13 00:32:49', NULL),
(2583, 183, 2, '5cd88f7e01e2d', 25, '65', 'NULL', NULL, 1, '2019-05-13 00:32:53', NULL),
(2584, 186, 3, '5cd890826ac9a', 22, '55', 'NULL', NULL, NULL, '2019-05-13 00:32:56', NULL),
(2585, 185, 3, '5cd8907294157', 22, '55', 'NULL', NULL, NULL, '2019-05-13 00:33:00', NULL),
(2586, 182, 3, '5cd88ec87d7a1', 41, '103', 'NULL', NULL, 1, '2019-05-13 00:33:01', NULL),
(2587, 186, 3, '5cd890826ac9a', 25, '65', 'NULL', NULL, 1, '2019-05-13 00:33:06', NULL),
(2588, 183, 2, '5cd88f7e01e2d', 26, '69', 'NULL', NULL, 1, '2019-05-13 00:33:07', NULL),
(2589, 185, 3, '5cd8907294157', 25, '65', 'NULL', NULL, 1, '2019-05-13 00:33:10', NULL),
(2590, 186, 3, '5cd890826ac9a', 26, '67', 'NULL', NULL, NULL, '2019-05-13 00:33:19', NULL),
(2591, 183, 2, '5cd88f7e01e2d', 22, '56', 'NULL', NULL, 1, '2019-05-13 00:33:23', NULL),
(2592, 185, 3, '5cd8907294157', 26, '69', 'NULL', NULL, 1, '2019-05-13 00:33:23', NULL),
(2593, 182, 3, '5cd88ec87d7a1', 42, '106', 'NULL', NULL, NULL, '2019-05-13 00:33:29', NULL),
(2594, 185, 3, '5cd8907294157', 11, '5', 'NULL', NULL, 1, '2019-05-13 00:33:38', NULL),
(2595, 185, 3, '5cd8907294157', 14, '38', 'NULL', NULL, NULL, '2019-05-13 00:33:49', NULL),
(2596, 182, 3, '5cd88ec87d7a1', 32, '89', 'NULL', NULL, 1, '2019-05-13 00:33:52', NULL),
(2597, 185, 3, '5cd8907294157', 14, '39', 'NULL', NULL, 1, '2019-05-13 00:33:57', NULL),
(2598, 185, 3, '5cd8907294157', 21, '5', 'NULL', NULL, 1, '2019-05-13 00:34:07', NULL),
(2599, 182, 3, '5cd88ec87d7a1', 33, '6', 'NULL', NULL, 1, '2019-05-13 00:34:14', NULL),
(2600, 185, 3, '5cd8907294157', 22, '55', 'NULL', NULL, NULL, '2019-05-13 00:34:20', NULL),
(2601, 185, 3, '5cd8907294157', 22, '54', 'NULL', NULL, NULL, '2019-05-13 00:34:24', NULL),
(2602, 185, 3, '5cd8907294157', 22, '56', 'NULL', NULL, 1, '2019-05-13 00:34:27', NULL),
(2603, 185, 3, '5cd8907294157', 28, '74', 'NULL', NULL, 1, '2019-05-13 00:34:47', NULL),
(2604, 182, 3, '5cd88ec87d7a1', 35, '6', 'NULL', NULL, NULL, '2019-05-13 00:34:58', NULL),
(2605, 182, 3, '5cd88ec87d7a1', 35, '94', 'NULL', NULL, 1, '2019-05-13 00:35:02', NULL),
(2606, 183, 2, '5cd88f7e01e2d', 28, '74', 'NULL', NULL, 1, '2019-05-13 00:35:04', NULL),
(2607, 185, 3, '5cd8907294157', 32, '88', 'NULL', NULL, NULL, '2019-05-13 00:35:05', NULL),
(2608, 185, 3, '5cd8907294157', 33, '6', 'NULL', NULL, 1, '2019-05-13 00:35:17', NULL),
(2609, 182, 3, '5cd88ec87d7a1', 39, '5', 'NULL', NULL, 1, '2019-05-13 00:35:21', NULL),
(2610, 185, 3, '5cd8907294157', 35, '94', 'NULL', NULL, 1, '2019-05-13 00:35:27', NULL),
(2611, 183, 2, '5cd88f7e01e2d', 32, '88', 'NULL', NULL, NULL, '2019-05-13 00:35:29', NULL),
(2612, 185, 3, '5cd8907294157', 36, '95', 'NULL', NULL, NULL, '2019-05-13 00:35:36', NULL),
(2613, 185, 3, '5cd8907294157', 37, '6', 'NULL', NULL, NULL, '2019-05-13 00:35:47', NULL),
(2614, 182, 3, '5cd88ec87d7a1', 42, '105', 'NULL', NULL, 1, '2019-05-13 00:35:52', NULL),
(2615, 183, 2, '5cd88f7e01e2d', 33, '6', 'NULL', NULL, 1, '2019-05-13 00:35:54', NULL),
(2616, 185, 3, '5cd8907294157', 38, '96', 'NULL', NULL, NULL, '2019-05-13 00:35:58', NULL),
(2617, 185, 3, '5cd8907294157', 39, '98', 'NULL', NULL, NULL, '2019-05-13 00:36:07', NULL),
(2618, 182, 3, '5cd88ec87d7a1', 51, '126, 125', 'NULL', NULL, NULL, '2019-05-13 00:36:38', NULL),
(2619, 183, 2, '5cd88f7e01e2d', 35, '94', 'NULL', NULL, 1, '2019-05-13 00:36:42', NULL),
(2620, 183, 2, '5cd88f7e01e2d', 36, '95', 'NULL', NULL, NULL, '2019-05-13 00:37:15', NULL),
(2621, 187, 3, '5cd893010bc94', 9, '27', 'NULL', NULL, NULL, '2019-05-13 00:41:52', NULL),
(2622, 183, 2, '5cd88f7e01e2d', 37, '5', 'NULL', NULL, 1, '2019-05-13 00:41:53', NULL),
(2623, 187, 3, '5cd893010bc94', 11, '5', 'NULL', NULL, 1, '2019-05-13 00:42:02', NULL),
(2624, 187, 3, '5cd893010bc94', 12, '34', 'NULL', NULL, NULL, '2019-05-13 00:42:17', NULL),
(2625, 187, 3, '5cd893010bc94', 13, '5', 'NULL', NULL, 1, '2019-05-13 00:42:34', NULL),
(2626, 187, 3, '5cd893010bc94', 14, '38', 'NULL', NULL, NULL, '2019-05-13 00:42:55', NULL),
(2627, 187, 3, '5cd893010bc94', 19, '5', 'NULL', NULL, 1, '2019-05-13 00:43:04', NULL),
(2628, 187, 3, '5cd893010bc94', 21, '5', 'NULL', NULL, 1, '2019-05-13 00:43:21', NULL),
(2629, 187, 3, '5cd893010bc94', 22, '54', 'NULL', NULL, NULL, '2019-05-13 00:43:32', NULL),
(2630, 187, 3, '5cd893010bc94', 25, '66', 'NULL', NULL, NULL, '2019-05-13 00:43:43', NULL),
(2631, 187, 3, '5cd893010bc94', 26, '67', 'NULL', NULL, NULL, '2019-05-13 00:43:50', NULL),
(2632, 187, 3, '5cd893010bc94', 9, '28', 'NULL', NULL, NULL, '2019-05-13 00:43:59', NULL),
(2633, 187, 3, '5cd893010bc94', 9, '27', 'NULL', NULL, NULL, '2019-05-13 00:44:07', NULL),
(2634, 187, 3, '5cd893010bc94', 9, '29', 'NULL', NULL, NULL, '2019-05-13 00:44:18', NULL),
(2635, 160, 4, '5cd81f6424651', 9, '26', 'NULL', NULL, 1, '2019-05-13 00:44:29', NULL),
(2636, 187, 3, '5cd893010bc94', 9, '25', 'NULL', NULL, NULL, '2019-05-13 00:44:31', NULL),
(2637, 187, 3, '5cd893010bc94', 9, '28', 'NULL', NULL, NULL, '2019-05-13 00:44:37', NULL),
(2638, 187, 3, '5cd893010bc94', 9, '25', 'NULL', NULL, NULL, '2019-05-13 00:44:41', NULL),
(2639, 187, 3, '5cd893010bc94', 9, '27', 'NULL', NULL, NULL, '2019-05-13 00:44:44', NULL),
(2640, 187, 3, '5cd893010bc94', 9, '26', 'NULL', NULL, 1, '2019-05-13 00:44:49', NULL),
(2641, 187, 3, '5cd893010bc94', 12, '36', 'NULL', NULL, 1, '2019-05-13 00:45:13', NULL),
(2642, 187, 3, '5cd893010bc94', 14, '40', 'NULL', NULL, NULL, '2019-05-13 00:45:29', NULL),
(2643, 187, 3, '5cd893010bc94', 14, '39', 'NULL', NULL, 1, '2019-05-13 00:45:34', NULL),
(2644, 187, 3, '5cd893010bc94', 22, '56', 'NULL', NULL, 1, '2019-05-13 00:45:48', NULL),
(2645, 160, 4, '5cd81f6424651', 12, '36', 'NULL', NULL, 1, '2019-05-13 00:45:48', NULL),
(2646, 187, 3, '5cd893010bc94', 25, '63', 'NULL', NULL, NULL, '2019-05-13 00:46:10', NULL),
(2647, 160, 4, '5cd81f6424651', 14, '39', 'NULL', NULL, 1, '2019-05-13 00:46:13', NULL),
(2648, 187, 3, '5cd893010bc94', 25, '66', 'NULL', NULL, NULL, '2019-05-13 00:46:14', NULL),
(2649, 160, 4, '5cd81f6424651', 21, '5', 'NULL', NULL, 1, '2019-05-13 00:46:18', NULL),
(2650, 187, 3, '5cd893010bc94', 25, '65', 'NULL', NULL, 1, '2019-05-13 00:46:19', NULL),
(2651, 160, 4, '5cd81f6424651', 22, '54', 'NULL', NULL, NULL, '2019-05-13 00:46:22', NULL),
(2652, 187, 3, '5cd893010bc94', 26, '68', 'NULL', NULL, NULL, '2019-05-13 00:46:27', NULL),
(2653, 160, 4, '5cd81f6424651', 22, '56', 'NULL', NULL, 1, '2019-05-13 00:46:28', NULL),
(2654, 187, 3, '5cd893010bc94', 26, '69', 'NULL', NULL, 1, '2019-05-13 00:46:33', NULL),
(2655, 187, 3, '5cd893010bc94', 28, '74', 'NULL', NULL, 1, '2019-05-13 00:46:45', NULL),
(2656, 187, 3, '5cd893010bc94', 32, '88', 'NULL', NULL, NULL, '2019-05-13 00:47:03', NULL),
(2657, 187, 3, '5cd893010bc94', 33, '5', 'NULL', NULL, NULL, '2019-05-13 00:47:10', NULL),
(2658, 187, 3, '5cd893010bc94', 35, '5', 'NULL', NULL, NULL, '2019-05-13 00:47:22', NULL),
(2659, 187, 3, '5cd893010bc94', 36, '6', 'NULL', NULL, NULL, '2019-05-13 00:47:30', NULL),
(2660, 187, 3, '5cd893010bc94', 37, '5', 'NULL', NULL, 1, '2019-05-13 00:47:37', NULL),
(2661, 187, 3, '5cd893010bc94', 38, '97', 'NULL', NULL, NULL, '2019-05-13 00:47:55', NULL),
(2662, 187, 3, '5cd893010bc94', 39, '98', 'NULL', NULL, NULL, '2019-05-13 00:48:05', NULL),
(2663, 187, 3, '5cd893010bc94', 41, '5', 'NULL', NULL, NULL, '2019-05-13 00:48:15', NULL),
(2664, 187, 3, '5cd893010bc94', 42, '106', 'NULL', NULL, NULL, '2019-05-13 00:48:23', NULL),
(2665, 187, 3, '5cd893010bc94', 32, '89', 'NULL', NULL, 1, '2019-05-13 00:48:32', NULL),
(2666, 187, 3, '5cd893010bc94', 33, '6', 'NULL', NULL, 1, '2019-05-13 00:48:50', NULL),
(2667, 187, 3, '5cd893010bc94', 35, '94', 'NULL', NULL, 1, '2019-05-13 00:49:25', NULL),
(2668, 187, 3, '5cd893010bc94', 36, '95', 'NULL', NULL, NULL, '2019-05-13 00:49:45', NULL),
(2669, 187, 3, '5cd893010bc94', 36, '5', 'NULL', NULL, 1, '2019-05-13 00:49:49', NULL),
(2670, 187, 3, '5cd893010bc94', 38, '97', 'NULL', NULL, NULL, '2019-05-13 00:50:05', NULL),
(2671, 187, 3, '5cd893010bc94', 38, '96', 'NULL', NULL, NULL, '2019-05-13 00:50:10', NULL),
(2672, 187, 3, '5cd893010bc94', 38, '6', 'NULL', NULL, NULL, '2019-05-13 00:50:15', NULL),
(2673, 187, 3, '5cd893010bc94', 38, '97', 'NULL', NULL, NULL, '2019-05-13 00:50:21', NULL),
(2674, 187, 3, '5cd893010bc94', 38, '96', 'NULL', NULL, NULL, '2019-05-13 00:50:25', NULL),
(2675, 187, 3, '5cd893010bc94', 38, '96', 'NULL', NULL, NULL, '2019-05-13 00:50:28', NULL),
(2676, 187, 3, '5cd893010bc94', 38, '6', 'NULL', NULL, NULL, '2019-05-13 00:50:32', NULL),
(2677, 187, 3, '5cd893010bc94', 38, '96', 'NULL', NULL, NULL, '2019-05-13 00:50:39', NULL),
(2678, 187, 3, '5cd893010bc94', 38, '96', 'NULL', NULL, NULL, '2019-05-13 00:50:43', NULL),
(2679, 187, 3, '5cd893010bc94', 38, '97', 'NULL', NULL, NULL, '2019-05-13 00:50:47', NULL),
(2680, 187, 3, '5cd893010bc94', 38, '6', 'NULL', NULL, NULL, '2019-05-13 00:50:52', NULL),
(2681, 187, 3, '5cd893010bc94', 38, '96, 97', 'NULL', NULL, 1, '2019-05-13 00:51:01', NULL),
(2682, 187, 3, '5cd893010bc94', 39, '98', 'NULL', NULL, NULL, '2019-05-13 00:51:14', NULL),
(2683, 187, 3, '5cd893010bc94', 39, '5', 'NULL', NULL, 1, '2019-05-13 00:51:17', NULL),
(2684, 187, 3, '5cd893010bc94', 41, '104', 'NULL', NULL, NULL, '2019-05-13 00:51:41', NULL),
(2685, 187, 3, '5cd893010bc94', 41, '103', 'NULL', NULL, 1, '2019-05-13 00:51:47', NULL),
(2686, 187, 3, '5cd893010bc94', 42, '105', 'NULL', NULL, 1, '2019-05-13 00:52:10', NULL),
(2687, 187, 3, '5cd893010bc94', 51, '127', 'NULL', NULL, NULL, '2019-05-13 00:52:42', NULL),
(2688, 187, 3, '5cd893010bc94', 52, '129', 'NULL', NULL, NULL, '2019-05-13 00:53:01', NULL),
(2689, 187, 3, '5cd893010bc94', 54, '135', 'NULL', NULL, 1, '2019-05-13 00:53:14', NULL),
(2690, 187, 3, '5cd893010bc94', 56, '152, 140', 'NULL', NULL, NULL, '2019-05-13 00:53:54', NULL),
(2691, 187, 3, '5cd893010bc94', 57, '154', 'NULL', NULL, NULL, '2019-05-13 00:54:06', NULL),
(2692, 187, 3, '5cd893010bc94', 59, '162', 'NULL', NULL, NULL, '2019-05-13 00:55:07', NULL),
(2693, 188, 2, '5cd7cc200c7c5', 9, '26', 'NULL', NULL, 1, '2019-05-13 01:12:36', NULL),
(2694, 188, 2, '5cd7cc200c7c5', 11, '6', 'NULL', NULL, NULL, '2019-05-13 01:12:43', NULL),
(2695, 188, 2, '5cd7cc200c7c5', 12, '36', 'NULL', NULL, 1, '2019-05-13 01:13:00', NULL),
(2696, 189, 2, '5cd8a4b4a6bd4', 9, '26', 'NULL', NULL, 1, '2019-05-13 01:58:49', NULL),
(2697, 189, 2, '5cd8a4b4a6bd4', 11, '5', 'NULL', NULL, 1, '2019-05-13 01:59:12', NULL),
(2698, 189, 2, '5cd8a4b4a6bd4', 12, '36', 'NULL', NULL, 1, '2019-05-13 02:01:10', NULL),
(2699, 160, 4, '5cd81f6424651', 28, '74', 'NULL', NULL, 1, '2019-05-13 02:04:22', NULL),
(2700, 160, 4, '5cd81f6424651', 35, '5', 'NULL', NULL, NULL, '2019-05-13 02:04:25', NULL),
(2701, 190, 2, '5cd8d9c573e30', 9, '28', 'NULL', NULL, NULL, '2019-05-13 05:43:51', NULL),
(2702, 190, 2, '5cd8d9c573e30', 11, '5', 'NULL', NULL, 1, '2019-05-13 05:44:10', NULL),
(2703, 190, 2, '5cd8d9c573e30', 12, '34', 'NULL', NULL, NULL, '2019-05-13 05:44:35', NULL),
(2704, 191, 2, '5cd91c040aaf5', 9, '25', 'NULL', NULL, NULL, '2019-05-13 10:26:20', NULL),
(2705, 191, 2, '5cd91c040aaf5', 11, '5', 'NULL', NULL, 1, '2019-05-13 10:26:34', NULL),
(2706, 191, 2, '5cd91c040aaf5', 12, '36', 'NULL', NULL, 1, '2019-05-13 10:26:43', NULL),
(2707, 191, 2, '5cd91c040aaf5', 13, '5', 'NULL', NULL, 1, '2019-05-13 10:26:48', NULL),
(2708, 191, 2, '5cd91c040aaf5', 14, '39', 'NULL', NULL, 1, '2019-05-13 10:26:52', NULL),
(2709, 191, 2, '5cd91c040aaf5', 19, '5', 'NULL', NULL, 1, '2019-05-13 10:27:02', NULL),
(2710, 191, 2, '5cd91c040aaf5', 21, '5', 'NULL', NULL, 1, '2019-05-13 10:27:11', NULL),
(2711, 191, 2, '5cd91c040aaf5', 22, '56', 'NULL', NULL, 1, '2019-05-13 10:27:18', NULL),
(2712, 191, 2, '5cd91c040aaf5', 25, '65', 'NULL', NULL, 1, '2019-05-13 10:27:27', NULL),
(2713, 191, 2, '5cd91c040aaf5', 26, '69', 'NULL', NULL, 1, '2019-05-13 10:27:32', NULL),
(2714, 191, 2, '5cd91c040aaf5', 9, '26', 'NULL', NULL, 1, '2019-05-13 10:27:41', NULL),
(2715, 191, 2, '5cd91c040aaf5', 28, '74', 'NULL', NULL, 1, '2019-05-13 10:28:07', NULL),
(2716, 147, 2, '5cd92b8457145', 9, '26', 'NULL', NULL, 1, '2019-05-13 11:32:51', NULL),
(2717, 147, 2, '5cd92b8457145', 11, '5', 'NULL', NULL, 1, '2019-05-13 11:33:11', NULL),
(2718, 147, 2, '5cd92b8457145', 12, '36', 'NULL', NULL, 1, '2019-05-13 11:33:29', NULL),
(2719, 147, 2, '5cd92b8457145', 13, '5', 'NULL', NULL, 1, '2019-05-13 11:33:47', NULL),
(2720, 147, 2, '5cd92b8457145', 14, '39', 'NULL', NULL, 1, '2019-05-13 11:33:59', NULL),
(2721, 147, 2, '5cd92b8457145', 19, '5', 'NULL', NULL, 1, '2019-05-13 11:34:52', NULL),
(2722, 147, 2, '5cd92b8457145', 21, '5', 'NULL', NULL, 1, '2019-05-13 11:35:18', NULL),
(2723, 147, 2, '5cd92b8457145', 22, '56', 'NULL', NULL, 1, '2019-05-13 11:35:56', NULL),
(2724, 147, 2, '5cd92b8457145', 25, '65', 'NULL', NULL, 1, '2019-05-13 11:36:18', NULL),
(2725, 147, 2, '5cd92b8457145', 26, '69', 'NULL', NULL, 1, '2019-05-13 11:36:29', NULL),
(2726, 147, 2, '5cd92b8457145', 28, '74', 'NULL', NULL, 1, '2019-05-13 11:37:46', NULL),
(2727, 147, 2, '5cd92b8457145', 32, '89', 'NULL', NULL, 1, '2019-05-13 11:38:06', NULL),
(2728, 147, 2, '5cd92b8457145', 33, '6', 'NULL', NULL, 1, '2019-05-13 11:38:18', NULL),
(2729, 147, 2, '5cd92b8457145', 35, '5', 'NULL', NULL, NULL, '2019-05-13 11:38:56', NULL),
(2730, 147, 2, '5cd92b8457145', 36, '5', 'NULL', NULL, 1, '2019-05-13 11:44:54', NULL),
(2731, 147, 2, '5cd92b8457145', 37, '5', 'NULL', NULL, 1, '2019-05-13 11:45:06', NULL),
(2732, 147, 2, '5cd92b8457145', 38, '97, 96', 'NULL', NULL, 1, '2019-05-13 11:45:13', NULL),
(2733, 147, 2, '5cd92b8457145', 39, '5', 'NULL', NULL, 1, '2019-05-13 11:45:20', NULL),
(2734, 147, 2, '5cd92b8457145', 41, '103', 'NULL', NULL, 1, '2019-05-13 11:45:35', NULL),
(2735, 147, 2, '5cd92b8457145', 42, '105', 'NULL', NULL, 1, '2019-05-13 11:45:44', NULL),
(2736, 147, 2, '5cd92b8457145', 35, '94', 'NULL', NULL, 1, '2019-05-13 11:46:02', NULL),
(2737, 147, 2, '5cd92b8457145', 51, '124, 125, 126', 'NULL', NULL, 1, '2019-05-13 11:46:22', NULL),
(2738, 147, 2, '5cd92b8457145', 52, '128, 129', 'NULL', NULL, 1, '2019-05-13 11:46:41', NULL),
(2739, 147, 2, '5cd92b8457145', 54, '135', 'NULL', NULL, 1, '2019-05-13 11:46:54', NULL),
(2740, 147, 2, '5cd92b8457145', 56, '152, 143, 147', 'NULL', NULL, 1, '2019-05-13 11:47:51', NULL),
(2741, 147, 2, '5cd92b8457145', 57, '156', 'NULL', NULL, 1, '2019-05-13 11:48:03', NULL),
(2742, 147, 2, '5cd92b8457145', 59, '166', 'NULL', NULL, 1, '2019-05-13 11:48:23', NULL),
(2743, 147, 2, '5cd92b8457145', 61, '175', 'NULL', NULL, 1, '2019-05-13 11:48:55', NULL),
(2744, 147, 2, '5cd92b8457145', 62, '178', 'NULL', NULL, 1, '2019-05-13 11:49:01', NULL),
(2745, 147, 2, '5cd92b8457145', 63, '183, 180', 'NULL', NULL, 1, '2019-05-13 11:49:11', NULL),
(2746, 147, 2, '5cd92b8457145', 64, '6', 'NULL', NULL, 1, '2019-05-13 11:49:33', NULL),
(2747, 189, 2, '5cd91d0211e75', 9, '26', 'NULL', NULL, 1, '2019-05-13 11:57:36', NULL),
(2748, 189, 2, '5cd91d0211e75', 11, '5', 'NULL', NULL, 1, '2019-05-13 11:57:47', NULL),
(2749, 189, 2, '5cd91d0211e75', 12, '36', 'NULL', NULL, 1, '2019-05-13 11:57:57', NULL),
(2750, 189, 2, '5cd91d0211e75', 13, '5', 'NULL', NULL, 1, '2019-05-13 11:58:18', NULL),
(2751, 189, 2, '5cd91d0211e75', 14, '39', 'NULL', NULL, 1, '2019-05-13 11:58:28', NULL),
(2752, 189, 2, '5cd91d0211e75', 19, '5', 'NULL', NULL, 1, '2019-05-13 11:58:37', NULL),
(2753, 189, 2, '5cd91d0211e75', 21, '5', 'NULL', NULL, 1, '2019-05-13 11:59:01', NULL),
(2754, 189, 2, '5cd91d0211e75', 22, '56', 'NULL', NULL, 1, '2019-05-13 11:59:19', NULL),
(2755, 189, 2, '5cd91d0211e75', 25, '65', 'NULL', NULL, 1, '2019-05-13 12:00:22', NULL),
(2756, 189, 2, '5cd91d0211e75', 26, '67', 'NULL', NULL, NULL, '2019-05-13 12:00:25', NULL),
(2757, 189, 2, '5cd91d0211e75', 26, '69', 'NULL', NULL, 1, '2019-05-13 12:00:36', NULL),
(2758, 189, 2, '5cd91d0211e75', 28, '74', 'NULL', NULL, 1, '2019-05-13 12:10:00', NULL),
(2759, 189, 2, '5cd91d0211e75', 32, '89', 'NULL', NULL, 1, '2019-05-13 12:10:16', NULL),
(2760, 189, 2, '5cd91d0211e75', 33, '6', 'NULL', NULL, 1, '2019-05-13 12:10:47', NULL),
(2761, 189, 2, '5cd91d0211e75', 35, '94', 'NULL', NULL, 1, '2019-05-13 12:10:57', NULL),
(2762, 189, 2, '5cd91d0211e75', 36, '5', 'NULL', NULL, 1, '2019-05-13 12:11:12', NULL),
(2763, 189, 2, '5cd91d0211e75', 37, '5', 'NULL', NULL, 1, '2019-05-13 12:11:23', NULL),
(2764, 189, 2, '5cd91d0211e75', 38, '97, 96', 'NULL', NULL, 1, '2019-05-13 12:11:36', NULL),
(2765, 189, 2, '5cd91d0211e75', 39, '5', 'NULL', NULL, 1, '2019-05-13 12:11:49', NULL),
(2766, 189, 2, '5cd91d0211e75', 41, '103', 'NULL', NULL, 1, '2019-05-13 12:12:14', NULL),
(2767, 189, 2, '5cd91d0211e75', 42, '106', 'NULL', NULL, NULL, '2019-05-13 12:12:24', NULL),
(2768, 189, 2, '5cd91d0211e75', 42, '105', 'NULL', NULL, 1, '2019-05-13 12:12:32', NULL),
(2769, 189, 2, '5cd91d0211e75', 51, '124, 126, 125', 'NULL', NULL, 1, '2019-05-13 12:12:50', NULL),
(2770, 189, 2, '5cd91d0211e75', 52, '128, 129', 'NULL', NULL, 1, '2019-05-13 12:13:18', NULL),
(2771, 189, 2, '5cd91d0211e75', 54, '135', 'NULL', NULL, 1, '2019-05-13 12:13:26', NULL),
(2772, 189, 2, '5cd91d0211e75', 56, '147', 'NULL', NULL, NULL, '2019-05-13 12:13:37', NULL),
(2773, 189, 2, '5cd91d0211e75', 57, '156', 'NULL', NULL, 1, '2019-05-13 12:13:50', NULL),
(2774, 189, 2, '5cd91d0211e75', 59, '166', 'NULL', NULL, 1, '2019-05-13 12:14:07', NULL),
(2775, 189, 2, '5cd91d0211e75', 61, '175', 'NULL', NULL, 1, '2019-05-13 12:14:25', NULL),
(2776, 189, 2, '5cd91d0211e75', 62, '178', 'NULL', NULL, 1, '2019-05-13 12:14:40', NULL),
(2777, 189, 2, '5cd91d0211e75', 63, '183', 'NULL', NULL, NULL, '2019-05-13 12:14:46', NULL),
(2778, 189, 2, '5cd91d0211e75', 64, '6', 'NULL', NULL, 1, '2019-05-13 12:14:52', NULL),
(2779, 189, 2, '5cd91d0211e75', 56, '152, 147, 143', 'NULL', NULL, 1, '2019-05-13 12:16:19', NULL),
(2780, 189, 2, '5cd91d0211e75', 63, '183, 180', 'NULL', NULL, 1, '2019-05-13 12:16:34', NULL),
(2781, 192, 2, '5cd96e4ba57e8', 9, '26', 'NULL', NULL, 1, '2019-05-13 16:17:22', NULL),
(2782, 192, 2, '5cd96e4ba57e8', 11, '5', 'NULL', NULL, 1, '2019-05-13 16:17:40', NULL),
(2783, 192, 2, '5cd96e4ba57e8', 12, '36', 'NULL', NULL, 1, '2019-05-13 16:18:11', NULL),
(2784, 193, 2, '5cd96e75a3097', 9, '26', 'NULL', NULL, 1, '2019-05-13 16:18:27', NULL),
(2785, 193, 2, '5cd96e75a3097', 11, '5', 'NULL', NULL, 1, '2019-05-13 16:18:49', NULL),
(2786, 192, 2, '5cd96e4ba57e8', 13, '37', 'NULL', NULL, NULL, '2019-05-13 16:18:58', NULL),
(2787, 192, 2, '5cd96e4ba57e8', 14, '40', 'NULL', NULL, NULL, '2019-05-13 16:19:50', NULL),
(2788, 194, 2, '5cd96ed1c5fba', 9, '27', 'NULL', NULL, NULL, '2019-05-13 16:19:59', NULL),
(2789, 192, 2, '5cd96e4ba57e8', 19, '5', 'NULL', NULL, 1, '2019-05-13 16:20:04', NULL),
(2790, 193, 2, '5cd96e75a3097', 12, '33', 'NULL', NULL, NULL, '2019-05-13 16:20:15', NULL),
(2791, 194, 2, '5cd96ed1c5fba', 11, '5', 'NULL', NULL, 1, '2019-05-13 16:20:21', NULL),
(2792, 192, 2, '5cd96e4ba57e8', 21, '5', 'NULL', NULL, 1, '2019-05-13 16:20:23', NULL),
(2793, 193, 2, '5cd96e75a3097', 13, '5', 'NULL', NULL, 1, '2019-05-13 16:20:35', NULL),
(2794, 194, 2, '5cd96ed1c5fba', 12, '36', 'NULL', NULL, 1, '2019-05-13 16:20:44', NULL),
(2795, 192, 2, '5cd96e4ba57e8', 22, '55', 'NULL', NULL, NULL, '2019-05-13 16:21:03', NULL),
(2796, 194, 2, '5cd96ed1c5fba', 13, '5', 'NULL', NULL, 1, '2019-05-13 16:21:04', NULL),
(2797, 193, 2, '5cd96e75a3097', 14, '39', 'NULL', NULL, 1, '2019-05-13 16:21:08', NULL),
(2798, 192, 2, '5cd96e4ba57e8', 25, '65', 'NULL', NULL, 1, '2019-05-13 16:21:16', NULL),
(2799, 194, 2, '5cd96ed1c5fba', 14, '38', 'NULL', NULL, NULL, '2019-05-13 16:21:30', NULL),
(2800, 193, 2, '5cd96e75a3097', 19, '5', 'NULL', NULL, 1, '2019-05-13 16:21:34', NULL),
(2801, 192, 2, '5cd96e4ba57e8', 26, '69', 'NULL', NULL, 1, '2019-05-13 16:21:36', NULL),
(2802, 194, 2, '5cd96ed1c5fba', 19, '5', 'NULL', NULL, 1, '2019-05-13 16:21:42', NULL),
(2803, 192, 2, '5cd96e4ba57e8', 13, '5', 'NULL', NULL, 1, '2019-05-13 16:21:54', NULL),
(2804, 194, 2, '5cd96ed1c5fba', 21, '5', 'NULL', NULL, 1, '2019-05-13 16:21:59', NULL),
(2805, 192, 2, '5cd96e4ba57e8', 14, '38', 'NULL', NULL, NULL, '2019-05-13 16:22:06', NULL),
(2806, 192, 2, '5cd96e4ba57e8', 22, '54', 'NULL', NULL, NULL, '2019-05-13 16:22:13', NULL),
(2807, 194, 2, '5cd96ed1c5fba', 22, '56', 'NULL', NULL, 1, '2019-05-13 16:22:14', NULL),
(2808, 193, 2, '5cd96e75a3097', 21, '5', 'NULL', NULL, 1, '2019-05-13 16:22:23', NULL),
(2809, 192, 2, '5cd96e4ba57e8', 14, '39', 'NULL', NULL, 1, '2019-05-13 16:22:27', NULL),
(2810, 194, 2, '5cd96ed1c5fba', 25, '63', 'NULL', NULL, NULL, '2019-05-13 16:22:29', NULL),
(2811, 192, 2, '5cd96e4ba57e8', 22, '56', 'NULL', NULL, 1, '2019-05-13 16:22:31', NULL),
(2812, 193, 2, '5cd96e75a3097', 22, '56', 'NULL', NULL, 1, '2019-05-13 16:22:44', NULL),
(2813, 194, 2, '5cd96ed1c5fba', 26, '69', 'NULL', NULL, 1, '2019-05-13 16:22:47', NULL),
(2814, 192, 2, '5cd96e4ba57e8', 28, '74', 'NULL', NULL, 1, '2019-05-13 16:23:02', NULL),
(2815, 193, 2, '5cd96e75a3097', 25, '66', 'NULL', NULL, NULL, '2019-05-13 16:23:20', NULL),
(2816, 192, 2, '5cd96e4ba57e8', 32, '88', 'NULL', NULL, NULL, '2019-05-13 16:23:24', NULL),
(2817, 194, 2, '5cd96ed1c5fba', 9, '25', 'NULL', NULL, NULL, '2019-05-13 16:23:32', NULL),
(2818, 192, 2, '5cd96e4ba57e8', 33, '5', 'NULL', NULL, NULL, '2019-05-13 16:23:47', NULL),
(2819, 194, 2, '5cd96ed1c5fba', 14, '39', 'NULL', NULL, 1, '2019-05-13 16:23:49', NULL),
(2820, 195, 2, '5cd96fd98e77c', 9, '27', 'NULL', NULL, NULL, '2019-05-13 16:23:57', NULL),
(2821, 193, 2, '5cd96e75a3097', 26, '67', 'NULL', NULL, NULL, '2019-05-13 16:24:00', NULL),
(2822, 192, 2, '5cd96e4ba57e8', 35, '6', 'NULL', NULL, NULL, '2019-05-13 16:24:01', NULL),
(2823, 194, 2, '5cd96ed1c5fba', 25, '64', 'NULL', NULL, NULL, '2019-05-13 16:24:08', NULL),
(2824, 195, 2, '5cd96fd98e77c', 11, '5', 'NULL', NULL, 1, '2019-05-13 16:24:13', NULL),
(2825, 192, 2, '5cd96e4ba57e8', 36, '5', 'NULL', NULL, 1, '2019-05-13 16:24:19', NULL),
(2826, 196, 2, '5cd96ff430baa', 9, '26', 'NULL', NULL, 1, '2019-05-13 16:24:22', NULL),
(2827, 193, 2, '5cd96e75a3097', 12, '35', 'NULL', NULL, NULL, '2019-05-13 16:24:24', NULL),
(2828, 194, 2, '5cd96ed1c5fba', 9, '29', 'NULL', NULL, NULL, '2019-05-13 16:24:29', NULL),
(2829, 193, 2, '5cd96e75a3097', 25, '65', 'NULL', NULL, 1, '2019-05-13 16:24:31', NULL),
(2830, 196, 2, '5cd96ff430baa', 11, '5', 'NULL', NULL, 1, '2019-05-13 16:24:36', NULL),
(2831, 194, 2, '5cd96ed1c5fba', 25, '65', 'NULL', NULL, 1, '2019-05-13 16:24:37', NULL),
(2832, 195, 2, '5cd96fd98e77c', 12, '34', 'NULL', NULL, NULL, '2019-05-13 16:24:39', NULL),
(2833, 192, 2, '5cd96e4ba57e8', 37, '6', 'NULL', NULL, NULL, '2019-05-13 16:24:39', NULL),
(2834, 193, 2, '5cd96e75a3097', 26, '69', 'NULL', NULL, 1, '2019-05-13 16:24:46', NULL),
(2835, 196, 2, '5cd96ff430baa', 12, '34', 'NULL', NULL, NULL, '2019-05-13 16:24:49', NULL),
(2836, 195, 2, '5cd96fd98e77c', 13, '5', 'NULL', NULL, 1, '2019-05-13 16:24:53', NULL),
(2837, 192, 2, '5cd96e4ba57e8', 38, '96', 'NULL', NULL, NULL, '2019-05-13 16:24:59', NULL),
(2838, 196, 2, '5cd96ff430baa', 13, '5', 'NULL', NULL, 1, '2019-05-13 16:25:02', NULL),
(2839, 194, 2, '5cd96ed1c5fba', 9, '27', 'NULL', NULL, NULL, '2019-05-13 16:25:07', NULL),
(2840, 193, 2, '5cd96e75a3097', 12, '36', 'NULL', NULL, 1, '2019-05-13 16:25:07', NULL),
(2841, 192, 2, '5cd96e4ba57e8', 39, '5', 'NULL', NULL, 1, '2019-05-13 16:25:15', NULL),
(2842, 195, 2, '5cd96fd98e77c', 14, '38', 'NULL', NULL, NULL, '2019-05-13 16:25:18', NULL),
(2843, 196, 2, '5cd96ff430baa', 14, '38', 'NULL', NULL, NULL, '2019-05-13 16:25:18', NULL),
(2844, 196, 2, '5cd96ff430baa', 19, '5', 'NULL', NULL, 1, '2019-05-13 16:25:26', NULL),
(2845, 195, 2, '5cd96fd98e77c', 19, '5', 'NULL', NULL, 1, '2019-05-13 16:25:27', NULL),
(2846, 194, 2, '5cd96ed1c5fba', 9, '25', 'NULL', NULL, NULL, '2019-05-13 16:25:29', NULL),
(2847, 192, 2, '5cd96e4ba57e8', 41, '5', 'NULL', NULL, NULL, '2019-05-13 16:25:35', NULL),
(2848, 196, 2, '5cd96ff430baa', 21, '5', 'NULL', NULL, 1, '2019-05-13 16:25:40', NULL),
(2849, 195, 2, '5cd96fd98e77c', 21, '5', 'NULL', NULL, 1, '2019-05-13 16:25:42', NULL),
(2850, 194, 2, '5cd96ed1c5fba', 9, '27', 'NULL', NULL, NULL, '2019-05-13 16:25:42', NULL),
(2851, 193, 2, '5cd96e75a3097', 28, '74', 'NULL', NULL, 1, '2019-05-13 16:25:44', NULL),
(2852, 192, 2, '5cd96e4ba57e8', 42, '105', 'NULL', NULL, 1, '2019-05-13 16:25:45', NULL),
(2853, 194, 2, '5cd96ed1c5fba', 9, '25', 'NULL', NULL, NULL, '2019-05-13 16:25:52', NULL),
(2854, 195, 2, '5cd96fd98e77c', 22, '56', 'NULL', NULL, 1, '2019-05-13 16:25:57', NULL),
(2855, 194, 2, '5cd96ed1c5fba', 9, '28', 'NULL', NULL, NULL, '2019-05-13 16:25:59', NULL),
(2856, 196, 2, '5cd96ff430baa', 22, '55', 'NULL', NULL, NULL, '2019-05-13 16:26:01', NULL),
(2857, 192, 2, '5cd96e4ba57e8', 32, '87', 'NULL', NULL, NULL, '2019-05-13 16:26:06', NULL),
(2858, 194, 2, '5cd96ed1c5fba', 9, '26', 'NULL', NULL, 1, '2019-05-13 16:26:11', NULL),
(2859, 196, 2, '5cd96ff430baa', 25, '65', 'NULL', NULL, 1, '2019-05-13 16:26:12', NULL),
(2860, 195, 2, '5cd96fd98e77c', 25, '64', 'NULL', NULL, NULL, '2019-05-13 16:26:12', NULL),
(2861, 192, 2, '5cd96e4ba57e8', 33, '6', 'NULL', NULL, 1, '2019-05-13 16:26:14', NULL),
(2862, 193, 2, '5cd96e75a3097', 32, '88', 'NULL', NULL, NULL, '2019-05-13 16:26:15', NULL),
(2863, 195, 2, '5cd96fd98e77c', 26, '67', 'NULL', NULL, NULL, '2019-05-13 16:26:21', NULL),
(2864, 192, 2, '5cd96e4ba57e8', 35, '5', 'NULL', NULL, NULL, '2019-05-13 16:26:23', NULL),
(2865, 196, 2, '5cd96ff430baa', 26, '67', 'NULL', NULL, NULL, '2019-05-13 16:26:23', NULL),
(2866, 192, 2, '5cd96e4ba57e8', 37, '5', 'NULL', NULL, 1, '2019-05-13 16:26:30', NULL),
(2867, 193, 2, '5cd96e75a3097', 33, '6', 'NULL', NULL, 1, '2019-05-13 16:26:31', NULL),
(2868, 196, 2, '5cd96ff430baa', 12, '36', 'NULL', NULL, 1, '2019-05-13 16:26:32', NULL),
(2869, 195, 2, '5cd96fd98e77c', 9, '28', 'NULL', NULL, NULL, '2019-05-13 16:26:36', NULL),
(2870, 193, 2, '5cd96e75a3097', 35, '6', 'NULL', NULL, NULL, '2019-05-13 16:26:45', NULL),
(2871, 196, 2, '5cd96ff430baa', 14, '39', 'NULL', NULL, 1, '2019-05-13 16:26:47', NULL),
(2872, 192, 2, '5cd96e4ba57e8', 38, '97', 'NULL', NULL, NULL, '2019-05-13 16:26:49', NULL),
(2873, 195, 2, '5cd96fd98e77c', 12, '36', 'NULL', NULL, 1, '2019-05-13 16:26:50', NULL),
(2874, 196, 2, '5cd96ff430baa', 22, '56', 'NULL', NULL, 1, '2019-05-13 16:26:56', NULL),
(2875, 192, 2, '5cd96e4ba57e8', 41, '104', 'NULL', NULL, NULL, '2019-05-13 16:27:00', NULL),
(2876, 195, 2, '5cd96fd98e77c', 14, '40', 'NULL', NULL, NULL, '2019-05-13 16:27:00', NULL),
(2877, 194, 2, '5cd96ed1c5fba', 28, '74', 'NULL', NULL, 1, '2019-05-13 16:27:01', NULL),
(2878, 196, 2, '5cd96ff430baa', 26, '69', 'NULL', NULL, 1, '2019-05-13 16:27:04', NULL),
(2879, 192, 2, '5cd96e4ba57e8', 32, '89', 'NULL', NULL, 1, '2019-05-13 16:27:05', NULL),
(2880, 195, 2, '5cd96fd98e77c', 25, '63', 'NULL', NULL, NULL, '2019-05-13 16:27:06', NULL),
(2881, 193, 2, '5cd96e75a3097', 36, '6', 'NULL', NULL, NULL, '2019-05-13 16:27:08', NULL),
(2882, 192, 2, '5cd96e4ba57e8', 35, '94', 'NULL', NULL, 1, '2019-05-13 16:27:14', NULL),
(2883, 195, 2, '5cd96fd98e77c', 26, '69', 'NULL', NULL, 1, '2019-05-13 16:27:15', NULL),
(2884, 196, 2, '5cd96ff430baa', 28, '74', 'NULL', NULL, 1, '2019-05-13 16:27:15', NULL),
(2885, 194, 2, '5cd96ed1c5fba', 32, '88', 'NULL', NULL, NULL, '2019-05-13 16:27:20', NULL),
(2886, 196, 2, '5cd96ff430baa', 32, '88', 'NULL', NULL, NULL, '2019-05-13 16:27:26', NULL),
(2887, 194, 2, '5cd96ed1c5fba', 33, '5', 'NULL', NULL, NULL, '2019-05-13 16:27:29', NULL),
(2888, 192, 2, '5cd96e4ba57e8', 38, '96, 97', 'NULL', NULL, 1, '2019-05-13 16:27:30', NULL),
(2889, 196, 2, '5cd96ff430baa', 33, '5', 'NULL', NULL, NULL, '2019-05-13 16:27:33', NULL),
(2890, 195, 2, '5cd96fd98e77c', 9, '28', 'NULL', NULL, NULL, '2019-05-13 16:27:39', NULL),
(2891, 196, 2, '5cd96ff430baa', 35, '6', 'NULL', NULL, NULL, '2019-05-13 16:27:40', NULL),
(2892, 196, 2, '5cd96ff430baa', 36, '5', 'NULL', NULL, 1, '2019-05-13 16:27:47', NULL),
(2893, 192, 2, '5cd96e4ba57e8', 41, '103', 'NULL', NULL, 1, '2019-05-13 16:27:47', NULL),
(2894, 195, 2, '5cd96fd98e77c', 14, '39', 'NULL', NULL, 1, '2019-05-13 16:27:48', NULL),
(2895, 197, 3, '5cd970bee0a8c', 9, '27', 'NULL', NULL, NULL, '2019-05-13 16:27:51', NULL),
(2896, 195, 2, '5cd96fd98e77c', 25, '65', 'NULL', NULL, 1, '2019-05-13 16:27:54', NULL),
(2897, 194, 2, '5cd96ed1c5fba', 35, '94', 'NULL', NULL, 1, '2019-05-13 16:27:55', NULL),
(2898, 194, 2, '5cd96ed1c5fba', 36, '95', 'NULL', NULL, NULL, '2019-05-13 16:28:06', NULL),
(2899, 197, 3, '5cd970bee0a8c', 11, '6', 'NULL', NULL, NULL, '2019-05-13 16:28:06', NULL),
(2900, 195, 2, '5cd96fd98e77c', 9, '26', 'NULL', NULL, 1, '2019-05-13 16:28:07', NULL),
(2901, 197, 3, '5cd970bee0a8c', 12, '34', 'NULL', NULL, NULL, '2019-05-13 16:28:19', NULL),
(2902, 194, 2, '5cd96ed1c5fba', 37, '5', 'NULL', NULL, 1, '2019-05-13 16:28:21', NULL),
(2903, 197, 3, '5cd970bee0a8c', 13, '6', 'NULL', NULL, NULL, '2019-05-13 16:28:29', NULL),
(2904, 194, 2, '5cd96ed1c5fba', 38, '96', 'NULL', NULL, NULL, '2019-05-13 16:28:43', NULL),
(2905, 194, 2, '5cd96ed1c5fba', 39, '98', 'NULL', NULL, NULL, '2019-05-13 16:29:01', NULL),
(2906, 195, 2, '5cd96fd98e77c', 28, '74', 'NULL', NULL, 1, '2019-05-13 16:29:03', NULL),
(2907, 192, 2, '5cd96e4ba57e8', 51, '125, 126', 'NULL', NULL, NULL, '2019-05-13 16:29:17', NULL),
(2908, 195, 2, '5cd96fd98e77c', 32, '88', 'NULL', NULL, NULL, '2019-05-13 16:29:18', NULL),
(2909, 194, 2, '5cd96ed1c5fba', 41, '103', 'NULL', NULL, 1, '2019-05-13 16:29:19', NULL),
(2910, 195, 2, '5cd96fd98e77c', 33, '5', 'NULL', NULL, NULL, '2019-05-13 16:29:29', NULL),
(2911, 194, 2, '5cd96ed1c5fba', 42, '106', 'NULL', NULL, NULL, '2019-05-13 16:29:32', NULL),
(2912, 195, 2, '5cd96fd98e77c', 35, '6', 'NULL', NULL, NULL, '2019-05-13 16:29:39', NULL),
(2913, 194, 2, '5cd96ed1c5fba', 32, '87', 'NULL', NULL, NULL, '2019-05-13 16:29:48', NULL),
(2914, 195, 2, '5cd96fd98e77c', 36, '5', 'NULL', NULL, 1, '2019-05-13 16:29:51', NULL),
(2915, 194, 2, '5cd96ed1c5fba', 33, '6', 'NULL', NULL, 1, '2019-05-13 16:29:58', NULL),
(2916, 195, 2, '5cd96fd98e77c', 37, '5', 'NULL', NULL, 1, '2019-05-13 16:30:05', NULL),
(2917, 194, 2, '5cd96ed1c5fba', 36, '5', 'NULL', NULL, 1, '2019-05-13 16:30:11', NULL),
(2918, 195, 2, '5cd96fd98e77c', 38, '96', 'NULL', NULL, NULL, '2019-05-13 16:30:21', NULL),
(2919, 192, 2, '5cd96e4ba57e8', 52, '130, 128', 'NULL', NULL, NULL, '2019-05-13 16:30:21', NULL),
(2920, 194, 2, '5cd96ed1c5fba', 38, '97', 'NULL', NULL, NULL, '2019-05-13 16:30:25', NULL),
(2921, 195, 2, '5cd96fd98e77c', 39, '98', 'NULL', NULL, NULL, '2019-05-13 16:30:37', NULL),
(2922, 192, 2, '5cd96e4ba57e8', 54, '135', 'NULL', NULL, 1, '2019-05-13 16:30:39', NULL),
(2923, 194, 2, '5cd96ed1c5fba', 39, '5', 'NULL', NULL, 1, '2019-05-13 16:30:40', NULL),
(2924, 194, 2, '5cd96ed1c5fba', 42, '105', 'NULL', NULL, 1, '2019-05-13 16:30:50', NULL),
(2925, 195, 2, '5cd96fd98e77c', 41, '103', 'NULL', NULL, 1, '2019-05-13 16:30:53', NULL),
(2926, 195, 2, '5cd96fd98e77c', 42, '105', 'NULL', NULL, 1, '2019-05-13 16:31:04', NULL),
(2927, 194, 2, '5cd96ed1c5fba', 32, '89', 'NULL', NULL, 1, '2019-05-13 16:31:10', NULL),
(2928, 192, 2, '5cd96e4ba57e8', 56, '140, 147, 143', 'NULL', NULL, NULL, '2019-05-13 16:31:16', NULL),
(2929, 195, 2, '5cd96fd98e77c', 32, '87', 'NULL', NULL, NULL, '2019-05-13 16:31:20', NULL),
(2930, 195, 2, '5cd96fd98e77c', 33, '6', 'NULL', NULL, 1, '2019-05-13 16:31:26', NULL),
(2931, 194, 2, '5cd96ed1c5fba', 38, '96', 'NULL', NULL, NULL, '2019-05-13 16:31:27', NULL),
(2932, 195, 2, '5cd96fd98e77c', 35, '94', 'NULL', NULL, 1, '2019-05-13 16:31:36', NULL),
(2933, 194, 2, '5cd96ed1c5fba', 38, '6', 'NULL', NULL, NULL, '2019-05-13 16:31:38', NULL),
(2934, 195, 2, '5cd96fd98e77c', 38, '6', 'NULL', NULL, NULL, '2019-05-13 16:31:44', NULL),
(2935, 195, 2, '5cd96fd98e77c', 39, '5', 'NULL', NULL, 1, '2019-05-13 16:31:51', NULL),
(2936, 194, 2, '5cd96ed1c5fba', 38, '96', 'NULL', NULL, NULL, '2019-05-13 16:31:52', NULL),
(2937, 194, 2, '5cd96ed1c5fba', 38, '97', 'NULL', NULL, NULL, '2019-05-13 16:32:03', NULL),
(2938, 192, 2, '5cd96e4ba57e8', 57, '154', 'NULL', NULL, NULL, '2019-05-13 16:32:05', NULL),
(2939, 194, 2, '5cd96ed1c5fba', 38, '96', 'NULL', NULL, NULL, '2019-05-13 16:32:10', NULL),
(2940, 194, 2, '5cd96ed1c5fba', 38, '6', 'NULL', NULL, NULL, '2019-05-13 16:32:20', NULL),
(2941, 195, 2, '5cd96fd98e77c', 32, '89', 'NULL', NULL, 1, '2019-05-13 16:32:25', NULL),
(2942, 194, 2, '5cd96ed1c5fba', 38, '97', 'NULL', NULL, NULL, '2019-05-13 16:32:29', NULL),
(2943, 195, 2, '5cd96fd98e77c', 38, '6', 'NULL', NULL, NULL, '2019-05-13 16:32:50', NULL),
(2944, 194, 2, '5cd96ed1c5fba', 38, '96', 'NULL', NULL, NULL, '2019-05-13 16:32:52', NULL),
(2945, 195, 2, '5cd96fd98e77c', 38, '97', 'NULL', NULL, NULL, '2019-05-13 16:32:55', NULL),
(2946, 192, 2, '5cd96e4ba57e8', 59, '166', 'NULL', NULL, 1, '2019-05-13 16:32:57', NULL),
(2947, 195, 2, '5cd96fd98e77c', 38, '96', 'NULL', NULL, NULL, '2019-05-13 16:33:00', NULL),
(2948, 194, 2, '5cd96ed1c5fba', 38, '97', 'NULL', NULL, NULL, '2019-05-13 16:33:06', NULL),
(2949, 195, 2, '5cd96fd98e77c', 38, '97, 96', 'NULL', NULL, 1, '2019-05-13 16:33:16', NULL),
(2950, 194, 2, '5cd96ed1c5fba', 38, '6', 'NULL', NULL, NULL, '2019-05-13 16:33:26', NULL),
(2951, 195, 2, '5cd96fd98e77c', 51, '125, 126', 'NULL', NULL, NULL, '2019-05-13 16:33:41', NULL),
(2952, 195, 2, '5cd96fd98e77c', 52, '130, 129', 'NULL', NULL, NULL, '2019-05-13 16:34:01', NULL),
(2953, 195, 2, '5cd96fd98e77c', 54, '138', 'NULL', NULL, NULL, '2019-05-13 16:34:26', NULL),
(2954, 192, 2, '5cd96e4ba57e8', 61, '173', 'NULL', NULL, NULL, '2019-05-13 16:34:43', NULL),
(2955, 195, 2, '5cd96fd98e77c', 56, '147, 143', 'NULL', NULL, NULL, '2019-05-13 16:34:55', NULL),
(2956, 192, 2, '5cd96e4ba57e8', 62, '176', 'NULL', NULL, NULL, '2019-05-13 16:34:59', NULL),
(2957, 195, 2, '5cd96fd98e77c', 57, '155', 'NULL', NULL, NULL, '2019-05-13 16:35:20', NULL),
(2958, 192, 2, '5cd96e4ba57e8', 63, '180, 182', 'NULL', NULL, NULL, '2019-05-13 16:35:39', NULL),
(2959, 195, 2, '5cd96fd98e77c', 59, '165', 'NULL', NULL, NULL, '2019-05-13 16:36:11', NULL),
(2960, 192, 2, '5cd96e4ba57e8', 64, '184', 'NULL', NULL, NULL, '2019-05-13 16:36:24', NULL),
(2961, 195, 2, '5cd96fd98e77c', 61, '175', 'NULL', NULL, 1, '2019-05-13 16:36:30', NULL),
(2962, 195, 2, '5cd96fd98e77c', 62, '176', 'NULL', NULL, NULL, '2019-05-13 16:36:43', NULL),
(2963, 192, 2, '5cd96e4ba57e8', 51, '125, 126, 124', 'NULL', NULL, 1, '2019-05-13 16:36:45', NULL),
(2964, 192, 2, '5cd96e4ba57e8', 52, '129, 130', 'NULL', NULL, NULL, '2019-05-13 16:37:07', NULL),
(2965, 195, 2, '5cd96fd98e77c', 63, '183, 180', 'NULL', NULL, 1, '2019-05-13 16:37:10', NULL),
(2966, 195, 2, '5cd96fd98e77c', 64, '184', 'NULL', NULL, NULL, '2019-05-13 16:37:25', NULL),
(2967, 192, 2, '5cd96e4ba57e8', 56, '140, 145, 147, 142, 143', 'NULL', NULL, NULL, '2019-05-13 16:37:35', NULL),
(2968, 192, 2, '5cd96e4ba57e8', 57, '153', 'NULL', NULL, NULL, '2019-05-13 16:37:50', NULL),
(2969, 192, 2, '5cd96e4ba57e8', 61, '175', 'NULL', NULL, 1, '2019-05-13 16:37:59', NULL),
(2970, 195, 2, '5cd96fd98e77c', 51, '126, 124', 'NULL', NULL, NULL, '2019-05-13 16:38:01', NULL),
(2971, 192, 2, '5cd96e4ba57e8', 62, '177', 'NULL', NULL, NULL, '2019-05-13 16:38:14', NULL),
(2972, 192, 2, '5cd96e4ba57e8', 63, '180, 181, 182', 'NULL', NULL, NULL, '2019-05-13 16:38:32', NULL),
(2973, 192, 2, '5cd96e4ba57e8', 64, '5', 'NULL', NULL, NULL, '2019-05-13 16:38:44', NULL),
(2974, 192, 2, '5cd96e4ba57e8', 52, '130, 128', 'NULL', NULL, NULL, '2019-05-13 16:38:55', NULL),
(2975, 195, 2, '5cd96fd98e77c', 52, '128, 130', 'NULL', NULL, NULL, '2019-05-13 16:39:03', NULL),
(2976, 195, 2, '5cd96fd98e77c', 54, '136', 'NULL', NULL, NULL, '2019-05-13 16:39:10', NULL),
(2977, 192, 2, '5cd96e4ba57e8', 56, '143, 152, 142, 144, 140, 147', 'NULL', NULL, NULL, '2019-05-13 16:39:13', NULL),
(2978, 192, 2, '5cd96e4ba57e8', 57, '155', 'NULL', NULL, NULL, '2019-05-13 16:39:30', NULL),
(2979, 195, 2, '5cd96fd98e77c', 56, '143, 147, 140', 'NULL', NULL, NULL, '2019-05-13 16:39:35', NULL),
(2980, 192, 2, '5cd96e4ba57e8', 62, '179', 'NULL', NULL, NULL, '2019-05-13 16:39:39', NULL),
(2981, 195, 2, '5cd96fd98e77c', 57, '155', 'NULL', NULL, NULL, '2019-05-13 16:39:56', NULL),
(2982, 192, 2, '5cd96e4ba57e8', 63, '182, 183, 180', 'NULL', NULL, NULL, '2019-05-13 16:40:07', NULL),
(2983, 192, 2, '5cd96e4ba57e8', 64, '6', 'NULL', NULL, 1, '2019-05-13 16:40:14', NULL),
(2984, 192, 2, '5cd96e4ba57e8', 52, '129, 130, 128', 'NULL', NULL, NULL, '2019-05-13 16:40:30', NULL),
(2985, 192, 2, '5cd96e4ba57e8', 56, '147, 144, 142, 145, 143', 'NULL', NULL, NULL, '2019-05-13 16:40:42', NULL),
(2986, 192, 2, '5cd96e4ba57e8', 57, '156', 'NULL', NULL, 1, '2019-05-13 16:40:49', NULL),
(2987, 195, 2, '5cd96fd98e77c', 59, '165', 'NULL', NULL, NULL, '2019-05-13 16:40:54', NULL),
(2988, 192, 2, '5cd96e4ba57e8', 62, '178', 'NULL', NULL, 1, '2019-05-13 16:41:12', NULL),
(2989, 192, 2, '5cd96e4ba57e8', 63, '182, 181', 'NULL', NULL, NULL, '2019-05-13 16:41:52', NULL),
(2990, 195, 2, '5cd96fd98e77c', 62, '179', 'NULL', NULL, NULL, '2019-05-13 16:42:05', NULL),
(2991, 195, 2, '5cd96fd98e77c', 64, '5', 'NULL', NULL, NULL, '2019-05-13 16:42:10', NULL),
(2992, 192, 2, '5cd96e4ba57e8', 52, '128, 130', 'NULL', NULL, NULL, '2019-05-13 16:42:11', NULL),
(2993, 192, 2, '5cd96e4ba57e8', 56, '152, 147, 140, 142, 143', 'NULL', NULL, NULL, '2019-05-13 16:42:30', NULL),
(2994, 195, 2, '5cd96fd98e77c', 51, '124, 127, 126, 125', 'NULL', NULL, NULL, '2019-05-13 16:42:31', NULL),
(2995, 195, 2, '5cd96fd98e77c', 52, '128, 129, 130', 'NULL', NULL, NULL, '2019-05-13 16:42:39', NULL),
(2996, 192, 2, '5cd96e4ba57e8', 63, '180, 181, 182', 'NULL', NULL, NULL, '2019-05-13 16:42:42', NULL),
(2997, 195, 2, '5cd96fd98e77c', 54, '135', 'NULL', NULL, 1, '2019-05-13 16:42:51', NULL),
(2998, 192, 2, '5cd96e4ba57e8', 52, '128, 130', 'NULL', NULL, NULL, '2019-05-13 16:42:59', NULL),
(2999, 192, 2, '5cd96e4ba57e8', 56, '143, 152, 142, 144, 145, 140', 'NULL', NULL, NULL, '2019-05-13 16:43:15', NULL);
INSERT INTO `usr_answer` (`ID`, `ID_USER`, `ID_ACTION`, `PLAY_KEY`, `ID_QUESTION`, `ANSWER`, `INFO`, `SCALE_VALUE`, `IS_TRUE`, `DT_INSERTED`, `DT_MODIFIED`) VALUES
(3000, 195, 2, '5cd96fd98e77c', 56, '143, 147, 140', 'NULL', NULL, NULL, '2019-05-13 16:43:25', NULL),
(3001, 192, 2, '5cd96e4ba57e8', 63, '183, 182, 180', 'NULL', NULL, NULL, '2019-05-13 16:43:26', NULL),
(3002, 195, 2, '5cd96fd98e77c', 57, '156', 'NULL', NULL, 1, '2019-05-13 16:43:41', NULL),
(3003, 192, 2, '5cd96e4ba57e8', 52, '130, 129', 'NULL', NULL, NULL, '2019-05-13 16:43:47', NULL),
(3004, 195, 2, '5cd96fd98e77c', 59, '162', 'NULL', NULL, NULL, '2019-05-13 16:45:03', NULL),
(3005, 195, 2, '5cd96fd98e77c', 62, '179', 'NULL', NULL, NULL, '2019-05-13 16:45:21', NULL),
(3006, 192, 2, '5cd96e4ba57e8', 56, '142, 144, 140, 143, 145', 'NULL', NULL, NULL, '2019-05-13 16:45:23', NULL),
(3007, 195, 2, '5cd96fd98e77c', 64, '6', 'NULL', NULL, 1, '2019-05-13 16:45:31', NULL),
(3008, 195, 2, '5cd96fd98e77c', 51, '124, 126, 125', 'NULL', NULL, 1, '2019-05-13 16:46:14', NULL),
(3009, 195, 2, '5cd96fd98e77c', 52, '128, 129', 'NULL', NULL, 1, '2019-05-13 16:46:32', NULL),
(3010, 192, 2, '5cd96e4ba57e8', 63, '183, 180, 182', 'NULL', NULL, NULL, '2019-05-13 16:46:33', NULL),
(3011, 195, 2, '5cd96fd98e77c', 56, '147, 143, 152', 'NULL', NULL, 1, '2019-05-13 16:47:09', NULL),
(3012, 192, 2, '5cd96e4ba57e8', 52, '129, 128, 130', 'NULL', NULL, NULL, '2019-05-13 16:47:12', NULL),
(3013, 192, 2, '5cd96e4ba57e8', 56, '143, 144, 140, 145, 147, 142', 'NULL', NULL, NULL, '2019-05-13 16:47:35', NULL),
(3014, 192, 2, '5cd96e4ba57e8', 63, '183, 182, 180, 181', 'NULL', NULL, NULL, '2019-05-13 16:48:00', NULL),
(3015, 195, 2, '5cd96fd98e77c', 59, '166', 'NULL', NULL, 1, '2019-05-13 16:48:05', NULL),
(3016, 195, 2, '5cd96fd98e77c', 62, '179', 'NULL', NULL, NULL, '2019-05-13 16:49:02', NULL),
(3017, 192, 2, '5cd96e4ba57e8', 52, '130, 128', 'NULL', NULL, NULL, '2019-05-13 16:49:03', NULL),
(3018, 195, 2, '5cd96fd98e77c', 62, '178', 'NULL', NULL, 1, '2019-05-13 16:49:22', NULL),
(3019, 192, 2, '5cd96e4ba57e8', 56, '145, 144, 140, 143', 'NULL', NULL, NULL, '2019-05-13 16:50:07', NULL),
(3020, 192, 2, '5cd96e4ba57e8', 63, '183, 182', 'NULL', NULL, NULL, '2019-05-13 16:50:57', NULL),
(3021, 192, 2, '5cd96e4ba57e8', 52, '130', 'NULL', NULL, NULL, '2019-05-13 16:51:13', NULL),
(3022, 192, 2, '5cd96e4ba57e8', 56, '140, 145, 143', 'NULL', NULL, NULL, '2019-05-13 16:51:47', NULL),
(3023, 192, 2, '5cd96e4ba57e8', 63, '183, 182', 'NULL', NULL, NULL, '2019-05-13 16:52:59', NULL),
(3024, 192, 2, '5cd96e4ba57e8', 52, '130, 129', 'NULL', NULL, NULL, '2019-05-13 16:53:34', NULL),
(3025, 188, 3, '5cd9ae4111b0f', 9, '26', 'NULL', NULL, 1, '2019-05-13 20:50:11', NULL),
(3026, 198, 2, '5cd9dc5c21ea9', 9, '27', 'NULL', NULL, NULL, '2019-05-14 00:06:56', NULL),
(3027, 199, 2, '5cd9dc47ac63e', 9, '26', 'NULL', NULL, 1, '2019-05-14 00:07:04', NULL),
(3028, 198, 2, '5cd9dc5c21ea9', 11, '5', 'NULL', NULL, 1, '2019-05-14 00:07:07', NULL),
(3029, 198, 2, '5cd9dc5c21ea9', 12, '34', 'NULL', NULL, NULL, '2019-05-14 00:07:17', NULL),
(3030, 198, 2, '5cd9dc5c21ea9', 13, '5', 'NULL', NULL, 1, '2019-05-14 00:07:25', NULL),
(3031, 198, 2, '5cd9dc5c21ea9', 14, '40', 'NULL', NULL, NULL, '2019-05-14 00:07:38', NULL),
(3032, 198, 2, '5cd9dc5c21ea9', 19, '5', 'NULL', NULL, 1, '2019-05-14 00:07:48', NULL),
(3033, 198, 2, '5cd9dc5c21ea9', 21, '5', 'NULL', NULL, 1, '2019-05-14 00:07:57', NULL),
(3034, 198, 2, '5cd9dc5c21ea9', 22, '56', 'NULL', NULL, 1, '2019-05-14 00:08:05', NULL),
(3035, 198, 2, '5cd9dc5c21ea9', 25, '63', 'NULL', NULL, NULL, '2019-05-14 00:08:13', NULL),
(3036, 199, 2, '5cd9dc47ac63e', 11, '5', 'NULL', NULL, 1, '2019-05-14 00:08:17', NULL),
(3037, 200, 2, '5cd9dcac7d597', 9, '26', 'NULL', NULL, 1, '2019-05-14 00:08:20', NULL),
(3038, 199, 2, '5cd9dc47ac63e', 11, '5', 'NULL', NULL, 1, '2019-05-14 00:08:21', NULL),
(3039, 198, 2, '5cd9dc5c21ea9', 26, '67', 'NULL', NULL, NULL, '2019-05-14 00:08:22', NULL),
(3040, 198, 2, '5cd9dc5c21ea9', 9, '28', 'NULL', NULL, NULL, '2019-05-14 00:08:33', NULL),
(3041, 200, 2, '5cd9dcac7d597', 11, '5', 'NULL', NULL, 1, '2019-05-14 00:08:45', NULL),
(3042, 198, 2, '5cd9dc5c21ea9', 12, '36', 'NULL', NULL, 1, '2019-05-14 00:08:51', NULL),
(3043, 199, 2, '5cd9dc47ac63e', 12, '36', 'NULL', NULL, 1, '2019-05-14 00:08:58', NULL),
(3044, 198, 2, '5cd9dc5c21ea9', 14, '39', 'NULL', NULL, 1, '2019-05-14 00:09:03', NULL),
(3045, 200, 2, '5cd9dcac7d597', 12, '36', 'NULL', NULL, 1, '2019-05-14 00:09:07', NULL),
(3046, 200, 2, '5cd9dcac7d597', 13, '5', 'NULL', NULL, 1, '2019-05-14 00:09:25', NULL),
(3047, 199, 2, '5cd9dc47ac63e', 13, '37', 'NULL', NULL, NULL, '2019-05-14 00:09:25', NULL),
(3048, 199, 2, '5cd9dc47ac63e', 14, '38', 'NULL', NULL, NULL, '2019-05-14 00:09:48', NULL),
(3049, 199, 2, '5cd9dc47ac63e', 19, '5', 'NULL', NULL, 1, '2019-05-14 00:09:58', NULL),
(3050, 200, 2, '5cd9dcac7d597', 14, '38', 'NULL', NULL, NULL, '2019-05-14 00:10:00', NULL),
(3051, 200, 2, '5cd9dcac7d597', 19, '5', 'NULL', NULL, 1, '2019-05-14 00:10:10', NULL),
(3052, 199, 2, '5cd9dc47ac63e', 21, '5', 'NULL', NULL, 1, '2019-05-14 00:10:15', NULL),
(3053, 198, 2, '5cd9dc5c21ea9', 25, '65', 'NULL', NULL, 1, '2019-05-14 00:10:25', NULL),
(3054, 200, 2, '5cd9dcac7d597', 21, '5', 'NULL', NULL, 1, '2019-05-14 00:10:26', NULL),
(3055, 198, 2, '5cd9dc5c21ea9', 26, '69', 'NULL', NULL, 1, '2019-05-14 00:10:29', NULL),
(3056, 198, 2, '5cd9dc5c21ea9', 9, '27', 'NULL', NULL, NULL, '2019-05-14 00:10:37', NULL),
(3057, 198, 2, '5cd9dc5c21ea9', 9, '29', 'NULL', NULL, NULL, '2019-05-14 00:10:43', NULL),
(3058, 199, 2, '5cd9dc47ac63e', 21, '5', 'NULL', NULL, 1, '2019-05-14 00:10:44', NULL),
(3059, 198, 2, '5cd9dc5c21ea9', 9, '25', 'NULL', NULL, NULL, '2019-05-14 00:10:48', NULL),
(3060, 201, 3, '5cd9dd532909b', 9, '29', 'NULL', NULL, NULL, '2019-05-14 00:10:52', NULL),
(3061, 198, 2, '5cd9dc5c21ea9', 9, '26', 'NULL', NULL, 1, '2019-05-14 00:10:54', NULL),
(3062, 201, 3, '5cd9dd532909b', 11, '32', 'NULL', NULL, NULL, '2019-05-14 00:10:56', NULL),
(3063, 201, 3, '5cd9dd532909b', 12, '35', 'NULL', NULL, NULL, '2019-05-14 00:11:01', NULL),
(3064, 199, 2, '5cd9dc47ac63e', 22, '55', 'NULL', NULL, NULL, '2019-05-14 00:11:01', NULL),
(3065, 201, 3, '5cd9dd532909b', 13, '37', 'NULL', NULL, NULL, '2019-05-14 00:11:05', NULL),
(3066, 200, 2, '5cd9dcac7d597', 22, '55', 'NULL', NULL, NULL, '2019-05-14 00:11:05', NULL),
(3067, 198, 2, '5cd9dc5c21ea9', 28, '74', 'NULL', NULL, 1, '2019-05-14 00:11:06', NULL),
(3068, 201, 3, '5cd9dd532909b', 14, '40', 'NULL', NULL, NULL, '2019-05-14 00:11:09', NULL),
(3069, 201, 3, '5cd9dd532909b', 19, '5', 'NULL', NULL, 1, '2019-05-14 00:11:11', NULL),
(3070, 198, 2, '5cd9dc5c21ea9', 32, '88', 'NULL', NULL, NULL, '2019-05-14 00:11:12', NULL),
(3071, 201, 3, '5cd9dd532909b', 21, '52', 'NULL', NULL, NULL, '2019-05-14 00:11:14', NULL),
(3072, 199, 2, '5cd9dc47ac63e', 25, '65', 'NULL', NULL, 1, '2019-05-14 00:11:15', NULL),
(3073, 200, 2, '5cd9dcac7d597', 25, '66', 'NULL', NULL, NULL, '2019-05-14 00:11:16', NULL),
(3074, 201, 3, '5cd9dd532909b', 22, '56', 'NULL', NULL, 1, '2019-05-14 00:11:16', NULL),
(3075, 198, 2, '5cd9dc5c21ea9', 33, '5', 'NULL', NULL, NULL, '2019-05-14 00:11:19', NULL),
(3076, 201, 3, '5cd9dd532909b', 25, '65', 'NULL', NULL, 1, '2019-05-14 00:11:19', NULL),
(3077, 201, 3, '5cd9dd532909b', 26, '68', 'NULL', NULL, NULL, '2019-05-14 00:11:22', NULL),
(3078, 198, 2, '5cd9dc5c21ea9', 35, '6', 'NULL', NULL, NULL, '2019-05-14 00:11:25', NULL),
(3079, 201, 3, '5cd9dd532909b', 9, '26', 'NULL', NULL, 1, '2019-05-14 00:11:25', NULL),
(3080, 200, 2, '5cd9dcac7d597', 26, '67', 'NULL', NULL, NULL, '2019-05-14 00:11:26', NULL),
(3081, 198, 2, '5cd9dc5c21ea9', 36, '5', 'NULL', NULL, 1, '2019-05-14 00:11:31', NULL),
(3082, 199, 2, '5cd9dc47ac63e', 26, '69', 'NULL', NULL, 1, '2019-05-14 00:11:34', NULL),
(3083, 198, 2, '5cd9dc5c21ea9', 37, '5', 'NULL', NULL, 1, '2019-05-14 00:11:37', NULL),
(3084, 200, 2, '5cd9dcac7d597', 14, '40', 'NULL', NULL, NULL, '2019-05-14 00:11:39', NULL),
(3085, 198, 2, '5cd9dc5c21ea9', 38, '96', 'NULL', NULL, NULL, '2019-05-14 00:11:42', NULL),
(3086, 200, 2, '5cd9dcac7d597', 22, '56', 'NULL', NULL, 1, '2019-05-14 00:11:45', NULL),
(3087, 198, 2, '5cd9dc5c21ea9', 39, '5', 'NULL', NULL, 1, '2019-05-14 00:11:52', NULL),
(3088, 199, 2, '5cd9dc47ac63e', 13, '5', 'NULL', NULL, 1, '2019-05-14 00:11:52', NULL),
(3089, 198, 2, '5cd9dc5c21ea9', 41, '5', 'NULL', NULL, NULL, '2019-05-14 00:12:01', NULL),
(3090, 199, 2, '5cd9dc47ac63e', 14, '40', 'NULL', NULL, NULL, '2019-05-14 00:12:06', NULL),
(3091, 198, 2, '5cd9dc5c21ea9', 42, '105', 'NULL', NULL, 1, '2019-05-14 00:12:08', NULL),
(3092, 200, 2, '5cd9dcac7d597', 25, '65', 'NULL', NULL, 1, '2019-05-14 00:12:09', NULL),
(3093, 199, 2, '5cd9dc47ac63e', 22, '56', 'NULL', NULL, 1, '2019-05-14 00:12:12', NULL),
(3094, 200, 2, '5cd9dcac7d597', 26, '69', 'NULL', NULL, 1, '2019-05-14 00:12:15', NULL),
(3095, 198, 2, '5cd9dc5c21ea9', 32, '89', 'NULL', NULL, 1, '2019-05-14 00:12:15', NULL),
(3096, 198, 2, '5cd9dc5c21ea9', 33, '6', 'NULL', NULL, 1, '2019-05-14 00:12:22', NULL),
(3097, 198, 2, '5cd9dc5c21ea9', 35, '94', 'NULL', NULL, 1, '2019-05-14 00:12:26', NULL),
(3098, 200, 2, '5cd9dcac7d597', 14, '39', 'NULL', NULL, 1, '2019-05-14 00:12:32', NULL),
(3099, 199, 2, '5cd9dc47ac63e', 14, '39', 'NULL', NULL, 1, '2019-05-14 00:12:32', NULL),
(3100, 198, 2, '5cd9dc5c21ea9', 38, '6', 'NULL', NULL, NULL, '2019-05-14 00:12:33', NULL),
(3101, 198, 2, '5cd9dc5c21ea9', 41, '6', 'NULL', NULL, NULL, '2019-05-14 00:12:38', NULL),
(3102, 198, 2, '5cd9dc5c21ea9', 38, '97', 'NULL', NULL, NULL, '2019-05-14 00:12:45', NULL),
(3103, 198, 2, '5cd9dc5c21ea9', 41, '104', 'NULL', NULL, NULL, '2019-05-14 00:12:50', NULL),
(3104, 198, 2, '5cd9dc5c21ea9', 38, '6', 'NULL', NULL, NULL, '2019-05-14 00:12:56', NULL),
(3105, 199, 2, '5cd9dc47ac63e', 28, '74', 'NULL', NULL, 1, '2019-05-14 00:13:02', NULL),
(3106, 198, 2, '5cd9dc5c21ea9', 41, '5', 'NULL', NULL, NULL, '2019-05-14 00:13:04', NULL),
(3107, 198, 2, '5cd9dc5c21ea9', 38, '96', 'NULL', NULL, NULL, '2019-05-14 00:13:10', NULL),
(3108, 198, 2, '5cd9dc5c21ea9', 41, '103', 'NULL', NULL, 1, '2019-05-14 00:13:16', NULL),
(3109, 199, 2, '5cd9dc47ac63e', 32, '88', 'NULL', NULL, NULL, '2019-05-14 00:13:17', NULL),
(3110, 199, 2, '5cd9dc47ac63e', 33, '6', 'NULL', NULL, 1, '2019-05-14 00:13:25', NULL),
(3111, 198, 2, '5cd9dc5c21ea9', 38, '96, 97', 'NULL', NULL, 1, '2019-05-14 00:13:34', NULL),
(3112, 198, 2, '5cd9dc5c21ea9', 51, '125, 124, 126', 'NULL', NULL, 1, '2019-05-14 00:13:56', NULL),
(3113, 199, 2, '5cd9dc47ac63e', 35, '94', 'NULL', NULL, 1, '2019-05-14 00:14:00', NULL),
(3114, 198, 2, '5cd9dc5c21ea9', 52, '129, 130', 'NULL', NULL, NULL, '2019-05-14 00:14:12', NULL),
(3115, 199, 2, '5cd9dc47ac63e', 36, '5', 'NULL', NULL, 1, '2019-05-14 00:14:20', NULL),
(3116, 198, 2, '5cd9dc5c21ea9', 54, '135', 'NULL', NULL, 1, '2019-05-14 00:14:27', NULL),
(3117, 199, 2, '5cd9dc47ac63e', 37, '5', 'NULL', NULL, 1, '2019-05-14 00:14:34', NULL),
(3118, 198, 2, '5cd9dc5c21ea9', 56, '143, 144, 147', 'NULL', NULL, NULL, '2019-05-14 00:14:41', NULL),
(3119, 202, 1, '5cd9de3ad206c', 8, '21', 'NULL', NULL, 1, '2019-05-14 00:14:51', NULL),
(3120, 199, 2, '5cd9dc47ac63e', 38, '96', 'NULL', NULL, NULL, '2019-05-14 00:14:52', NULL),
(3121, 199, 2, '5cd9dc47ac63e', 39, '5', 'NULL', NULL, 1, '2019-05-14 00:15:01', NULL),
(3122, 198, 2, '5cd9dc5c21ea9', 57, '156', 'NULL', NULL, 1, '2019-05-14 00:15:04', NULL),
(3123, 202, 1, '5cd9de3ad206c', 9, '27', 'NULL', NULL, NULL, '2019-05-14 00:15:07', NULL),
(3124, 202, 1, '5cd9de3ad206c', 10, '31', 'NULL', NULL, 1, '2019-05-14 00:15:18', NULL),
(3125, 199, 2, '5cd9dc47ac63e', 41, '5', 'NULL', NULL, NULL, '2019-05-14 00:15:28', NULL),
(3126, 199, 2, '5cd9dc47ac63e', 42, '106', 'NULL', NULL, NULL, '2019-05-14 00:15:38', NULL),
(3127, 202, 1, '5cd9de3ad206c', 11, '5', 'NULL', NULL, 1, '2019-05-14 00:15:43', NULL),
(3128, 199, 2, '5cd9dc47ac63e', 32, '89', 'NULL', NULL, 1, '2019-05-14 00:15:50', NULL),
(3129, 202, 1, '5cd9de3ad206c', 12, '36', 'NULL', NULL, 1, '2019-05-14 00:16:03', NULL),
(3130, 202, 1, '5cd9de3ad206c', 13, '5', 'NULL', NULL, 1, '2019-05-14 00:16:13', NULL),
(3131, 199, 2, '5cd9dc47ac63e', 38, '97', 'NULL', NULL, NULL, '2019-05-14 00:16:14', NULL),
(3132, 199, 2, '5cd9dc47ac63e', 41, '103', 'NULL', NULL, 1, '2019-05-14 00:16:24', NULL),
(3133, 198, 2, '5cd9dc5c21ea9', 59, '162', 'NULL', NULL, NULL, '2019-05-14 00:16:27', NULL),
(3134, 199, 2, '5cd9dc47ac63e', 42, '105', 'NULL', NULL, 1, '2019-05-14 00:16:30', NULL),
(3135, 202, 1, '5cd9de3ad206c', 14, '40', 'NULL', NULL, NULL, '2019-05-14 00:16:37', NULL),
(3136, 198, 2, '5cd9dc5c21ea9', 61, '175', 'NULL', NULL, 1, '2019-05-14 00:16:38', NULL),
(3137, 198, 2, '5cd9dc5c21ea9', 62, '176', 'NULL', NULL, NULL, '2019-05-14 00:16:46', NULL),
(3138, 199, 2, '5cd9dc47ac63e', 38, '6', 'NULL', NULL, NULL, '2019-05-14 00:16:53', NULL),
(3139, 202, 1, '5cd9de3ad206c', 15, '41', 'NULL', NULL, NULL, '2019-05-14 00:16:54', NULL),
(3140, 199, 2, '5cd9dc47ac63e', 38, '96', 'NULL', NULL, NULL, '2019-05-14 00:16:58', NULL),
(3141, 202, 1, '5cd9de3ad206c', 16, '5', 'NULL', NULL, 1, '2019-05-14 00:16:58', NULL),
(3142, 198, 2, '5cd9dc5c21ea9', 63, '183', 'NULL', NULL, NULL, '2019-05-14 00:16:59', NULL),
(3143, 198, 2, '5cd9dc5c21ea9', 64, '6', 'NULL', NULL, 1, '2019-05-14 00:17:06', NULL),
(3144, 199, 2, '5cd9dc47ac63e', 38, '96', 'NULL', NULL, NULL, '2019-05-14 00:17:06', NULL),
(3145, 202, 1, '5cd9de3ad206c', 17, '43', 'NULL', NULL, NULL, '2019-05-14 00:17:08', NULL),
(3146, 199, 2, '5cd9dc47ac63e', 38, '6', 'NULL', NULL, NULL, '2019-05-14 00:17:10', NULL),
(3147, 198, 2, '5cd9dc5c21ea9', 52, '130, 128', 'NULL', NULL, NULL, '2019-05-14 00:17:13', NULL),
(3148, 202, 1, '5cd9de3ad206c', 18, '45', 'NULL', NULL, 1, '2019-05-14 00:17:14', NULL),
(3149, 199, 2, '5cd9dc47ac63e', 38, '97', 'NULL', NULL, NULL, '2019-05-14 00:17:16', NULL),
(3150, 202, 1, '5cd9de3ad206c', 19, '5', 'NULL', NULL, 1, '2019-05-14 00:17:21', NULL),
(3151, 199, 2, '5cd9dc47ac63e', 38, '6', 'NULL', NULL, NULL, '2019-05-14 00:17:32', NULL),
(3152, 198, 2, '5cd9dc5c21ea9', 56, '147, 143', 'NULL', NULL, NULL, '2019-05-14 00:17:32', NULL),
(3153, 202, 1, '5cd9de3ad206c', 20, '51', 'NULL', NULL, NULL, '2019-05-14 00:17:34', NULL),
(3154, 198, 2, '5cd9dc5c21ea9', 59, '165', 'NULL', NULL, NULL, '2019-05-14 00:17:37', NULL),
(3155, 199, 2, '5cd9dc47ac63e', 38, '96', 'NULL', NULL, NULL, '2019-05-14 00:17:39', NULL),
(3156, 202, 1, '5cd9de3ad206c', 21, '5', 'NULL', NULL, 1, '2019-05-14 00:17:42', NULL),
(3157, 198, 2, '5cd9dc5c21ea9', 62, '179', 'NULL', NULL, NULL, '2019-05-14 00:17:42', NULL),
(3158, 199, 2, '5cd9dc47ac63e', 38, '97', 'NULL', NULL, NULL, '2019-05-14 00:17:43', NULL),
(3159, 198, 2, '5cd9dc5c21ea9', 63, '181', 'NULL', NULL, NULL, '2019-05-14 00:17:47', NULL),
(3160, 202, 1, '5cd9de3ad206c', 22, '55', 'NULL', NULL, NULL, '2019-05-14 00:17:50', NULL),
(3161, 202, 1, '5cd9de3ad206c', 23, '57', 'NULL', NULL, 1, '2019-05-14 00:17:57', NULL),
(3162, 198, 2, '5cd9dc5c21ea9', 52, '130, 129', 'NULL', NULL, NULL, '2019-05-14 00:17:58', NULL),
(3163, 199, 2, '5cd9dc47ac63e', 38, '96, 97', 'NULL', NULL, 1, '2019-05-14 00:18:04', NULL),
(3164, 202, 1, '5cd9de3ad206c', 24, '60', 'NULL', NULL, NULL, '2019-05-14 00:18:05', NULL),
(3165, 198, 2, '5cd9dc5c21ea9', 56, '143', 'NULL', NULL, NULL, '2019-05-14 00:18:08', NULL),
(3166, 198, 2, '5cd9dc5c21ea9', 59, '162', 'NULL', NULL, NULL, '2019-05-14 00:18:14', NULL),
(3167, 198, 2, '5cd9dc5c21ea9', 62, '178', 'NULL', NULL, 1, '2019-05-14 00:18:18', NULL),
(3168, 202, 1, '5cd9de3ad206c', 25, '66', 'NULL', NULL, NULL, '2019-05-14 00:18:19', NULL),
(3169, 202, 1, '5cd9de3ad206c', 26, '67', 'NULL', NULL, NULL, '2019-05-14 00:18:28', NULL),
(3170, 199, 2, '5cd9dc47ac63e', 51, '127', 'NULL', NULL, NULL, '2019-05-14 00:18:29', NULL),
(3171, 198, 2, '5cd9dc5c21ea9', 63, '182', 'NULL', NULL, NULL, '2019-05-14 00:18:32', NULL),
(3172, 202, 1, '5cd9de3ad206c', 27, '71', 'NULL', NULL, 1, '2019-05-14 00:18:37', NULL),
(3173, 198, 2, '5cd9dc5c21ea9', 52, '129, 130, 128', 'NULL', NULL, NULL, '2019-05-14 00:18:38', NULL),
(3174, 199, 2, '5cd9dc47ac63e', 52, '129', 'NULL', NULL, NULL, '2019-05-14 00:18:46', NULL),
(3175, 198, 2, '5cd9dc5c21ea9', 56, '140', 'NULL', NULL, NULL, '2019-05-14 00:18:48', NULL),
(3176, 202, 1, '5cd9de3ad206c', 9, '26', 'NULL', NULL, 1, '2019-05-14 00:18:51', NULL),
(3177, 202, 1, '5cd9de3ad206c', 14, '38', 'NULL', NULL, NULL, '2019-05-14 00:19:06', NULL),
(3178, 202, 1, '5cd9de3ad206c', 15, '5', 'NULL', NULL, 1, '2019-05-14 00:19:11', NULL),
(3179, 198, 2, '5cd9dc5c21ea9', 59, '163', 'NULL', NULL, NULL, '2019-05-14 00:19:11', NULL),
(3180, 199, 2, '5cd9dc47ac63e', 54, '136', 'NULL', NULL, NULL, '2019-05-14 00:19:14', NULL),
(3181, 202, 1, '5cd9de3ad206c', 17, '5', 'NULL', NULL, 1, '2019-05-14 00:19:17', NULL),
(3182, 198, 2, '5cd9dc5c21ea9', 63, '183', 'NULL', NULL, NULL, '2019-05-14 00:19:20', NULL),
(3183, 202, 1, '5cd9de3ad206c', 20, '49', 'NULL', NULL, NULL, '2019-05-14 00:19:24', NULL),
(3184, 202, 1, '5cd9de3ad206c', 22, '56', 'NULL', NULL, 1, '2019-05-14 00:19:28', NULL),
(3185, 202, 1, '5cd9de3ad206c', 24, '59', 'NULL', NULL, NULL, '2019-05-14 00:19:32', NULL),
(3186, 199, 2, '5cd9dc47ac63e', 56, '143', 'NULL', NULL, NULL, '2019-05-14 00:19:34', NULL),
(3187, 202, 1, '5cd9de3ad206c', 25, '65', 'NULL', NULL, 1, '2019-05-14 00:19:37', NULL),
(3188, 202, 1, '5cd9de3ad206c', 26, '68', 'NULL', NULL, NULL, '2019-05-14 00:19:41', NULL),
(3189, 199, 2, '5cd9dc47ac63e', 57, '154', 'NULL', NULL, NULL, '2019-05-14 00:19:43', NULL),
(3190, 198, 2, '5cd9dc5c21ea9', 52, '129, 130', 'NULL', NULL, NULL, '2019-05-14 00:19:45', NULL),
(3191, 202, 1, '5cd9de3ad206c', 14, '39', 'NULL', NULL, 1, '2019-05-14 00:19:46', NULL),
(3192, 202, 1, '5cd9de3ad206c', 20, '50', 'NULL', NULL, 1, '2019-05-14 00:19:51', NULL),
(3193, 202, 1, '5cd9de3ad206c', 24, '61', 'NULL', NULL, 1, '2019-05-14 00:19:59', NULL),
(3194, 198, 2, '5cd9dc5c21ea9', 56, '143, 147, 152', 'NULL', NULL, 1, '2019-05-14 00:20:01', NULL),
(3195, 202, 1, '5cd9de3ad206c', 26, '69', 'NULL', NULL, 1, '2019-05-14 00:20:03', NULL),
(3196, 202, 1, '5cd9de3ad206c', 28, '74', 'NULL', NULL, 1, '2019-05-14 00:20:13', NULL),
(3197, 202, 1, '5cd9de3ad206c', 29, '78, 77', 'NULL', NULL, NULL, '2019-05-14 00:20:21', NULL),
(3198, 198, 2, '5cd9dc5c21ea9', 59, '164', 'NULL', NULL, NULL, '2019-05-14 00:20:22', NULL),
(3199, 198, 2, '5cd9dc5c21ea9', 63, '180', 'NULL', NULL, NULL, '2019-05-14 00:20:29', NULL),
(3200, 202, 1, '5cd9de3ad206c', 30, '81', 'NULL', NULL, NULL, '2019-05-14 00:20:34', NULL),
(3201, 202, 1, '5cd9de3ad206c', 31, '6', 'NULL', NULL, 1, '2019-05-14 00:20:40', NULL),
(3202, 198, 2, '5cd9dc5c21ea9', 52, '129, 128', 'NULL', NULL, 1, '2019-05-14 00:20:44', NULL),
(3203, 202, 1, '5cd9de3ad206c', 32, '88', 'NULL', NULL, NULL, '2019-05-14 00:20:51', NULL),
(3204, 202, 1, '5cd9de3ad206c', 33, '5', 'NULL', NULL, NULL, '2019-05-14 00:20:56', NULL),
(3205, 198, 2, '5cd9dc5c21ea9', 59, '163', 'NULL', NULL, NULL, '2019-05-14 00:21:01', NULL),
(3206, 202, 1, '5cd9de3ad206c', 34, '90', 'NULL', NULL, 1, '2019-05-14 00:21:05', NULL),
(3207, 198, 2, '5cd9dc5c21ea9', 63, '181', 'NULL', NULL, NULL, '2019-05-14 00:21:09', NULL),
(3208, 202, 1, '5cd9de3ad206c', 35, '5', 'NULL', NULL, NULL, '2019-05-14 00:21:11', NULL),
(3209, 202, 1, '5cd9de3ad206c', 36, '5', 'NULL', NULL, 1, '2019-05-14 00:21:16', NULL),
(3210, 198, 2, '5cd9dc5c21ea9', 59, '164', 'NULL', NULL, NULL, '2019-05-14 00:21:19', NULL),
(3211, 202, 1, '5cd9de3ad206c', 37, '5', 'NULL', NULL, 1, '2019-05-14 00:21:26', NULL),
(3212, 198, 2, '5cd9dc5c21ea9', 63, '183, 181', 'NULL', NULL, NULL, '2019-05-14 00:21:49', NULL),
(3213, 202, 1, '5cd9de3ad206c', 38, '96, 97', 'NULL', NULL, 1, '2019-05-14 00:22:11', NULL),
(3214, 198, 2, '5cd9dc5c21ea9', 59, '166', 'NULL', NULL, 1, '2019-05-14 00:22:22', NULL),
(3215, 198, 2, '5cd9dc5c21ea9', 63, '180, 183', 'NULL', NULL, 1, '2019-05-14 00:23:02', NULL),
(3216, 203, 3, '5cda916599295', 9, '26', 'NULL', NULL, 1, '2019-05-14 12:59:17', NULL),
(3217, 203, 3, '5cda916599295', 11, '5', 'NULL', NULL, 1, '2019-05-14 12:59:43', NULL),
(3218, 203, 3, '5cda916599295', 12, '33', 'NULL', NULL, NULL, '2019-05-14 13:00:02', NULL),
(3219, 203, 3, '5cda916599295', 13, '5', 'NULL', NULL, 1, '2019-05-14 13:00:17', NULL),
(3220, 203, 3, '5cda916599295', 14, '40', 'NULL', NULL, NULL, '2019-05-14 13:00:38', NULL),
(3221, 203, 3, '5cda916599295', 19, '5', 'NULL', NULL, 1, '2019-05-14 13:00:43', NULL),
(3222, 203, 3, '5cda916599295', 21, '5', 'NULL', NULL, 1, '2019-05-14 13:01:15', NULL),
(3223, 203, 3, '5cda916599295', 22, '55', 'NULL', NULL, NULL, '2019-05-14 13:01:48', NULL),
(3224, 203, 3, '5cda916599295', 25, '65', 'NULL', NULL, 1, '2019-05-14 13:01:55', NULL),
(3225, 203, 3, '5cda916599295', 26, '67', 'NULL', NULL, NULL, '2019-05-14 13:02:04', NULL),
(3226, 203, 3, '5cda916599295', 12, '34', 'NULL', NULL, NULL, '2019-05-14 13:02:15', NULL),
(3227, 203, 3, '5cda916599295', 12, '36', 'NULL', NULL, 1, '2019-05-14 13:02:25', NULL),
(3228, 203, 3, '5cda916599295', 14, '38', 'NULL', NULL, NULL, '2019-05-14 13:02:44', NULL),
(3229, 203, 3, '5cda916599295', 14, '39', 'NULL', NULL, 1, '2019-05-14 13:02:47', NULL),
(3230, 203, 3, '5cda916599295', 22, '54', 'NULL', NULL, NULL, '2019-05-14 13:03:02', NULL),
(3231, 203, 3, '5cda916599295', 22, '56', 'NULL', NULL, 1, '2019-05-14 13:03:04', NULL),
(3232, 203, 3, '5cda916599295', 26, '68', 'NULL', NULL, NULL, '2019-05-14 13:03:17', NULL),
(3233, 203, 3, '5cda916599295', 26, '69', 'NULL', NULL, 1, '2019-05-14 13:03:22', NULL),
(3234, 203, 3, '5cda916599295', 28, '74', 'NULL', NULL, 1, '2019-05-14 13:03:34', NULL),
(3235, 203, 3, '5cda916599295', 32, '88', 'NULL', NULL, NULL, '2019-05-14 13:03:47', NULL),
(3236, 203, 3, '5cda916599295', 33, '6', 'NULL', NULL, 1, '2019-05-14 13:03:54', NULL),
(3237, 203, 3, '5cda916599295', 35, '5', 'NULL', NULL, NULL, '2019-05-14 13:04:21', NULL),
(3238, 203, 3, '5cda916599295', 36, '95', 'NULL', NULL, NULL, '2019-05-14 13:04:28', NULL),
(3239, 204, 3, '5cda9299765c1', 9, '26', 'NULL', NULL, 1, '2019-05-14 13:04:30', NULL),
(3240, 203, 3, '5cda916599295', 37, '6', 'NULL', NULL, NULL, '2019-05-14 13:04:40', NULL),
(3241, 203, 3, '5cda916599295', 38, '97, 96', 'NULL', NULL, 1, '2019-05-14 13:04:49', NULL),
(3242, 204, 3, '5cda9299765c1', 11, '6', 'NULL', NULL, NULL, '2019-05-14 13:05:04', NULL),
(3243, 203, 3, '5cda916599295', 39, '5', 'NULL', NULL, 1, '2019-05-14 13:05:16', NULL),
(3244, 204, 3, '5cda9299765c1', 12, '35', 'NULL', NULL, NULL, '2019-05-14 13:05:21', NULL),
(3245, 204, 3, '5cda9299765c1', 13, '37', 'NULL', NULL, NULL, '2019-05-14 13:05:28', NULL),
(3246, 203, 3, '5cda916599295', 41, '103', 'NULL', NULL, 1, '2019-05-14 13:05:36', NULL),
(3247, 204, 3, '5cda9299765c1', 14, '38', 'NULL', NULL, NULL, '2019-05-14 13:05:45', NULL),
(3248, 204, 3, '5cda9299765c1', 19, '5', 'NULL', NULL, 1, '2019-05-14 13:05:52', NULL),
(3249, 203, 3, '5cda916599295', 42, '106', 'NULL', NULL, NULL, '2019-05-14 13:05:55', NULL),
(3250, 203, 3, '5cda916599295', 32, '87', 'NULL', NULL, NULL, '2019-05-14 13:06:05', NULL),
(3251, 203, 3, '5cda916599295', 32, '89', 'NULL', NULL, 1, '2019-05-14 13:06:08', NULL),
(3252, 204, 3, '5cda9299765c1', 21, '52', 'NULL', NULL, NULL, '2019-05-14 13:06:12', NULL),
(3253, 204, 3, '5cda9299765c1', 22, '55', 'NULL', NULL, NULL, '2019-05-14 13:06:18', NULL),
(3254, 203, 3, '5cda916599295', 35, '94', 'NULL', NULL, 1, '2019-05-14 13:06:26', NULL),
(3255, 204, 3, '5cda9299765c1', 25, '66', 'NULL', NULL, NULL, '2019-05-14 13:06:29', NULL),
(3256, 204, 3, '5cda9299765c1', 26, '67', 'NULL', NULL, NULL, '2019-05-14 13:06:39', NULL),
(3257, 203, 3, '5cda916599295', 36, '5', 'NULL', NULL, 1, '2019-05-14 13:06:43', NULL),
(3258, 203, 3, '5cda916599295', 37, '6', 'NULL', NULL, NULL, '2019-05-14 13:07:10', NULL),
(3259, 203, 3, '5cda916599295', 37, '5', 'NULL', NULL, 1, '2019-05-14 13:07:13', NULL),
(3260, 203, 3, '5cda916599295', 42, '105', 'NULL', NULL, 1, '2019-05-14 13:07:26', NULL),
(3261, 203, 3, '5cda916599295', 51, '125, 126', 'NULL', NULL, NULL, '2019-05-14 13:07:54', NULL),
(3262, 203, 3, '5cda916599295', 52, '128, 129', 'NULL', NULL, 1, '2019-05-14 13:08:27', NULL),
(3263, 203, 3, '5cda916599295', 54, '135', 'NULL', NULL, 1, '2019-05-14 13:09:00', NULL),
(3264, 203, 3, '5cda916599295', 56, '143, 152, 140', 'NULL', NULL, NULL, '2019-05-14 13:09:29', NULL),
(3265, 203, 3, '5cda916599295', 57, '156', 'NULL', NULL, 1, '2019-05-14 13:09:44', NULL),
(3266, 203, 3, '5cda916599295', 59, '165', 'NULL', NULL, NULL, '2019-05-14 13:10:23', NULL),
(3267, 203, 3, '5cda916599295', 61, '173', 'NULL', NULL, NULL, '2019-05-14 13:10:36', NULL),
(3268, 203, 3, '5cda916599295', 62, '177', 'NULL', NULL, NULL, '2019-05-14 13:10:41', NULL),
(3269, 203, 3, '5cda916599295', 63, '180', 'NULL', NULL, NULL, '2019-05-14 13:10:54', NULL),
(3270, 203, 3, '5cda916599295', 64, '184', 'NULL', NULL, NULL, '2019-05-14 13:11:03', NULL),
(3271, 205, 1, '5cda9412b0e7b', 8, '23', 'NULL', NULL, NULL, '2019-05-14 13:11:05', NULL),
(3272, 205, 1, '5cda9412b0e7b', 9, '26', 'NULL', NULL, 1, '2019-05-14 13:11:19', NULL),
(3273, 203, 3, '5cda916599295', 51, '126, 124', 'NULL', NULL, NULL, '2019-05-14 13:11:19', NULL),
(3274, 203, 3, '5cda916599295', 51, '127', 'NULL', NULL, NULL, '2019-05-14 13:11:22', NULL),
(3275, 203, 3, '5cda916599295', 51, '124, 126', 'NULL', NULL, NULL, '2019-05-14 13:11:25', NULL),
(3276, 205, 1, '5cda9412b0e7b', 10, '31', 'NULL', NULL, 1, '2019-05-14 13:11:28', NULL),
(3277, 203, 3, '5cda916599295', 51, '126, 124, 127', 'NULL', NULL, NULL, '2019-05-14 13:11:29', NULL),
(3278, 203, 3, '5cda916599295', 51, '125, 127', 'NULL', NULL, NULL, '2019-05-14 13:11:32', NULL),
(3279, 203, 3, '5cda916599295', 51, '126, 127', 'NULL', NULL, NULL, '2019-05-14 13:11:35', NULL),
(3280, 205, 1, '5cda9412b0e7b', 11, '5', 'NULL', NULL, 1, '2019-05-14 13:11:40', NULL),
(3281, 203, 3, '5cda916599295', 51, '124, 126, 125', 'NULL', NULL, 1, '2019-05-14 13:11:44', NULL),
(3282, 205, 1, '5cda9412b0e7b', 12, '36', 'NULL', NULL, 1, '2019-05-14 13:11:56', NULL),
(3283, 205, 1, '5cda9412b0e7b', 13, '5', 'NULL', NULL, 1, '2019-05-14 13:12:03', NULL),
(3284, 203, 3, '5cda916599295', 56, '147, 140, 143', 'NULL', NULL, NULL, '2019-05-14 13:12:14', NULL),
(3285, 205, 1, '5cda9412b0e7b', 14, '40', 'NULL', NULL, NULL, '2019-05-14 13:12:22', NULL),
(3286, 205, 1, '5cda9412b0e7b', 15, '5', 'NULL', NULL, 1, '2019-05-14 13:12:32', NULL),
(3287, 203, 3, '5cda916599295', 56, '152, 143, 147, 144, 142', 'NULL', NULL, NULL, '2019-05-14 13:12:39', NULL),
(3288, 205, 1, '5cda9412b0e7b', 16, '5', 'NULL', NULL, 1, '2019-05-14 13:12:45', NULL),
(3289, 158, 2, '5cda9aefab6f6', 9, '26', 'NULL', NULL, 1, '2019-05-14 13:40:21', NULL),
(3290, 158, 2, '5cda9aefab6f6', 11, '5', 'NULL', NULL, 1, '2019-05-14 13:40:27', NULL),
(3291, 158, 2, '5cda9aefab6f6', 12, '36', 'NULL', NULL, 1, '2019-05-14 13:40:35', NULL),
(3292, 158, 2, '5cda9aefab6f6', 13, '5', 'NULL', NULL, 1, '2019-05-14 13:41:18', NULL),
(3293, 158, 2, '5cda9aefab6f6', 14, '39', 'NULL', NULL, 1, '2019-05-14 13:41:22', NULL),
(3294, 158, 2, '5cda9aefab6f6', 19, '5', 'NULL', NULL, 1, '2019-05-14 13:41:27', NULL),
(3295, 158, 2, '5cda9aefab6f6', 21, '5', 'NULL', NULL, 1, '2019-05-14 13:41:31', NULL),
(3296, 158, 2, '5cda9aefab6f6', 22, '56', 'NULL', NULL, 1, '2019-05-14 13:41:37', NULL),
(3297, 158, 2, '5cda9aefab6f6', 25, '65', 'NULL', NULL, 1, '2019-05-14 13:41:44', NULL),
(3298, 158, 2, '5cda9aefab6f6', 26, '69', 'NULL', NULL, 1, '2019-05-14 13:41:48', NULL),
(3299, 158, 2, '5cda9aefab6f6', 28, '74', 'NULL', NULL, 1, '2019-05-14 13:42:02', NULL),
(3300, 158, 2, '5cda9aefab6f6', 32, '89', 'NULL', NULL, 1, '2019-05-14 13:42:08', NULL),
(3301, 158, 2, '5cda9aefab6f6', 33, '6', 'NULL', NULL, 1, '2019-05-14 13:42:15', NULL),
(3302, 158, 2, '5cda9aefab6f6', 35, '94', 'NULL', NULL, 1, '2019-05-14 13:42:21', NULL),
(3303, 158, 2, '5cda9aefab6f6', 36, '5', 'NULL', NULL, 1, '2019-05-14 13:42:26', NULL),
(3304, 158, 2, '5cda9aefab6f6', 37, '5', 'NULL', NULL, 1, '2019-05-14 13:42:31', NULL),
(3305, 158, 2, '5cda9aefab6f6', 38, '96, 97', 'NULL', NULL, 1, '2019-05-14 13:42:37', NULL),
(3306, 158, 2, '5cda9aefab6f6', 39, '5', 'NULL', NULL, 1, '2019-05-14 13:42:43', NULL),
(3307, 158, 2, '5cda9aefab6f6', 41, '103', 'NULL', NULL, 1, '2019-05-14 13:42:50', NULL),
(3308, 158, 2, '5cda9aefab6f6', 42, '105', 'NULL', NULL, 1, '2019-05-14 13:42:54', NULL),
(3309, 158, 2, '5cda9aefab6f6', 51, '124, 126', 'NULL', NULL, NULL, '2019-05-14 13:43:12', NULL),
(3310, 158, 2, '5cda9aefab6f6', 52, '129, 128', 'NULL', NULL, 1, '2019-05-14 13:43:33', NULL),
(3311, 158, 2, '5cda9aefab6f6', 54, '135', 'NULL', NULL, 1, '2019-05-14 13:43:44', NULL),
(3312, 158, 2, '5cda9aefab6f6', 56, '147, 143, 152', 'NULL', NULL, 1, '2019-05-14 13:44:04', NULL),
(3313, 158, 2, '5cda9aefab6f6', 57, '156', 'NULL', NULL, 1, '2019-05-14 13:44:27', NULL),
(3314, 158, 2, '5cda9aefab6f6', 59, '162', 'NULL', NULL, NULL, '2019-05-14 13:45:13', NULL),
(3315, 158, 2, '5cda9aefab6f6', 61, '175', 'NULL', NULL, 1, '2019-05-14 13:45:22', NULL),
(3316, 158, 2, '5cda9aefab6f6', 62, '176', 'NULL', NULL, NULL, '2019-05-14 13:45:29', NULL),
(3317, 158, 2, '5cda9aefab6f6', 63, '180, 182', 'NULL', NULL, NULL, '2019-05-14 13:45:43', NULL),
(3318, 158, 2, '5cda9aefab6f6', 64, '6', 'NULL', NULL, 1, '2019-05-14 13:45:48', NULL),
(3319, 158, 2, '5cda9aefab6f6', 51, '124, 125, 126', 'NULL', NULL, 1, '2019-05-14 13:46:18', NULL),
(3320, 158, 2, '5cda9aefab6f6', 59, '164', 'NULL', NULL, NULL, '2019-05-14 13:46:23', NULL),
(3321, 158, 2, '5cda9aefab6f6', 62, '179', 'NULL', NULL, NULL, '2019-05-14 13:46:27', NULL),
(3322, 158, 2, '5cda9aefab6f6', 63, '180, 183', 'NULL', NULL, 1, '2019-05-14 13:46:44', NULL),
(3323, 158, 2, '5cda9aefab6f6', 59, '165', 'NULL', NULL, NULL, '2019-05-14 13:46:58', NULL),
(3324, 158, 2, '5cda9aefab6f6', 62, '177', 'NULL', NULL, NULL, '2019-05-14 13:47:02', NULL),
(3325, 158, 2, '5cda9aefab6f6', 59, '166', 'NULL', NULL, 1, '2019-05-14 13:47:17', NULL),
(3326, 158, 2, '5cda9aefab6f6', 62, '177', 'NULL', NULL, NULL, '2019-05-14 13:47:28', NULL),
(3327, 158, 2, '5cda9aefab6f6', 62, '176', 'NULL', NULL, NULL, '2019-05-14 13:47:33', NULL),
(3328, 158, 2, '5cda9aefab6f6', 62, '179', 'NULL', NULL, NULL, '2019-05-14 13:47:38', NULL),
(3329, 158, 2, '5cda9aefab6f6', 62, '178', 'NULL', NULL, 1, '2019-05-14 13:47:43', NULL),
(3330, 206, 2, '5cdae00d82e1b', 9, '26', 'NULL', NULL, 1, '2019-05-14 18:35:35', NULL),
(3331, 206, 2, '5cdae00d82e1b', 11, '5', 'NULL', NULL, 1, '2019-05-14 18:35:52', NULL),
(3332, 206, 2, '5cdae00d82e1b', 12, '34', 'NULL', NULL, NULL, '2019-05-14 18:36:15', NULL),
(3333, 206, 2, '5cdae00d82e1b', 13, '37', 'NULL', NULL, NULL, '2019-05-14 18:36:28', NULL),
(3334, 206, 2, '5cdae00d82e1b', 14, '39', 'NULL', NULL, 1, '2019-05-14 18:36:48', NULL),
(3335, 206, 2, '5cdae00d82e1b', 19, '5', 'NULL', NULL, 1, '2019-05-14 18:36:58', NULL),
(3336, 206, 2, '5cdae00d82e1b', 21, '5', 'NULL', NULL, 1, '2019-05-14 18:37:10', NULL),
(3337, 206, 2, '5cdae00d82e1b', 22, '56', 'NULL', NULL, 1, '2019-05-14 18:37:17', NULL),
(3338, 206, 2, '5cdae00d82e1b', 25, '66', 'NULL', NULL, NULL, '2019-05-14 18:37:30', NULL),
(3339, 206, 2, '5cdae00d82e1b', 26, '67', 'NULL', NULL, NULL, '2019-05-14 18:37:40', NULL),
(3340, 207, 2, '5cdaec4328795', 9, '26', 'NULL', NULL, 1, '2019-05-14 19:27:04', NULL),
(3341, 208, 1, '5cdb1727560cf', 8, '21', 'NULL', NULL, 1, '2019-05-14 22:29:58', NULL),
(3342, 208, 1, '5cdb1727560cf', 9, '27', 'NULL', NULL, NULL, '2019-05-14 22:30:23', NULL),
(3343, 208, 1, '5cdb1727560cf', 10, '30', 'NULL', NULL, NULL, '2019-05-14 22:30:36', NULL),
(3344, 208, 1, '5cdb1727560cf', 11, '5', 'NULL', NULL, 1, '2019-05-14 22:30:49', NULL),
(3345, 208, 1, '5cdb1727560cf', 12, '36', 'NULL', NULL, 1, '2019-05-14 22:31:07', NULL),
(3346, 208, 1, '5cdb1727560cf', 13, '5', 'NULL', NULL, 1, '2019-05-14 22:31:18', NULL),
(3347, 208, 1, '5cdb1727560cf', 14, '38', 'NULL', NULL, NULL, '2019-05-14 22:31:31', NULL),
(3348, 208, 1, '5cdb1727560cf', 15, '5', 'NULL', NULL, 1, '2019-05-14 22:31:39', NULL),
(3349, 208, 1, '5cdb1727560cf', 16, '5', 'NULL', NULL, 1, '2019-05-14 22:31:46', NULL),
(3350, 209, 1, '5cdb178c1a81c', 8, '22', 'NULL', NULL, NULL, '2019-05-14 22:31:54', NULL),
(3351, 208, 1, '5cdb1727560cf', 17, '5', 'NULL', NULL, 1, '2019-05-14 22:31:59', NULL),
(3352, 208, 1, '5cdb1727560cf', 18, '45', 'NULL', NULL, 1, '2019-05-14 22:32:08', NULL),
(3353, 208, 1, '5cdb1727560cf', 19, '5', 'NULL', NULL, 1, '2019-05-14 22:32:19', NULL),
(3354, 209, 1, '5cdb178c1a81c', 9, '27', 'NULL', NULL, NULL, '2019-05-14 22:32:19', NULL),
(3355, 208, 1, '5cdb1727560cf', 20, '49', 'NULL', NULL, NULL, '2019-05-14 22:32:33', NULL),
(3356, 209, 1, '5cdb178c1a81c', 10, '30', 'NULL', NULL, NULL, '2019-05-14 22:32:35', NULL),
(3357, 208, 1, '5cdb1727560cf', 21, '5', 'NULL', NULL, 1, '2019-05-14 22:32:47', NULL),
(3358, 209, 1, '5cdb178c1a81c', 11, '5', 'NULL', NULL, 1, '2019-05-14 22:32:54', NULL),
(3359, 208, 1, '5cdb1727560cf', 22, '55', 'NULL', NULL, NULL, '2019-05-14 22:33:02', NULL),
(3360, 208, 1, '5cdb1727560cf', 23, '57', 'NULL', NULL, 1, '2019-05-14 22:33:11', NULL),
(3361, 209, 1, '5cdb178c1a81c', 12, '36', 'NULL', NULL, 1, '2019-05-14 22:33:21', NULL),
(3362, 208, 1, '5cdb1727560cf', 24, '61', 'NULL', NULL, 1, '2019-05-14 22:33:23', NULL),
(3363, 208, 1, '5cdb1727560cf', 25, '66', 'NULL', NULL, NULL, '2019-05-14 22:33:33', NULL),
(3364, 209, 1, '5cdb178c1a81c', 13, '5', 'NULL', NULL, 1, '2019-05-14 22:33:40', NULL),
(3365, 208, 1, '5cdb1727560cf', 26, '69', 'NULL', NULL, 1, '2019-05-14 22:33:40', NULL),
(3366, 208, 1, '5cdb1727560cf', 27, '71', 'NULL', NULL, 1, '2019-05-14 22:33:53', NULL),
(3367, 209, 1, '5cdb178c1a81c', 14, '38', 'NULL', NULL, NULL, '2019-05-14 22:34:11', NULL),
(3368, 208, 1, '5cdb1727560cf', 9, '26', 'NULL', NULL, 1, '2019-05-14 22:34:12', NULL),
(3369, 208, 1, '5cdb1727560cf', 10, '31', 'NULL', NULL, 1, '2019-05-14 22:34:24', NULL),
(3370, 209, 1, '5cdb178c1a81c', 15, '41', 'NULL', NULL, NULL, '2019-05-14 22:34:24', NULL),
(3371, 209, 1, '5cdb178c1a81c', 16, '5', 'NULL', NULL, 1, '2019-05-14 22:34:35', NULL),
(3372, 208, 1, '5cdb1727560cf', 14, '40', 'NULL', NULL, NULL, '2019-05-14 22:34:39', NULL),
(3373, 208, 1, '5cdb1727560cf', 20, '49', 'NULL', NULL, NULL, '2019-05-14 22:34:53', NULL),
(3374, 208, 1, '5cdb1727560cf', 22, '56', 'NULL', NULL, 1, '2019-05-14 22:34:57', NULL),
(3375, 208, 1, '5cdb1727560cf', 25, '65', 'NULL', NULL, 1, '2019-05-14 22:35:05', NULL),
(3376, 209, 1, '5cdb178c1a81c', 17, '43', 'NULL', NULL, NULL, '2019-05-14 22:35:06', NULL),
(3377, 208, 1, '5cdb1727560cf', 14, '39', 'NULL', NULL, 1, '2019-05-14 22:35:12', NULL),
(3378, 208, 1, '5cdb1727560cf', 20, '51', 'NULL', NULL, NULL, '2019-05-14 22:35:19', NULL),
(3379, 208, 1, '5cdb1727560cf', 20, '50', 'NULL', NULL, 1, '2019-05-14 22:35:26', NULL),
(3380, 209, 1, '5cdb178c1a81c', 18, '45', 'NULL', NULL, 1, '2019-05-14 22:35:26', NULL),
(3381, 209, 1, '5cdb178c1a81c', 19, '5', 'NULL', NULL, 1, '2019-05-14 22:35:42', NULL),
(3382, 208, 1, '5cdb1727560cf', 28, '74', 'NULL', NULL, 1, '2019-05-14 22:35:48', NULL),
(3383, 208, 1, '5cdb1727560cf', 29, '77', 'NULL', NULL, NULL, '2019-05-14 22:36:01', NULL),
(3384, 209, 1, '5cdb178c1a81c', 20, '51', 'NULL', NULL, NULL, '2019-05-14 22:36:03', NULL),
(3385, 208, 1, '5cdb1727560cf', 30, '84', 'NULL', NULL, NULL, '2019-05-14 22:36:18', NULL),
(3386, 209, 1, '5cdb178c1a81c', 21, '5', 'NULL', NULL, 1, '2019-05-14 22:36:30', NULL),
(3387, 208, 1, '5cdb1727560cf', 31, '6', 'NULL', NULL, 1, '2019-05-14 22:36:34', NULL),
(3388, 208, 1, '5cdb1727560cf', 32, '88', 'NULL', NULL, NULL, '2019-05-14 22:36:45', NULL),
(3389, 208, 1, '5cdb1727560cf', 33, '5', 'NULL', NULL, NULL, '2019-05-14 22:36:55', NULL),
(3390, 208, 1, '5cdb1727560cf', 34, '90', 'NULL', NULL, 1, '2019-05-14 22:37:06', NULL),
(3391, 209, 1, '5cdb178c1a81c', 22, '55', 'NULL', NULL, NULL, '2019-05-14 22:37:16', NULL),
(3392, 208, 1, '5cdb1727560cf', 35, '94', 'NULL', NULL, 1, '2019-05-14 22:37:16', NULL),
(3393, 208, 1, '5cdb1727560cf', 36, '5', 'NULL', NULL, 1, '2019-05-14 22:37:26', NULL),
(3394, 209, 1, '5cdb178c1a81c', 23, '57', 'NULL', NULL, 1, '2019-05-14 22:37:31', NULL),
(3395, 208, 1, '5cdb1727560cf', 37, '6', 'NULL', NULL, NULL, '2019-05-14 22:37:37', NULL),
(3396, 208, 1, '5cdb1727560cf', 38, '97, 96', 'NULL', NULL, 1, '2019-05-14 22:37:48', NULL),
(3397, 209, 1, '5cdb178c1a81c', 24, '60', 'NULL', NULL, NULL, '2019-05-14 22:37:48', NULL),
(3398, 208, 1, '5cdb1727560cf', 39, '5', 'NULL', NULL, 1, '2019-05-14 22:37:58', NULL),
(3399, 209, 1, '5cdb178c1a81c', 25, '63', 'NULL', NULL, NULL, '2019-05-14 22:38:01', NULL),
(3400, 208, 1, '5cdb1727560cf', 40, '101', 'NULL', NULL, NULL, '2019-05-14 22:38:07', NULL),
(3401, 209, 1, '5cdb178c1a81c', 26, '67', 'NULL', NULL, NULL, '2019-05-14 22:38:10', NULL),
(3402, 208, 1, '5cdb1727560cf', 41, '103', 'NULL', NULL, 1, '2019-05-14 22:38:18', NULL),
(3403, 209, 1, '5cdb178c1a81c', 27, '71', 'NULL', NULL, 1, '2019-05-14 22:38:25', NULL),
(3404, 208, 1, '5cdb1727560cf', 42, '105', 'NULL', NULL, 1, '2019-05-14 22:38:30', NULL),
(3405, 208, 1, '5cdb1727560cf', 43, '108', 'NULL', NULL, NULL, '2019-05-14 22:38:43', NULL),
(3406, 208, 1, '5cdb1727560cf', 44, '6', 'NULL', NULL, 1, '2019-05-14 22:38:52', NULL),
(3407, 209, 1, '5cdb178c1a81c', 8, '23', 'NULL', NULL, NULL, '2019-05-14 22:38:55', NULL),
(3408, 208, 1, '5cdb1727560cf', 45, '6', 'NULL', NULL, NULL, '2019-05-14 22:38:58', NULL),
(3409, 208, 1, '5cdb1727560cf', 46, '5', 'NULL', NULL, 1, '2019-05-14 22:39:05', NULL),
(3410, 209, 1, '5cdb178c1a81c', 9, '26', 'NULL', NULL, 1, '2019-05-14 22:39:12', NULL),
(3411, 208, 1, '5cdb1727560cf', 47, '6', 'NULL', NULL, 1, '2019-05-14 22:39:17', NULL),
(3412, 208, 1, '5cdb1727560cf', 29, '78', 'NULL', NULL, NULL, '2019-05-14 22:39:26', NULL),
(3413, 209, 1, '5cdb178c1a81c', 10, '31', 'NULL', NULL, 1, '2019-05-14 22:39:31', NULL),
(3414, 208, 1, '5cdb1727560cf', 30, '83', 'NULL', NULL, NULL, '2019-05-14 22:39:36', NULL),
(3415, 208, 1, '5cdb1727560cf', 32, '88', 'NULL', NULL, NULL, '2019-05-14 22:39:51', NULL),
(3416, 208, 1, '5cdb1727560cf', 33, '5', 'NULL', NULL, NULL, '2019-05-14 22:39:57', NULL),
(3417, 209, 1, '5cdb178c1a81c', 14, '40', 'NULL', NULL, NULL, '2019-05-14 22:39:57', NULL),
(3418, 208, 1, '5cdb1727560cf', 37, '5', 'NULL', NULL, 1, '2019-05-14 22:40:02', NULL),
(3419, 209, 1, '5cdb178c1a81c', 15, '5', 'NULL', NULL, 1, '2019-05-14 22:40:05', NULL),
(3420, 208, 1, '5cdb1727560cf', 40, '102', 'NULL', NULL, NULL, '2019-05-14 22:40:08', NULL),
(3421, 208, 1, '5cdb1727560cf', 43, '5', 'NULL', NULL, 1, '2019-05-14 22:40:13', NULL),
(3422, 209, 1, '5cdb178c1a81c', 17, '5', 'NULL', NULL, 1, '2019-05-14 22:40:16', NULL),
(3423, 208, 1, '5cdb1727560cf', 45, '5', 'NULL', NULL, 1, '2019-05-14 22:40:19', NULL),
(3424, 208, 1, '5cdb1727560cf', 29, '79', 'NULL', NULL, NULL, '2019-05-14 22:40:30', NULL),
(3425, 208, 1, '5cdb1727560cf', 30, '82', 'NULL', NULL, 1, '2019-05-14 22:40:38', NULL),
(3426, 209, 1, '5cdb178c1a81c', 20, '49', 'NULL', NULL, NULL, '2019-05-14 22:40:41', NULL),
(3427, 208, 1, '5cdb1727560cf', 32, '87', 'NULL', NULL, NULL, '2019-05-14 22:40:48', NULL),
(3428, 209, 1, '5cdb178c1a81c', 22, '56', 'NULL', NULL, 1, '2019-05-14 22:40:49', NULL),
(3429, 208, 1, '5cdb1727560cf', 33, '6', 'NULL', NULL, 1, '2019-05-14 22:40:52', NULL),
(3430, 208, 1, '5cdb1727560cf', 40, '100', 'NULL', NULL, 1, '2019-05-14 22:41:02', NULL),
(3431, 209, 1, '5cdb178c1a81c', 24, '61', 'NULL', NULL, 1, '2019-05-14 22:41:09', NULL),
(3432, 208, 1, '5cdb1727560cf', 29, '76', 'NULL', NULL, NULL, '2019-05-14 22:41:12', NULL),
(3433, 208, 1, '5cdb1727560cf', 32, '88', 'NULL', NULL, NULL, '2019-05-14 22:41:16', NULL),
(3434, 209, 1, '5cdb178c1a81c', 25, '64', 'NULL', NULL, NULL, '2019-05-14 22:41:18', NULL),
(3435, 208, 1, '5cdb1727560cf', 29, '76', 'NULL', NULL, NULL, '2019-05-14 22:41:24', NULL),
(3436, 209, 1, '5cdb178c1a81c', 26, '69', 'NULL', NULL, 1, '2019-05-14 22:41:26', NULL),
(3437, 208, 1, '5cdb1727560cf', 32, '88', 'NULL', NULL, NULL, '2019-05-14 22:41:28', NULL),
(3438, 208, 1, '5cdb1727560cf', 29, '79', 'NULL', NULL, NULL, '2019-05-14 22:41:32', NULL),
(3439, 208, 1, '5cdb1727560cf', 32, '89', 'NULL', NULL, 1, '2019-05-14 22:41:36', NULL),
(3440, 209, 1, '5cdb178c1a81c', 8, '21', 'NULL', NULL, 1, '2019-05-14 22:41:43', NULL),
(3441, 208, 1, '5cdb1727560cf', 29, '78', 'NULL', NULL, NULL, '2019-05-14 22:41:46', NULL),
(3442, 208, 1, '5cdb1727560cf', 29, '78', 'NULL', NULL, NULL, '2019-05-14 22:41:52', NULL),
(3443, 208, 1, '5cdb1727560cf', 29, '76', 'NULL', NULL, NULL, '2019-05-14 22:41:59', NULL),
(3444, 209, 1, '5cdb178c1a81c', 14, '39', 'NULL', NULL, 1, '2019-05-14 22:42:07', NULL),
(3445, 208, 1, '5cdb1727560cf', 29, '78, 77', 'NULL', NULL, NULL, '2019-05-14 22:42:10', NULL),
(3446, 208, 1, '5cdb1727560cf', 29, '77, 79, 78', 'NULL', NULL, NULL, '2019-05-14 22:42:19', NULL),
(3447, 209, 1, '5cdb178c1a81c', 20, '50', 'NULL', NULL, 1, '2019-05-14 22:42:22', NULL),
(3448, 208, 1, '5cdb1727560cf', 29, '77, 78', 'NULL', NULL, NULL, '2019-05-14 22:42:26', NULL),
(3449, 208, 1, '5cdb1727560cf', 29, '76, 77, 79, 78', 'NULL', NULL, NULL, '2019-05-14 22:42:33', NULL),
(3450, 209, 1, '5cdb178c1a81c', 25, '65', 'NULL', NULL, 1, '2019-05-14 22:42:36', NULL),
(3451, 208, 1, '5cdb1727560cf', 29, '78, 79', 'NULL', NULL, 1, '2019-05-14 22:42:46', NULL),
(3452, 209, 1, '5cdb178c1a81c', 28, '74', 'NULL', NULL, 1, '2019-05-14 22:43:02', NULL),
(3453, 209, 1, '5cdb178c1a81c', 29, '79, 78, 77', 'NULL', NULL, NULL, '2019-05-14 22:43:34', NULL),
(3454, 209, 1, '5cdb178c1a81c', 30, '82', 'NULL', NULL, 1, '2019-05-14 22:43:59', NULL),
(3455, 209, 1, '5cdb178c1a81c', 31, '85', 'NULL', NULL, NULL, '2019-05-14 22:44:20', NULL),
(3456, 210, 1, '5cdb1a914cea6', 8, '23', 'NULL', NULL, NULL, '2019-05-14 22:44:34', NULL),
(3457, 209, 1, '5cdb178c1a81c', 32, '88', 'NULL', NULL, NULL, '2019-05-14 22:44:35', NULL),
(3458, 210, 1, '5cdb1a914cea6', 9, '26', 'NULL', NULL, 1, '2019-05-14 22:44:45', NULL),
(3459, 209, 1, '5cdb178c1a81c', 33, '5', 'NULL', NULL, NULL, '2019-05-14 22:44:48', NULL),
(3460, 208, 1, '5cdb1727560cf', 48, '112', 'NULL', NULL, NULL, '2019-05-14 22:44:52', NULL),
(3461, 209, 1, '5cdb178c1a81c', 34, '92', 'NULL', NULL, NULL, '2019-05-14 22:45:03', NULL),
(3462, 208, 1, '5cdb1727560cf', 49, '117', 'NULL', NULL, 1, '2019-05-14 22:45:04', NULL),
(3463, 210, 1, '5cdb1a914cea6', 10, '31', 'NULL', NULL, 1, '2019-05-14 22:45:06', NULL),
(3464, 209, 1, '5cdb178c1a81c', 35, '6', 'NULL', NULL, NULL, '2019-05-14 22:45:12', NULL),
(3465, 209, 1, '5cdb178c1a81c', 36, '6', 'NULL', NULL, NULL, '2019-05-14 22:45:20', NULL),
(3466, 208, 1, '5cdb1727560cf', 50, '121', 'NULL', NULL, 1, '2019-05-14 22:45:21', NULL),
(3467, 210, 1, '5cdb1a914cea6', 11, '6', 'NULL', NULL, NULL, '2019-05-14 22:45:26', NULL),
(3468, 209, 1, '5cdb178c1a81c', 37, '5', 'NULL', NULL, 1, '2019-05-14 22:45:33', NULL),
(3469, 210, 1, '5cdb1a914cea6', 12, '35', 'NULL', NULL, NULL, '2019-05-14 22:45:44', NULL),
(3470, 210, 1, '5cdb1a914cea6', 13, '5', 'NULL', NULL, 1, '2019-05-14 22:45:53', NULL),
(3471, 208, 1, '5cdb1727560cf', 51, '124, 126', 'NULL', NULL, NULL, '2019-05-14 22:45:55', NULL),
(3472, 209, 1, '5cdb178c1a81c', 38, '96', 'NULL', NULL, NULL, '2019-05-14 22:46:04', NULL),
(3473, 210, 1, '5cdb1a914cea6', 14, '40', 'NULL', NULL, NULL, '2019-05-14 22:46:08', NULL),
(3474, 210, 1, '5cdb1a914cea6', 15, '41', 'NULL', NULL, NULL, '2019-05-14 22:46:17', NULL),
(3475, 210, 1, '5cdb1a914cea6', 16, '5', 'NULL', NULL, 1, '2019-05-14 22:46:24', NULL),
(3476, 210, 1, '5cdb1a914cea6', 17, '43', 'NULL', NULL, NULL, '2019-05-14 22:46:42', NULL),
(3477, 210, 1, '5cdb1a914cea6', 18, '45', 'NULL', NULL, 1, '2019-05-14 22:46:52', NULL),
(3478, 210, 1, '5cdb1a914cea6', 19, '5', 'NULL', NULL, 1, '2019-05-14 22:47:08', NULL),
(3479, 210, 1, '5cdb1a914cea6', 20, '49', 'NULL', NULL, NULL, '2019-05-14 22:47:26', NULL),
(3480, 210, 1, '5cdb1a914cea6', 21, '52', 'NULL', NULL, NULL, '2019-05-14 22:47:43', NULL),
(3481, 210, 1, '5cdb1a914cea6', 22, '56', 'NULL', NULL, 1, '2019-05-14 22:47:53', NULL),
(3482, 210, 1, '5cdb1a914cea6', 23, '57', 'NULL', NULL, 1, '2019-05-14 22:48:10', NULL),
(3483, 210, 1, '5cdb1a914cea6', 24, '61', 'NULL', NULL, 1, '2019-05-14 22:48:31', NULL),
(3484, 210, 1, '5cdb1a914cea6', 25, '65', 'NULL', NULL, 1, '2019-05-14 22:48:43', NULL),
(3485, 210, 1, '5cdb1a914cea6', 26, '69', 'NULL', NULL, 1, '2019-05-14 22:48:55', NULL),
(3486, 210, 1, '5cdb1a914cea6', 27, '72', 'NULL', NULL, NULL, '2019-05-14 22:49:08', NULL),
(3487, 211, 1, '5cdb1f3fb08ef', 8, '21', 'NULL', NULL, 1, '2019-05-14 23:04:28', NULL),
(3488, 211, 1, '5cdb1f3fb08ef', 9, '26', 'NULL', NULL, 1, '2019-05-14 23:04:37', NULL),
(3489, 211, 1, '5cdb1f3fb08ef', 10, '31', 'NULL', NULL, 1, '2019-05-14 23:04:46', NULL),
(3490, 211, 1, '5cdb1f3fb08ef', 11, '5', 'NULL', NULL, 1, '2019-05-14 23:04:55', NULL),
(3491, 211, 1, '5cdb1f3fb08ef', 12, '36', 'NULL', NULL, 1, '2019-05-14 23:05:09', NULL),
(3492, 211, 1, '5cdb1f3fb08ef', 13, '5', 'NULL', NULL, 1, '2019-05-14 23:05:18', NULL),
(3493, 211, 1, '5cdb1f3fb08ef', 14, '40', 'NULL', NULL, NULL, '2019-05-14 23:05:40', NULL),
(3494, 211, 1, '5cdb1f3fb08ef', 15, '5', 'NULL', NULL, 1, '2019-05-14 23:05:53', NULL),
(3495, 211, 1, '5cdb1f3fb08ef', 16, '5', 'NULL', NULL, 1, '2019-05-14 23:05:57', NULL),
(3496, 211, 1, '5cdb1f3fb08ef', 17, '5', 'NULL', NULL, 1, '2019-05-14 23:06:05', NULL),
(3497, 211, 1, '5cdb1f3fb08ef', 18, '45', 'NULL', NULL, 1, '2019-05-14 23:06:14', NULL),
(3498, 211, 1, '5cdb1f3fb08ef', 19, '5', 'NULL', NULL, 1, '2019-05-14 23:06:21', NULL),
(3499, 211, 1, '5cdb1f3fb08ef', 20, '49', 'NULL', NULL, NULL, '2019-05-14 23:06:36', NULL),
(3500, 211, 1, '5cdb1f3fb08ef', 21, '5', 'NULL', NULL, 1, '2019-05-14 23:06:49', NULL),
(3501, 211, 1, '5cdb1f3fb08ef', 22, '55', 'NULL', NULL, NULL, '2019-05-14 23:06:56', NULL),
(3502, 211, 1, '5cdb1f3fb08ef', 23, '57', 'NULL', NULL, 1, '2019-05-14 23:07:05', NULL),
(3503, 211, 1, '5cdb1f3fb08ef', 24, '60', 'NULL', NULL, NULL, '2019-05-14 23:07:14', NULL),
(3504, 211, 1, '5cdb1f3fb08ef', 25, '64', 'NULL', NULL, NULL, '2019-05-14 23:07:23', NULL),
(3505, 211, 1, '5cdb1f3fb08ef', 26, '69', 'NULL', NULL, 1, '2019-05-14 23:07:30', NULL),
(3506, 211, 1, '5cdb1f3fb08ef', 27, '71', 'NULL', NULL, 1, '2019-05-14 23:07:37', NULL),
(3507, 211, 1, '5cdb1f3fb08ef', 14, '38', 'NULL', NULL, NULL, '2019-05-14 23:07:45', NULL),
(3508, 211, 1, '5cdb1f3fb08ef', 20, '51', 'NULL', NULL, NULL, '2019-05-14 23:07:52', NULL),
(3509, 211, 1, '5cdb1f3fb08ef', 22, '56', 'NULL', NULL, 1, '2019-05-14 23:07:57', NULL),
(3510, 211, 1, '5cdb1f3fb08ef', 24, '61', 'NULL', NULL, 1, '2019-05-14 23:08:05', NULL),
(3511, 173, 1, '5cdb20198de3b', 8, '23', 'NULL', NULL, NULL, '2019-05-14 23:08:09', NULL),
(3512, 211, 1, '5cdb1f3fb08ef', 25, '63', 'NULL', NULL, NULL, '2019-05-14 23:08:09', NULL),
(3513, 211, 1, '5cdb1f3fb08ef', 14, '40', 'NULL', NULL, NULL, '2019-05-14 23:08:16', NULL),
(3514, 211, 1, '5cdb1f3fb08ef', 20, '51', 'NULL', NULL, NULL, '2019-05-14 23:08:20', NULL),
(3515, 211, 1, '5cdb1f3fb08ef', 25, '65', 'NULL', NULL, 1, '2019-05-14 23:08:27', NULL),
(3516, 211, 1, '5cdb1f3fb08ef', 14, '39', 'NULL', NULL, 1, '2019-05-14 23:08:33', NULL),
(3517, 173, 1, '5cdb20198de3b', 9, '26', 'NULL', NULL, 1, '2019-05-14 23:08:35', NULL),
(3518, 211, 1, '5cdb1f3fb08ef', 20, '50', 'NULL', NULL, 1, '2019-05-14 23:08:41', NULL),
(3519, 173, 1, '5cdb20198de3b', 10, '30', 'NULL', NULL, NULL, '2019-05-14 23:08:43', NULL),
(3520, 173, 1, '5cdb20198de3b', 11, '5', 'NULL', NULL, 1, '2019-05-14 23:08:50', NULL),
(3521, 173, 1, '5cdb20198de3b', 12, '36', 'NULL', NULL, 1, '2019-05-14 23:08:57', NULL),
(3522, 211, 1, '5cdb1f3fb08ef', 28, '74', 'NULL', NULL, 1, '2019-05-14 23:08:58', NULL),
(3523, 173, 1, '5cdb20198de3b', 13, '5', 'NULL', NULL, 1, '2019-05-14 23:09:05', NULL),
(3524, 211, 1, '5cdb1f3fb08ef', 29, '77, 79', 'NULL', NULL, NULL, '2019-05-14 23:09:10', NULL),
(3525, 173, 1, '5cdb20198de3b', 14, '39', 'NULL', NULL, 1, '2019-05-14 23:09:12', NULL),
(3526, 173, 1, '5cdb20198de3b', 15, '5', 'NULL', NULL, 1, '2019-05-14 23:09:19', NULL),
(3527, 173, 1, '5cdb20198de3b', 16, '5', 'NULL', NULL, 1, '2019-05-14 23:09:25', NULL),
(3528, 173, 1, '5cdb20198de3b', 17, '5', 'NULL', NULL, 1, '2019-05-14 23:09:33', NULL),
(3529, 173, 1, '5cdb20198de3b', 18, '45', 'NULL', NULL, 1, '2019-05-14 23:09:46', NULL),
(3530, 173, 1, '5cdb20198de3b', 19, '5', 'NULL', NULL, 1, '2019-05-14 23:09:56', NULL),
(3531, 173, 1, '5cdb20198de3b', 20, '49', 'NULL', NULL, NULL, '2019-05-14 23:10:05', NULL),
(3532, 173, 1, '5cdb20198de3b', 21, '5', 'NULL', NULL, 1, '2019-05-14 23:10:11', NULL),
(3533, 173, 1, '5cdb20198de3b', 22, '56', 'NULL', NULL, 1, '2019-05-14 23:10:19', NULL),
(3534, 173, 1, '5cdb20198de3b', 23, '57', 'NULL', NULL, 1, '2019-05-14 23:10:28', NULL),
(3535, 173, 1, '5cdb20198de3b', 24, '59', 'NULL', NULL, NULL, '2019-05-14 23:10:46', NULL),
(3536, 173, 1, '5cdb20198de3b', 25, '65', 'NULL', NULL, 1, '2019-05-14 23:10:53', NULL),
(3537, 173, 1, '5cdb20198de3b', 26, '67', 'NULL', NULL, NULL, '2019-05-14 23:11:02', NULL),
(3538, 173, 1, '5cdb20198de3b', 27, '70', 'NULL', NULL, NULL, '2019-05-14 23:11:18', NULL),
(3539, 173, 1, '5cdb20198de3b', 8, '21', 'NULL', NULL, 1, '2019-05-14 23:11:27', NULL),
(3540, 212, 1, '5cdb2831bcb8a', 8, '21', 'NULL', NULL, 1, '2019-05-14 23:42:41', NULL),
(3541, 212, 1, '5cdb2831bcb8a', 9, '27', 'NULL', NULL, NULL, '2019-05-14 23:43:02', NULL),
(3542, 212, 1, '5cdb28612300c', 8, '22', 'NULL', NULL, NULL, '2019-05-14 23:43:21', NULL),
(3543, 212, 1, '5cdb28612300c', 9, '26', 'NULL', NULL, 1, '2019-05-14 23:43:26', NULL),
(3544, 212, 1, '5cdb28612300c', 10, '31', 'NULL', NULL, 1, '2019-05-14 23:43:44', NULL),
(3545, 212, 1, '5cdb28612300c', 11, '5', 'NULL', NULL, 1, '2019-05-14 23:43:59', NULL),
(3546, 212, 1, '5cdb28612300c', 12, '35', 'NULL', NULL, 1, '2019-05-14 23:44:52', NULL),
(3547, 189, 2, '5cdb2cd927a34', 9, '26', 'NULL', NULL, 1, '2019-05-15 00:02:39', NULL),
(3548, 189, 2, '5cdb2cd927a34', 11, '5', 'NULL', NULL, 1, '2019-05-15 00:02:52', NULL),
(3549, 189, 2, '5cdb2cd927a34', 12, '35', 'NULL', NULL, 1, '2019-05-15 00:03:02', NULL),
(3550, 189, 2, '5cdb2cd927a34', 13, '5', 'NULL', NULL, 1, '2019-05-15 00:03:17', NULL),
(3551, 189, 2, '5cdb2cd927a34', 14, '39', 'NULL', NULL, 1, '2019-05-15 00:03:28', NULL),
(3552, 213, 2, '5cdb86d1eeb83', 9, '26', 'NULL', NULL, 1, '2019-05-15 06:26:59', NULL),
(3553, 147, 2, '5cdbae7588382', 9, '25', 'NULL', NULL, NULL, '2019-05-15 09:16:06', NULL),
(3554, 147, 2, '5cdbae7588382', 11, '5', 'NULL', NULL, 1, '2019-05-15 09:16:20', NULL),
(3555, 147, 2, '5cdbae7588382', 12, '35', 'NULL', NULL, 1, '2019-05-15 09:16:33', NULL),
(3556, 147, 2, '5cdbae7588382', 13, '5', 'NULL', NULL, 1, '2019-05-15 09:16:47', NULL),
(3557, 147, 2, '5cdbae7588382', 14, '39', 'NULL', NULL, 1, '2019-05-15 09:16:58', NULL),
(3558, 147, 2, '5cdbae7588382', 19, '5', 'NULL', NULL, 1, '2019-05-15 10:56:16', NULL);
INSERT INTO `usr_answer` (`ID`, `ID_USER`, `ID_ACTION`, `PLAY_KEY`, `ID_QUESTION`, `ANSWER`, `INFO`, `SCALE_VALUE`, `IS_TRUE`, `DT_INSERTED`, `DT_MODIFIED`) VALUES
(3559, 147, 2, '5cdbae7588382', 21, '5', 'NULL', NULL, 1, '2019-05-15 10:56:23', NULL),
(3560, 147, 2, '5cdbae7588382', 22, '56', 'NULL', NULL, 1, '2019-05-15 10:57:31', NULL),
(3561, 147, 2, '5cdbae7588382', 25, '65', 'NULL', NULL, 1, '2019-05-15 10:58:03', NULL),
(3562, 147, 2, '5cdbae7588382', 26, '69', 'NULL', NULL, 1, '2019-05-15 10:58:11', NULL),
(3563, 147, 2, '5cdbae7588382', 9, '26', 'NULL', NULL, 1, '2019-05-15 10:58:29', NULL),
(3564, 147, 2, '5cdbae7588382', 28, '74', 'NULL', NULL, 1, '2019-05-15 10:59:14', NULL),
(3565, 214, 1, '5cdbdef406c4b', 8, '23', 'NULL', NULL, NULL, '2019-05-15 12:42:23', NULL),
(3566, 214, 1, '5cdbdef406c4b', 9, '26', 'NULL', NULL, 1, '2019-05-15 12:42:35', NULL),
(3567, 214, 1, '5cdbdef406c4b', 10, '30', 'NULL', NULL, NULL, '2019-05-15 12:42:44', NULL),
(3568, 214, 1, '5cdbdef406c4b', 11, '6', 'NULL', NULL, NULL, '2019-05-15 12:43:00', NULL),
(3569, 215, 1, '5cdbdfa02c4b1', 8, '21', 'NULL', NULL, 1, '2019-05-15 12:46:07', NULL),
(3570, 215, 1, '5cdbdfa02c4b1', 9, '25', 'NULL', NULL, NULL, '2019-05-15 12:46:18', NULL),
(3571, 215, 1, '5cdbdfa02c4b1', 10, '31', 'NULL', NULL, 1, '2019-05-15 12:46:27', NULL),
(3572, 215, 1, '5cdbdfa02c4b1', 11, '6', 'NULL', NULL, NULL, '2019-05-15 12:46:49', NULL),
(3573, 215, 1, '5cdbdfa02c4b1', 12, '34', 'NULL', NULL, NULL, '2019-05-15 12:46:59', NULL),
(3574, 215, 1, '5cdbdfa02c4b1', 13, '5', 'NULL', NULL, 1, '2019-05-15 12:47:06', NULL),
(3575, 215, 1, '5cdbdfa02c4b1', 14, '38', 'NULL', NULL, NULL, '2019-05-15 12:47:19', NULL),
(3576, 216, 1, '5cdbe00a99410', 8, '22', 'NULL', NULL, NULL, '2019-05-15 12:47:23', NULL),
(3577, 215, 1, '5cdbdfa02c4b1', 15, '5', 'NULL', NULL, 1, '2019-05-15 12:47:26', NULL),
(3578, 215, 1, '5cdbdfa02c4b1', 16, '5', 'NULL', NULL, 1, '2019-05-15 12:47:32', NULL),
(3579, 215, 1, '5cdbdfa02c4b1', 17, '5', 'NULL', NULL, 1, '2019-05-15 12:47:42', NULL),
(3580, 216, 1, '5cdbe00a99410', 9, '26', 'NULL', NULL, 1, '2019-05-15 12:47:42', NULL),
(3581, 215, 1, '5cdbdfa02c4b1', 18, '44', 'NULL', NULL, NULL, '2019-05-15 12:48:00', NULL),
(3582, 215, 1, '5cdbdfa02c4b1', 19, '5', 'NULL', NULL, 1, '2019-05-15 12:48:07', NULL),
(3583, 216, 1, '5cdbe00a99410', 10, '30', 'NULL', NULL, NULL, '2019-05-15 12:48:09', NULL),
(3584, 216, 1, '5cdbe00a99410', 11, '5', 'NULL', NULL, 1, '2019-05-15 12:48:36', NULL),
(3585, 215, 1, '5cdbdfa02c4b1', 20, '49', 'NULL', NULL, NULL, '2019-05-15 12:48:44', NULL),
(3586, 215, 1, '5cdbdfa02c4b1', 21, '5', 'NULL', NULL, 1, '2019-05-15 12:48:53', NULL),
(3587, 216, 1, '5cdbe00a99410', 12, '35', 'NULL', NULL, 1, '2019-05-15 12:48:58', NULL),
(3588, 215, 1, '5cdbdfa02c4b1', 22, '54', 'NULL', NULL, NULL, '2019-05-15 12:48:59', NULL),
(3589, 215, 1, '5cdbdfa02c4b1', 23, '57', 'NULL', NULL, 1, '2019-05-15 12:49:07', NULL),
(3590, 215, 1, '5cdbdfa02c4b1', 24, '59', 'NULL', NULL, NULL, '2019-05-15 12:49:21', NULL),
(3591, 216, 1, '5cdbe00a99410', 13, '5', 'NULL', NULL, 1, '2019-05-15 12:49:24', NULL),
(3592, 215, 1, '5cdbdfa02c4b1', 25, '66', 'NULL', NULL, NULL, '2019-05-15 12:49:32', NULL),
(3593, 215, 1, '5cdbdfa02c4b1', 26, '68', 'NULL', NULL, NULL, '2019-05-15 12:49:40', NULL),
(3594, 215, 1, '5cdbdfa02c4b1', 27, '70', 'NULL', NULL, NULL, '2019-05-15 12:49:47', NULL),
(3595, 216, 1, '5cdbe00a99410', 14, '40', 'NULL', NULL, NULL, '2019-05-15 12:49:53', NULL),
(3596, 215, 1, '5cdbdfa02c4b1', 9, '26', 'NULL', NULL, 1, '2019-05-15 12:49:56', NULL),
(3597, 215, 1, '5cdbdfa02c4b1', 11, '5', 'NULL', NULL, 1, '2019-05-15 12:50:06', NULL),
(3598, 216, 1, '5cdbe00a99410', 15, '41', 'NULL', NULL, NULL, '2019-05-15 12:50:07', NULL),
(3599, 215, 1, '5cdbdfa02c4b1', 12, '35', 'NULL', NULL, 1, '2019-05-15 12:50:14', NULL),
(3600, 216, 1, '5cdbe00a99410', 16, '5', 'NULL', NULL, 1, '2019-05-15 12:50:17', NULL),
(3601, 215, 1, '5cdbdfa02c4b1', 14, '39', 'NULL', NULL, 1, '2019-05-15 12:50:25', NULL),
(3602, 215, 1, '5cdbdfa02c4b1', 18, '46', 'NULL', NULL, NULL, '2019-05-15 12:50:31', NULL),
(3603, 215, 1, '5cdbdfa02c4b1', 20, '51', 'NULL', NULL, NULL, '2019-05-15 12:50:39', NULL),
(3604, 216, 1, '5cdbe00a99410', 17, '5', 'NULL', NULL, 1, '2019-05-15 12:50:42', NULL),
(3605, 215, 1, '5cdbdfa02c4b1', 22, '55', 'NULL', NULL, NULL, '2019-05-15 12:50:44', NULL),
(3606, 215, 1, '5cdbdfa02c4b1', 24, '61', 'NULL', NULL, 1, '2019-05-15 12:50:50', NULL),
(3607, 215, 1, '5cdbdfa02c4b1', 25, '65', 'NULL', NULL, 1, '2019-05-15 12:50:56', NULL),
(3608, 215, 1, '5cdbdfa02c4b1', 26, '69', 'NULL', NULL, 1, '2019-05-15 12:51:06', NULL),
(3609, 216, 1, '5cdbe00a99410', 18, '44', 'NULL', NULL, NULL, '2019-05-15 12:51:09', NULL),
(3610, 215, 1, '5cdbdfa02c4b1', 27, '70', 'NULL', NULL, NULL, '2019-05-15 12:51:13', NULL),
(3611, 215, 1, '5cdbdfa02c4b1', 18, '45', 'NULL', NULL, 1, '2019-05-15 12:51:19', NULL),
(3612, 216, 1, '5cdbe00a99410', 19, '5', 'NULL', NULL, 1, '2019-05-15 12:51:24', NULL),
(3613, 215, 1, '5cdbdfa02c4b1', 20, '50', 'NULL', NULL, 1, '2019-05-15 12:51:29', NULL),
(3614, 215, 1, '5cdbdfa02c4b1', 22, '56', 'NULL', NULL, 1, '2019-05-15 12:51:36', NULL),
(3615, 215, 1, '5cdbdfa02c4b1', 27, '72', 'NULL', NULL, NULL, '2019-05-15 12:51:40', NULL),
(3616, 215, 1, '5cdbdfa02c4b1', 27, '71', 'NULL', NULL, 1, '2019-05-15 12:51:49', NULL),
(3617, 216, 1, '5cdbe00a99410', 20, '51', 'NULL', NULL, NULL, '2019-05-15 12:51:55', NULL),
(3618, 215, 1, '5cdbdfa02c4b1', 28, '74', 'NULL', NULL, 1, '2019-05-15 12:52:03', NULL),
(3619, 216, 1, '5cdbe00a99410', 21, '5', 'NULL', NULL, 1, '2019-05-15 12:52:16', NULL),
(3620, 215, 1, '5cdbdfa02c4b1', 29, '77, 79', 'NULL', NULL, NULL, '2019-05-15 12:52:17', NULL),
(3621, 216, 1, '5cdbe00a99410', 22, '55', 'NULL', NULL, NULL, '2019-05-15 12:53:01', NULL),
(3622, 216, 1, '5cdbe00a99410', 23, '57', 'NULL', NULL, 1, '2019-05-15 12:53:17', NULL),
(3623, 216, 1, '5cdbe00a99410', 24, '60', 'NULL', NULL, NULL, '2019-05-15 12:53:52', NULL),
(3624, 216, 1, '5cdbe00a99410', 25, '64', 'NULL', NULL, NULL, '2019-05-15 12:54:11', NULL),
(3625, 216, 1, '5cdbe00a99410', 26, '69', 'NULL', NULL, 1, '2019-05-15 12:54:21', NULL),
(3626, 216, 1, '5cdbe00a99410', 27, '70', 'NULL', NULL, NULL, '2019-05-15 12:54:44', NULL),
(3627, 216, 1, '5cdbe00a99410', 8, '21', 'NULL', NULL, 1, '2019-05-15 12:54:59', NULL),
(3628, 216, 1, '5cdbe00a99410', 10, '31', 'NULL', NULL, 1, '2019-05-15 12:55:18', NULL),
(3629, 216, 1, '5cdbe00a99410', 14, '38', 'NULL', NULL, NULL, '2019-05-15 12:55:43', NULL),
(3630, 216, 1, '5cdbe00a99410', 15, '41', 'NULL', NULL, NULL, '2019-05-15 12:55:51', NULL),
(3631, 216, 1, '5cdbe00a99410', 18, '45', 'NULL', NULL, 1, '2019-05-15 12:56:00', NULL),
(3632, 216, 1, '5cdbe00a99410', 20, '49', 'NULL', NULL, NULL, '2019-05-15 12:56:20', NULL),
(3633, 216, 1, '5cdbe00a99410', 22, '54', 'NULL', NULL, NULL, '2019-05-15 12:56:30', NULL),
(3634, 216, 1, '5cdbe00a99410', 24, '59', 'NULL', NULL, NULL, '2019-05-15 12:56:39', NULL),
(3635, 216, 1, '5cdbe00a99410', 25, '66', 'NULL', NULL, NULL, '2019-05-15 12:56:50', NULL),
(3636, 216, 1, '5cdbe00a99410', 27, '71', 'NULL', NULL, 1, '2019-05-15 12:56:59', NULL),
(3637, 216, 1, '5cdbe00a99410', 14, '39', 'NULL', NULL, 1, '2019-05-15 12:57:20', NULL),
(3638, 216, 1, '5cdbe00a99410', 15, '5', 'NULL', NULL, 1, '2019-05-15 12:57:35', NULL),
(3639, 216, 1, '5cdbe00a99410', 20, '50', 'NULL', NULL, 1, '2019-05-15 12:57:53', NULL),
(3640, 216, 1, '5cdbe00a99410', 22, '56', 'NULL', NULL, 1, '2019-05-15 12:58:09', NULL),
(3641, 216, 1, '5cdbe00a99410', 24, '61', 'NULL', NULL, 1, '2019-05-15 12:58:31', NULL),
(3642, 216, 1, '5cdbe00a99410', 25, '66', 'NULL', NULL, NULL, '2019-05-15 12:58:46', NULL),
(3643, 216, 1, '5cdbe00a99410', 25, '65', 'NULL', NULL, 1, '2019-05-15 12:58:54', NULL),
(3644, 217, 1, '5cdbe382a531e', 8, '21', 'NULL', NULL, 1, '2019-05-15 13:02:33', NULL),
(3645, 217, 1, '5cdbe382a531e', 9, '26', 'NULL', NULL, 1, '2019-05-15 13:03:11', NULL),
(3646, 217, 1, '5cdbe382a531e', 10, '31', 'NULL', NULL, 1, '2019-05-15 13:03:46', NULL),
(3647, 218, 1, '5cdbf303f1519', 8, '23', 'NULL', NULL, NULL, '2019-05-15 14:09:01', NULL),
(3648, 218, 1, '5cdbf303f1519', 9, '26', 'NULL', NULL, 1, '2019-05-15 14:09:13', NULL),
(3649, 218, 1, '5cdbf303f1519', 10, '31', 'NULL', NULL, 1, '2019-05-15 14:09:33', NULL),
(3650, 218, 1, '5cdbf303f1519', 11, '6', 'NULL', NULL, NULL, '2019-05-15 14:09:59', NULL),
(3651, 218, 1, '5cdbf303f1519', 12, '34', 'NULL', NULL, NULL, '2019-05-15 14:10:16', NULL),
(3652, 218, 1, '5cdbf303f1519', 13, '5', 'NULL', NULL, 1, '2019-05-15 14:10:25', NULL),
(3653, 218, 1, '5cdbf303f1519', 14, '40', 'NULL', NULL, NULL, '2019-05-15 14:10:47', NULL),
(3654, 218, 1, '5cdbf303f1519', 15, '5', 'NULL', NULL, 1, '2019-05-15 14:10:57', NULL),
(3655, 219, 1, '5cdbfc90b5d44', 8, '22', 'NULL', NULL, NULL, '2019-05-15 14:48:52', NULL),
(3656, 219, 1, '5cdbfc90b5d44', 9, '26', 'NULL', NULL, 1, '2019-05-15 14:49:05', NULL),
(3657, 219, 1, '5cdbfc90b5d44', 10, '31', 'NULL', NULL, 1, '2019-05-15 14:49:18', NULL),
(3658, 219, 1, '5cdbfc90b5d44', 11, '5', 'NULL', NULL, 1, '2019-05-15 14:49:38', NULL),
(3659, 219, 1, '5cdbfc90b5d44', 12, '35', 'NULL', NULL, 1, '2019-05-15 14:49:50', NULL),
(3660, 219, 1, '5cdbfc90b5d44', 13, '6', 'NULL', NULL, NULL, '2019-05-15 14:50:04', NULL),
(3661, 219, 1, '5cdbfc90b5d44', 14, '40', 'NULL', NULL, NULL, '2019-05-15 14:50:19', NULL),
(3662, 219, 1, '5cdbfc90b5d44', 15, '41', 'NULL', NULL, NULL, '2019-05-15 14:50:28', NULL),
(3663, 219, 1, '5cdbfc90b5d44', 16, '5', 'NULL', NULL, 1, '2019-05-15 14:50:34', NULL),
(3664, 219, 1, '5cdbfc90b5d44', 17, '43', 'NULL', NULL, NULL, '2019-05-15 14:50:46', NULL),
(3665, 219, 1, '5cdbfc90b5d44', 18, '45', 'NULL', NULL, 1, '2019-05-15 14:50:57', NULL),
(3666, 219, 1, '5cdbfc90b5d44', 19, '5', 'NULL', NULL, 1, '2019-05-15 14:51:08', NULL),
(3667, 219, 1, '5cdbfc90b5d44', 20, '49', 'NULL', NULL, NULL, '2019-05-15 14:51:20', NULL),
(3668, 219, 1, '5cdbfc90b5d44', 21, '53', 'NULL', NULL, NULL, '2019-05-15 14:51:31', NULL),
(3669, 219, 1, '5cdbfc90b5d44', 22, '55', 'NULL', NULL, NULL, '2019-05-15 14:51:40', NULL),
(3670, 219, 1, '5cdbfc90b5d44', 23, '58', 'NULL', NULL, NULL, '2019-05-15 14:51:48', NULL),
(3671, 219, 1, '5cdbfc90b5d44', 24, '60', 'NULL', NULL, NULL, '2019-05-15 14:52:00', NULL),
(3672, 219, 1, '5cdbfc90b5d44', 25, '65', 'NULL', NULL, 1, '2019-05-15 14:52:08', NULL),
(3673, 219, 1, '5cdbfc90b5d44', 26, '68', 'NULL', NULL, NULL, '2019-05-15 14:52:17', NULL),
(3674, 219, 1, '5cdbfc90b5d44', 27, '70', 'NULL', NULL, NULL, '2019-05-15 14:52:27', NULL),
(3675, 219, 1, '5cdbfc90b5d44', 8, '21', 'NULL', NULL, 1, '2019-05-15 14:52:39', NULL),
(3676, 219, 1, '5cdbfc90b5d44', 13, '5', 'NULL', NULL, 1, '2019-05-15 14:52:45', NULL),
(3677, 219, 1, '5cdbfc90b5d44', 14, '39', 'NULL', NULL, 1, '2019-05-15 14:52:55', NULL),
(3678, 219, 1, '5cdbfc90b5d44', 15, '5', 'NULL', NULL, 1, '2019-05-15 14:53:00', NULL),
(3679, 220, 1, '5cdbfd84f1d39', 8, '22', 'NULL', NULL, NULL, '2019-05-15 14:53:04', NULL),
(3680, 219, 1, '5cdbfc90b5d44', 17, '6', 'NULL', NULL, NULL, '2019-05-15 14:53:09', NULL),
(3681, 220, 1, '5cdbfd84f1d39', 9, '26', 'NULL', NULL, 1, '2019-05-15 14:53:16', NULL),
(3682, 219, 1, '5cdbfc90b5d44', 20, '50', 'NULL', NULL, 1, '2019-05-15 14:53:18', NULL),
(3683, 219, 1, '5cdbfc90b5d44', 21, '5', 'NULL', NULL, 1, '2019-05-15 14:53:26', NULL),
(3684, 220, 1, '5cdbfd84f1d39', 10, '31', 'NULL', NULL, 1, '2019-05-15 14:53:30', NULL),
(3685, 219, 1, '5cdbfc90b5d44', 22, '56', 'NULL', NULL, 1, '2019-05-15 14:53:36', NULL),
(3686, 219, 1, '5cdbfc90b5d44', 23, '57', 'NULL', NULL, 1, '2019-05-15 14:53:42', NULL),
(3687, 220, 1, '5cdbfd84f1d39', 11, '6', 'NULL', NULL, NULL, '2019-05-15 14:53:47', NULL),
(3688, 219, 1, '5cdbfc90b5d44', 24, '61', 'NULL', NULL, 1, '2019-05-15 14:53:50', NULL),
(3689, 219, 1, '5cdbfc90b5d44', 26, '69', 'NULL', NULL, 1, '2019-05-15 14:53:54', NULL),
(3690, 219, 1, '5cdbfc90b5d44', 27, '70', 'NULL', NULL, NULL, '2019-05-15 14:54:00', NULL),
(3691, 220, 1, '5cdbfd84f1d39', 12, '35', 'NULL', NULL, 1, '2019-05-15 14:54:05', NULL),
(3692, 219, 1, '5cdbfc90b5d44', 17, '5', 'NULL', NULL, 1, '2019-05-15 14:54:08', NULL),
(3693, 219, 1, '5cdbfc90b5d44', 27, '71', 'NULL', NULL, 1, '2019-05-15 14:54:14', NULL),
(3694, 220, 1, '5cdbfd84f1d39', 13, '5', 'NULL', NULL, 1, '2019-05-15 14:54:25', NULL),
(3695, 219, 1, '5cdbfc90b5d44', 28, '74', 'NULL', NULL, 1, '2019-05-15 14:54:28', NULL),
(3696, 219, 1, '5cdbfc90b5d44', 29, '77, 78', 'NULL', NULL, NULL, '2019-05-15 14:54:39', NULL),
(3697, 219, 1, '5cdbfc90b5d44', 30, '82', 'NULL', NULL, 1, '2019-05-15 14:54:52', NULL),
(3698, 220, 1, '5cdbfd84f1d39', 14, '40', 'NULL', NULL, NULL, '2019-05-15 14:54:54', NULL),
(3699, 219, 1, '5cdbfc90b5d44', 31, '6', 'NULL', NULL, 1, '2019-05-15 14:55:00', NULL),
(3700, 219, 1, '5cdbfc90b5d44', 32, '88', 'NULL', NULL, NULL, '2019-05-15 14:55:13', NULL),
(3701, 220, 1, '5cdbfd84f1d39', 15, '5', 'NULL', NULL, 1, '2019-05-15 14:55:13', NULL),
(3702, 219, 1, '5cdbfc90b5d44', 33, '5', 'NULL', NULL, NULL, '2019-05-15 14:55:22', NULL),
(3703, 220, 1, '5cdbfd84f1d39', 16, '5', 'NULL', NULL, 1, '2019-05-15 14:55:26', NULL),
(3704, 219, 1, '5cdbfc90b5d44', 34, '90', 'NULL', NULL, 1, '2019-05-15 14:55:34', NULL),
(3705, 219, 1, '5cdbfc90b5d44', 35, '6', 'NULL', NULL, NULL, '2019-05-15 14:55:45', NULL),
(3706, 219, 1, '5cdbfc90b5d44', 36, '6', 'NULL', NULL, NULL, '2019-05-15 14:55:55', NULL),
(3707, 220, 1, '5cdbfd84f1d39', 17, '5', 'NULL', NULL, 1, '2019-05-15 14:55:58', NULL),
(3708, 219, 1, '5cdbfc90b5d44', 37, '5', 'NULL', NULL, 1, '2019-05-15 14:56:05', NULL),
(3709, 219, 1, '5cdbfc90b5d44', 38, '96', 'NULL', NULL, NULL, '2019-05-15 14:56:13', NULL),
(3710, 219, 1, '5cdbfc90b5d44', 39, '5', 'NULL', NULL, 1, '2019-05-15 14:56:24', NULL),
(3711, 220, 1, '5cdbfd84f1d39', 18, '46', 'NULL', NULL, NULL, '2019-05-15 14:56:30', NULL),
(3712, 219, 1, '5cdbfc90b5d44', 40, '101', 'NULL', NULL, NULL, '2019-05-15 14:56:32', NULL),
(3713, 220, 1, '5cdbfd84f1d39', 19, '5', 'NULL', NULL, 1, '2019-05-15 14:56:41', NULL),
(3714, 220, 1, '5cdbfd84f1d39', 20, '49', 'NULL', NULL, NULL, '2019-05-15 14:57:04', NULL),
(3715, 220, 1, '5cdbfd84f1d39', 21, '53', 'NULL', NULL, NULL, '2019-05-15 14:57:28', NULL),
(3716, 220, 1, '5cdbfd84f1d39', 22, '56', 'NULL', NULL, 1, '2019-05-15 14:57:38', NULL),
(3717, 220, 1, '5cdbfd84f1d39', 23, '58', 'NULL', NULL, NULL, '2019-05-15 14:57:58', NULL),
(3718, 220, 1, '5cdbfd84f1d39', 24, '61', 'NULL', NULL, 1, '2019-05-15 14:58:10', NULL),
(3719, 220, 1, '5cdbfd84f1d39', 25, '66', 'NULL', NULL, NULL, '2019-05-15 14:58:23', NULL),
(3720, 220, 1, '5cdbfd84f1d39', 26, '69', 'NULL', NULL, 1, '2019-05-15 14:58:32', NULL),
(3721, 220, 1, '5cdbfd84f1d39', 27, '70', 'NULL', NULL, NULL, '2019-05-15 14:58:47', NULL),
(3722, 220, 1, '5cdbfd84f1d39', 8, '21', 'NULL', NULL, 1, '2019-05-15 14:59:13', NULL),
(3723, 220, 1, '5cdbfd84f1d39', 11, '5', 'NULL', NULL, 1, '2019-05-15 14:59:31', NULL),
(3724, 220, 1, '5cdbfd84f1d39', 14, '38', 'NULL', NULL, NULL, '2019-05-15 14:59:44', NULL),
(3725, 220, 1, '5cdbfd84f1d39', 18, '45', 'NULL', NULL, 1, '2019-05-15 14:59:58', NULL),
(3726, 220, 1, '5cdbfd84f1d39', 20, '51', 'NULL', NULL, NULL, '2019-05-15 15:00:19', NULL),
(3727, 220, 1, '5cdbfd84f1d39', 21, '5', 'NULL', NULL, 1, '2019-05-15 15:00:35', NULL),
(3728, 220, 1, '5cdbfd84f1d39', 23, '57', 'NULL', NULL, 1, '2019-05-15 15:00:44', NULL),
(3729, 220, 1, '5cdbfd84f1d39', 25, '65', 'NULL', NULL, 1, '2019-05-15 15:00:59', NULL),
(3730, 220, 1, '5cdbfd84f1d39', 27, '71', 'NULL', NULL, 1, '2019-05-15 15:01:11', NULL),
(3731, 220, 1, '5cdbfd84f1d39', 14, '39', 'NULL', NULL, 1, '2019-05-15 15:01:31', NULL),
(3732, 220, 1, '5cdbfd84f1d39', 20, '50', 'NULL', NULL, 1, '2019-05-15 15:01:43', NULL),
(3733, 220, 1, '5cdbfd84f1d39', 28, '73', 'NULL', NULL, NULL, '2019-05-15 15:02:05', NULL),
(3734, 220, 1, '5cdbfd84f1d39', 29, '78, 77', 'NULL', NULL, NULL, '2019-05-15 15:02:24', NULL),
(3735, 220, 1, '5cdbfd84f1d39', 30, '84', 'NULL', NULL, NULL, '2019-05-15 15:02:45', NULL),
(3736, 220, 1, '5cdbfd84f1d39', 31, '6', 'NULL', NULL, 1, '2019-05-15 15:02:54', NULL),
(3737, 220, 1, '5cdbfd84f1d39', 32, '87', 'NULL', NULL, NULL, '2019-05-15 15:03:10', NULL),
(3738, 220, 1, '5cdbfd84f1d39', 33, '5', 'NULL', NULL, NULL, '2019-05-15 15:03:22', NULL),
(3739, 220, 1, '5cdbfd84f1d39', 34, '91', 'NULL', NULL, NULL, '2019-05-15 15:03:35', NULL),
(3740, 220, 1, '5cdbfd84f1d39', 35, '6', 'NULL', NULL, NULL, '2019-05-15 15:03:48', NULL),
(3741, 220, 1, '5cdbfd84f1d39', 36, '5', 'NULL', NULL, 1, '2019-05-15 15:03:57', NULL),
(3742, 220, 1, '5cdbfd84f1d39', 37, '6', 'NULL', NULL, NULL, '2019-05-15 15:04:11', NULL),
(3743, 220, 1, '5cdbfd84f1d39', 38, '96', 'NULL', NULL, NULL, '2019-05-15 15:04:27', NULL),
(3744, 220, 1, '5cdbfd84f1d39', 39, '5', 'NULL', NULL, 1, '2019-05-15 15:04:44', NULL),
(3745, 220, 1, '5cdbfd84f1d39', 40, '101', 'NULL', NULL, NULL, '2019-05-15 15:05:12', NULL),
(3746, 220, 1, '5cdbfd84f1d39', 41, '5', 'NULL', NULL, NULL, '2019-05-15 15:05:30', NULL),
(3747, 220, 1, '5cdbfd84f1d39', 42, '106', 'NULL', NULL, NULL, '2019-05-15 15:05:40', NULL),
(3748, 220, 1, '5cdbfd84f1d39', 43, '108', 'NULL', NULL, NULL, '2019-05-15 15:05:56', NULL),
(3749, 220, 1, '5cdbfd84f1d39', 44, '5', 'NULL', NULL, NULL, '2019-05-15 15:06:05', NULL),
(3750, 220, 1, '5cdbfd84f1d39', 45, '5', 'NULL', NULL, 1, '2019-05-15 15:06:13', NULL),
(3751, 220, 1, '5cdbfd84f1d39', 46, '6', 'NULL', NULL, NULL, '2019-05-15 15:06:32', NULL),
(3752, 220, 1, '5cdbfd84f1d39', 47, '6', 'NULL', NULL, 1, '2019-05-15 15:06:42', NULL),
(3753, 220, 1, '5cdbfd84f1d39', 28, '74', 'NULL', NULL, 1, '2019-05-15 15:07:00', NULL),
(3754, 220, 1, '5cdbfd84f1d39', 29, '77, 79', 'NULL', NULL, NULL, '2019-05-15 15:07:25', NULL),
(3755, 221, 1, '5cdc00fbf142b', 8, '21', 'NULL', NULL, 1, '2019-05-15 15:07:34', NULL),
(3756, 221, 1, '5cdc00fbf142b', 9, '26', 'NULL', NULL, 1, '2019-05-15 15:07:46', NULL),
(3757, 220, 1, '5cdbfd84f1d39', 30, '82', 'NULL', NULL, 1, '2019-05-15 15:07:48', NULL),
(3758, 221, 1, '5cdc00fbf142b', 10, '30', 'NULL', NULL, NULL, '2019-05-15 15:07:55', NULL),
(3759, 220, 1, '5cdbfd84f1d39', 32, '88', 'NULL', NULL, NULL, '2019-05-15 15:08:07', NULL),
(3760, 221, 1, '5cdc00fbf142b', 11, '5', 'NULL', NULL, 1, '2019-05-15 15:08:08', NULL),
(3761, 221, 1, '5cdc00fbf142b', 12, '33', 'NULL', NULL, NULL, '2019-05-15 15:08:20', NULL),
(3762, 220, 1, '5cdbfd84f1d39', 33, '5', 'NULL', NULL, NULL, '2019-05-15 15:08:22', NULL),
(3763, 221, 1, '5cdc00fbf142b', 13, '5', 'NULL', NULL, 1, '2019-05-15 15:08:26', NULL),
(3764, 220, 1, '5cdbfd84f1d39', 34, '90', 'NULL', NULL, 1, '2019-05-15 15:08:37', NULL),
(3765, 221, 1, '5cdc00fbf142b', 14, '39', 'NULL', NULL, 1, '2019-05-15 15:08:38', NULL),
(3766, 220, 1, '5cdbfd84f1d39', 35, '94', 'NULL', NULL, 1, '2019-05-15 15:08:51', NULL),
(3767, 220, 1, '5cdbfd84f1d39', 37, '5', 'NULL', NULL, 1, '2019-05-15 15:09:06', NULL),
(3768, 220, 1, '5cdbfd84f1d39', 38, '6', 'NULL', NULL, NULL, '2019-05-15 15:09:23', NULL),
(3769, 220, 1, '5cdbfd84f1d39', 40, '102', 'NULL', NULL, NULL, '2019-05-15 15:09:29', NULL),
(3770, 220, 1, '5cdbfd84f1d39', 41, '103', 'NULL', NULL, 1, '2019-05-15 15:09:43', NULL),
(3771, 220, 1, '5cdbfd84f1d39', 42, '105', 'NULL', NULL, 1, '2019-05-15 15:09:53', NULL),
(3772, 220, 1, '5cdbfd84f1d39', 43, '5', 'NULL', NULL, 1, '2019-05-15 15:10:21', NULL),
(3773, 220, 1, '5cdbfd84f1d39', 44, '6', 'NULL', NULL, 1, '2019-05-15 15:10:35', NULL),
(3774, 220, 1, '5cdbfd84f1d39', 46, '5', 'NULL', NULL, 1, '2019-05-15 15:11:06', NULL),
(3775, 220, 1, '5cdbfd84f1d39', 29, '79, 78', 'NULL', NULL, 1, '2019-05-15 15:11:34', NULL),
(3776, 220, 1, '5cdbfd84f1d39', 32, '88', 'NULL', NULL, NULL, '2019-05-15 15:11:53', NULL),
(3777, 220, 1, '5cdbfd84f1d39', 33, '6', 'NULL', NULL, 1, '2019-05-15 15:12:11', NULL),
(3778, 220, 1, '5cdbfd84f1d39', 38, '6', 'NULL', NULL, NULL, '2019-05-15 15:12:39', NULL),
(3779, 220, 1, '5cdbfd84f1d39', 40, '100', 'NULL', NULL, 1, '2019-05-15 15:12:47', NULL),
(3780, 220, 1, '5cdbfd84f1d39', 32, '87', 'NULL', NULL, NULL, '2019-05-15 15:13:12', NULL),
(3781, 220, 1, '5cdbfd84f1d39', 38, '97', 'NULL', NULL, NULL, '2019-05-15 15:13:27', NULL),
(3782, 220, 1, '5cdbfd84f1d39', 32, '89', 'NULL', NULL, 1, '2019-05-15 15:13:40', NULL),
(3783, 220, 1, '5cdbfd84f1d39', 38, '6', 'NULL', NULL, NULL, '2019-05-15 15:13:50', NULL),
(3784, 220, 1, '5cdbfd84f1d39', 38, '96', 'NULL', NULL, NULL, '2019-05-15 15:13:57', NULL),
(3785, 220, 1, '5cdbfd84f1d39', 38, '96', 'NULL', NULL, NULL, '2019-05-15 15:14:07', NULL),
(3786, 220, 1, '5cdbfd84f1d39', 38, '96, 97', 'NULL', NULL, 1, '2019-05-15 15:14:33', NULL),
(3787, 220, 1, '5cdbfd84f1d39', 48, '110', 'NULL', NULL, NULL, '2019-05-15 15:14:58', NULL),
(3788, 220, 1, '5cdbfd84f1d39', 49, '117', 'NULL', NULL, 1, '2019-05-15 15:15:30', NULL),
(3789, 220, 1, '5cdbfd84f1d39', 50, '121', 'NULL', NULL, 1, '2019-05-15 15:15:51', NULL),
(3790, 220, 1, '5cdbfd84f1d39', 51, '126, 127', 'NULL', NULL, NULL, '2019-05-15 15:16:20', NULL),
(3791, 222, 1, '5cdc043f2224e', 8, '23', 'NULL', NULL, NULL, '2019-05-15 15:21:36', NULL),
(3792, 222, 1, '5cdc043f2224e', 9, '26', 'NULL', NULL, 1, '2019-05-15 15:21:47', NULL),
(3793, 222, 1, '5cdc043f2224e', 10, '30', 'NULL', NULL, NULL, '2019-05-15 15:22:06', NULL),
(3794, 174, 1, '5cdc1254c65f3', 8, '21', 'NULL', NULL, 1, '2019-05-15 21:34:41', NULL),
(3795, 174, 1, '5cdc1254c65f3', 9, '26', 'NULL', NULL, 1, '2019-05-15 21:34:49', NULL),
(3796, 174, 1, '5cdc1254c65f3', 10, '31', 'NULL', NULL, 1, '2019-05-15 21:34:53', NULL),
(3797, 174, 1, '5cdc1254c65f3', 11, '5', 'NULL', NULL, 1, '2019-05-15 21:35:00', NULL),
(3798, 174, 1, '5cdc1254c65f3', 12, '35', 'NULL', NULL, 1, '2019-05-15 21:35:05', NULL),
(3799, 174, 1, '5cdc1254c65f3', 13, '5', 'NULL', NULL, 1, '2019-05-15 21:35:10', NULL),
(3800, 174, 1, '5cdc1254c65f3', 14, '39', 'NULL', NULL, 1, '2019-05-15 21:35:17', NULL),
(3801, 174, 1, '5cdc1254c65f3', 15, '5', 'NULL', NULL, 1, '2019-05-15 21:35:22', NULL),
(3802, 174, 1, '5cdc1254c65f3', 16, '5', 'NULL', NULL, 1, '2019-05-15 21:35:26', NULL),
(3803, 174, 1, '5cdc1254c65f3', 17, '5', 'NULL', NULL, 1, '2019-05-15 21:35:32', NULL),
(3804, 174, 1, '5cdc1254c65f3', 18, '45', 'NULL', NULL, 1, '2019-05-15 21:35:40', NULL),
(3805, 174, 1, '5cdc1254c65f3', 19, '5', 'NULL', NULL, 1, '2019-05-15 21:35:45', NULL),
(3806, 174, 1, '5cdc1254c65f3', 20, '51', 'NULL', NULL, NULL, '2019-05-15 21:35:54', NULL),
(3807, 174, 1, '5cdc1254c65f3', 21, '5', 'NULL', NULL, 1, '2019-05-15 21:36:00', NULL),
(3808, 174, 1, '5cdc1254c65f3', 22, '56', 'NULL', NULL, 1, '2019-05-15 21:36:07', NULL),
(3809, 174, 1, '5cdc1254c65f3', 23, '57', 'NULL', NULL, 1, '2019-05-15 21:36:14', NULL),
(3810, 174, 1, '5cdc1254c65f3', 24, '61', 'NULL', NULL, 1, '2019-05-15 21:36:19', NULL),
(3811, 174, 1, '5cdc1254c65f3', 25, '65', 'NULL', NULL, 1, '2019-05-15 21:36:23', NULL),
(3812, 174, 1, '5cdc1254c65f3', 26, '69', 'NULL', NULL, 1, '2019-05-15 21:36:27', NULL),
(3813, 174, 1, '5cdc1254c65f3', 27, '71', 'NULL', NULL, 1, '2019-05-15 21:36:32', NULL),
(3814, 174, 1, '5cdc1254c65f3', 20, '50', 'NULL', NULL, 1, '2019-05-15 21:36:36', NULL),
(3815, 174, 1, '5cdc1254c65f3', 28, '74', 'NULL', NULL, 1, '2019-05-15 21:37:12', NULL),
(3816, 174, 1, '5cdc1254c65f3', 29, '78, 79', 'NULL', NULL, 1, '2019-05-15 21:37:23', NULL),
(3817, 174, 1, '5cdc1254c65f3', 30, '82', 'NULL', NULL, 1, '2019-05-15 21:37:28', NULL),
(3818, 174, 1, '5cdc1254c65f3', 31, '6', 'NULL', NULL, 1, '2019-05-15 21:37:32', NULL),
(3819, 174, 1, '5cdc1254c65f3', 32, '89', 'NULL', NULL, 1, '2019-05-15 21:37:37', NULL),
(3820, 174, 1, '5cdc1254c65f3', 33, '6', 'NULL', NULL, 1, '2019-05-15 21:37:42', NULL),
(3821, 174, 1, '5cdc1254c65f3', 34, '90', 'NULL', NULL, 1, '2019-05-15 21:37:49', NULL),
(3822, 174, 1, '5cdc1254c65f3', 35, '94', 'NULL', NULL, 1, '2019-05-15 21:37:54', NULL),
(3823, 174, 1, '5cdc1254c65f3', 36, '5', 'NULL', NULL, 1, '2019-05-15 21:38:00', NULL),
(3824, 174, 1, '5cdc1254c65f3', 37, '5', 'NULL', NULL, 1, '2019-05-15 21:38:04', NULL),
(3825, 174, 1, '5cdc1254c65f3', 38, '97, 96', 'NULL', NULL, 1, '2019-05-15 21:38:08', NULL),
(3826, 174, 1, '5cdc1254c65f3', 39, '5', 'NULL', NULL, 1, '2019-05-15 21:38:16', NULL),
(3827, 174, 1, '5cdc1254c65f3', 40, '102', 'NULL', NULL, NULL, '2019-05-15 21:38:31', NULL),
(3828, 174, 1, '5cdc1254c65f3', 41, '103', 'NULL', NULL, 1, '2019-05-15 21:38:39', NULL),
(3829, 174, 1, '5cdc1254c65f3', 42, '105', 'NULL', NULL, 1, '2019-05-15 21:38:42', NULL),
(3830, 174, 1, '5cdc1254c65f3', 43, '5', 'NULL', NULL, 1, '2019-05-15 21:38:46', NULL),
(3831, 174, 1, '5cdc1254c65f3', 44, '6', 'NULL', NULL, 1, '2019-05-15 21:38:50', NULL),
(3832, 174, 1, '5cdc1254c65f3', 45, '5', 'NULL', NULL, 1, '2019-05-15 21:39:06', NULL),
(3833, 174, 1, '5cdc1254c65f3', 46, '5', 'NULL', NULL, 1, '2019-05-15 21:39:09', NULL),
(3834, 174, 1, '5cdc1254c65f3', 47, '6', 'NULL', NULL, 1, '2019-05-15 21:39:16', NULL),
(3835, 174, 1, '5cdc1254c65f3', 40, '100', 'NULL', NULL, 1, '2019-05-15 21:39:22', NULL),
(3836, 174, 1, '5cdc1254c65f3', 48, '113', 'NULL', NULL, 1, '2019-05-15 21:39:34', NULL),
(3837, 174, 1, '5cdc1254c65f3', 49, '117', 'NULL', NULL, 1, '2019-05-15 21:39:54', NULL),
(3838, 174, 1, '5cdc1254c65f3', 50, '121', 'NULL', NULL, 1, '2019-05-15 21:39:59', NULL),
(3839, 174, 1, '5cdc1254c65f3', 51, '126, 124', 'NULL', NULL, NULL, '2019-05-15 21:40:25', NULL),
(3840, 174, 1, '5cdc1254c65f3', 52, '129, 128', 'NULL', NULL, 1, '2019-05-15 21:41:05', NULL),
(3841, 174, 1, '5cdc1254c65f3', 53, '134, 133', 'NULL', NULL, NULL, '2019-05-15 21:43:01', NULL),
(3842, 174, 1, '5cdc1254c65f3', 54, '135', 'NULL', NULL, 1, '2019-05-15 21:43:09', NULL),
(3843, 174, 1, '5cdc1254c65f3', 55, '145, 141', 'NULL', NULL, NULL, '2019-05-15 21:43:46', NULL),
(3844, 174, 1, '5cdc1254c65f3', 56, '143', 'NULL', NULL, NULL, '2019-05-15 21:43:57', NULL),
(3845, 174, 1, '5cdc1254c65f3', 57, '155', 'NULL', NULL, NULL, '2019-05-15 21:44:10', NULL),
(3846, 174, 1, '5cdc1254c65f3', 58, '161', 'NULL', NULL, NULL, '2019-05-15 21:44:26', NULL),
(3847, 174, 1, '5cdc1254c65f3', 59, '162', 'NULL', NULL, NULL, '2019-05-15 21:45:06', NULL),
(3848, 174, 1, '5cdc1254c65f3', 60, '169, 171, 170, 167, 172', 'NULL', NULL, NULL, '2019-05-15 21:45:32', NULL),
(3849, 174, 1, '5cdc1254c65f3', 61, '175', 'NULL', NULL, 1, '2019-05-15 21:45:49', NULL),
(3850, 174, 1, '5cdc1254c65f3', 62, '177', 'NULL', NULL, NULL, '2019-05-15 21:46:08', NULL),
(3851, 174, 1, '5cdc1254c65f3', 63, '183, 180', 'NULL', NULL, 1, '2019-05-15 21:46:31', NULL),
(3852, 174, 1, '5cdc1254c65f3', 64, '5', 'NULL', NULL, NULL, '2019-05-15 21:47:33', NULL),
(3853, 174, 1, '5cdc1254c65f3', 65, '5', 'NULL', NULL, NULL, '2019-05-15 21:47:40', NULL),
(3854, 174, 1, '5cdc1254c65f3', 66, '188', 'NULL', NULL, 1, '2019-05-15 21:47:54', NULL),
(3855, 174, 1, '5cdc1254c65f3', 67, '191', 'NULL', NULL, 1, '2019-05-15 21:49:26', NULL),
(3856, 174, 1, '5cdc1254c65f3', 51, '126', 'NULL', NULL, NULL, '2019-05-15 21:50:37', NULL),
(3857, 174, 1, '5cdc1254c65f3', 53, '133', 'NULL', NULL, NULL, '2019-05-15 21:50:42', NULL),
(3858, 174, 1, '5cdc1254c65f3', 55, '145, 139, 141', 'NULL', NULL, NULL, '2019-05-15 21:50:54', NULL),
(3859, 174, 1, '5cdc1254c65f3', 56, '143, 147', 'NULL', NULL, NULL, '2019-05-15 21:51:25', NULL),
(3860, 174, 1, '5cdc1254c65f3', 57, '156', 'NULL', NULL, 1, '2019-05-15 21:51:38', NULL),
(3861, 174, 1, '5cdc1254c65f3', 58, '157', 'NULL', NULL, NULL, '2019-05-15 21:52:57', NULL),
(3862, 174, 1, '5cdc1254c65f3', 59, '165', 'NULL', NULL, NULL, '2019-05-15 21:53:07', NULL),
(3863, 174, 1, '5cdc1254c65f3', 60, '172, 169, 170', 'NULL', NULL, NULL, '2019-05-15 21:53:21', NULL),
(3864, 174, 1, '5cdc1254c65f3', 62, '176', 'NULL', NULL, NULL, '2019-05-15 21:53:26', NULL),
(3865, 174, 1, '5cdc1254c65f3', 64, '184', 'NULL', NULL, NULL, '2019-05-15 21:53:31', NULL),
(3866, 174, 1, '5cdc1254c65f3', 65, '185', 'NULL', NULL, 1, '2019-05-15 21:53:35', NULL),
(3867, 174, 1, '5cdc1254c65f3', 51, '125, 124', 'NULL', NULL, NULL, '2019-05-15 21:54:50', NULL),
(3868, 174, 1, '5cdc1254c65f3', 53, '134', 'NULL', NULL, NULL, '2019-05-15 21:54:56', NULL),
(3869, 174, 1, '5cdc1254c65f3', 55, '142, 141, 145', 'NULL', NULL, NULL, '2019-05-15 21:55:12', NULL),
(3870, 174, 1, '5cdc1254c65f3', 56, '147, 143, 152', 'NULL', NULL, 1, '2019-05-15 21:55:21', NULL),
(3871, 174, 1, '5cdc1254c65f3', 58, '160', 'NULL', NULL, 1, '2019-05-15 21:59:12', NULL),
(3872, 174, 1, '5cdc1254c65f3', 59, '166', 'NULL', NULL, 1, '2019-05-15 22:07:27', NULL),
(3873, 174, 1, '5cdc1254c65f3', 60, '172, 170, 169, 167', 'NULL', NULL, NULL, '2019-05-15 22:12:00', NULL),
(3874, 174, 1, '5cdc1254c65f3', 62, '179', 'NULL', NULL, NULL, '2019-05-15 22:12:04', NULL),
(3875, 174, 1, '5cdc1254c65f3', 64, '6', 'NULL', NULL, 1, '2019-05-15 22:12:09', NULL),
(3876, 174, 1, '5cdc1254c65f3', 51, '126, 125', 'NULL', NULL, NULL, '2019-05-15 22:13:26', NULL),
(3877, 174, 1, '5cdc1254c65f3', 53, '131, 133', 'NULL', NULL, 1, '2019-05-15 22:13:35', NULL),
(3878, 174, 1, '5cdc1254c65f3', 55, '142, 141, 145', 'NULL', NULL, NULL, '2019-05-15 22:15:56', NULL),
(3879, 174, 1, '5cdc1254c65f3', 60, '172, 171, 169, 170, 168, 167', 'NULL', NULL, 1, '2019-05-15 22:16:09', NULL),
(3880, 174, 1, '5cdc1254c65f3', 62, '178', 'NULL', NULL, 1, '2019-05-15 22:17:11', NULL),
(3881, 174, 1, '5cdc1254c65f3', 51, '125, 126', 'NULL', NULL, NULL, '2019-05-15 22:18:14', NULL),
(3882, 174, 1, '5cdc1254c65f3', 55, '144, 141, 139, 142, 145', 'NULL', NULL, 1, '2019-05-15 22:21:23', NULL),
(3883, 174, 1, '5cdc1254c65f3', 51, '124, 125, 126, 127', 'NULL', NULL, NULL, '2019-05-15 22:23:55', NULL),
(3884, 174, 1, '5cdc1254c65f3', 51, '127, 124', 'NULL', NULL, NULL, '2019-05-15 22:24:09', NULL),
(3885, 174, 1, '5cdc1254c65f3', 51, '127, 126', 'NULL', NULL, NULL, '2019-05-15 22:24:14', NULL),
(3886, 174, 1, '5cdc1254c65f3', 51, '127, 124', 'NULL', NULL, NULL, '2019-05-15 22:24:18', NULL),
(3887, 174, 1, '5cdc1254c65f3', 51, '126, 124, 127, 125', 'NULL', NULL, NULL, '2019-05-15 22:24:26', NULL),
(3888, 174, 1, '5cdc1254c65f3', 51, '126, 124', 'NULL', NULL, NULL, '2019-05-15 22:24:34', NULL),
(3889, 174, 1, '5cdc1254c65f3', 51, '126, 127', 'NULL', NULL, NULL, '2019-05-15 22:24:40', NULL),
(3890, 174, 1, '5cdc1254c65f3', 51, '125, 126', 'NULL', NULL, NULL, '2019-05-15 22:24:49', NULL),
(3891, 174, 1, '5cdc1254c65f3', 51, '124, 125', 'NULL', NULL, NULL, '2019-05-15 22:25:05', NULL),
(3892, 174, 1, '5cdc1254c65f3', 51, '124, 127', 'NULL', NULL, NULL, '2019-05-15 22:25:15', NULL),
(3893, 174, 1, '5cdc1254c65f3', 51, '125, 127', 'NULL', NULL, NULL, '2019-05-15 22:25:25', NULL),
(3894, 174, 1, '5cdc1254c65f3', 51, '124, 126, 125', 'NULL', NULL, 1, '2019-05-15 22:25:30', NULL),
(3895, 223, 2, '5cdd15c57c5d2', 9, '27', 'NULL', NULL, NULL, '2019-05-16 10:49:18', NULL),
(3896, 223, 2, '5cdd15c57c5d2', 11, '6', 'NULL', NULL, NULL, '2019-05-16 10:50:52', NULL),
(3897, 223, 2, '5cdd15c57c5d2', 12, '33', 'NULL', NULL, NULL, '2019-05-16 10:51:06', NULL),
(3898, 223, 2, '5cdd15c57c5d2', 13, '5', 'NULL', NULL, 1, '2019-05-16 10:51:15', NULL),
(3899, 223, 2, '5cdd15c57c5d2', 14, '40', 'NULL', NULL, NULL, '2019-05-16 10:51:41', NULL),
(3900, 223, 2, '5cdd15c57c5d2', 19, '5', 'NULL', NULL, 1, '2019-05-16 10:51:48', NULL),
(3901, 223, 2, '5cdd15c57c5d2', 21, '5', 'NULL', NULL, 1, '2019-05-16 10:51:59', NULL),
(3902, 223, 2, '5cdd15c57c5d2', 22, '55', 'NULL', NULL, NULL, '2019-05-16 10:52:13', NULL),
(3903, 223, 2, '5cdd15c57c5d2', 25, '65', 'NULL', NULL, 1, '2019-05-16 10:52:23', NULL),
(3904, 223, 2, '5cdd15c57c5d2', 26, '69', 'NULL', NULL, 1, '2019-05-16 10:52:32', NULL),
(3905, 223, 2, '5cdd15c57c5d2', 9, '26', 'NULL', NULL, 1, '2019-05-16 10:52:44', NULL),
(3906, 223, 2, '5cdd15c57c5d2', 11, '5', 'NULL', NULL, 1, '2019-05-16 10:53:04', NULL),
(3907, 223, 2, '5cdd15c57c5d2', 12, '35', 'NULL', NULL, 1, '2019-05-16 10:53:15', NULL),
(3908, 223, 2, '5cdd15c57c5d2', 14, '39', 'NULL', NULL, 1, '2019-05-16 10:53:39', NULL),
(3909, 223, 2, '5cdd15c57c5d2', 22, '56', 'NULL', NULL, 1, '2019-05-16 10:53:55', NULL),
(3910, 224, 2, '5cdd6f5b8c8ff', 9, '26', 'NULL', NULL, 1, '2019-05-16 17:11:06', NULL),
(3911, 224, 2, '5cdd6f5b8c8ff', 11, '5', 'NULL', NULL, 1, '2019-05-16 17:11:20', NULL),
(3912, 224, 2, '5cdd6f5b8c8ff', 12, '35', 'NULL', NULL, 1, '2019-05-16 17:11:35', NULL),
(3913, 224, 2, '5cdd6f5b8c8ff', 13, '5', 'NULL', NULL, 1, '2019-05-16 17:11:46', NULL),
(3914, 224, 2, '5cdd6f5b8c8ff', 14, '39', 'NULL', NULL, 1, '2019-05-16 17:12:09', NULL),
(3915, 224, 2, '5cdd6f5b8c8ff', 19, '5', 'NULL', NULL, 1, '2019-05-16 17:12:21', NULL),
(3916, 224, 2, '5cdd6f5b8c8ff', 21, '5', 'NULL', NULL, 1, '2019-05-16 17:12:31', NULL),
(3917, 224, 2, '5cdd6f5b8c8ff', 22, '56', 'NULL', NULL, 1, '2019-05-16 17:12:46', NULL),
(3918, 224, 2, '5cdd6f5b8c8ff', 25, '65', 'NULL', NULL, 1, '2019-05-16 17:13:00', NULL),
(3919, 224, 2, '5cdd6f5b8c8ff', 26, '67', 'NULL', NULL, NULL, '2019-05-16 17:13:09', NULL),
(3920, 224, 2, '5cdd6f5b8c8ff', 26, '69', 'NULL', NULL, 1, '2019-05-16 17:13:17', NULL),
(3921, 225, 2, '5cdd7e0d3a5ce', 9, '25', 'NULL', NULL, NULL, '2019-05-16 18:13:30', NULL),
(3922, 225, 2, '5cdd7e0d3a5ce', 11, '32', 'NULL', NULL, NULL, '2019-05-16 18:13:37', NULL),
(3923, 226, 2, '5cdeb0f0530c7', 9, '27', 'NULL', NULL, NULL, '2019-05-17 16:03:01', NULL),
(3924, 226, 2, '5cdeb0f0530c7', 11, '5', 'NULL', NULL, 1, '2019-05-17 16:03:08', NULL),
(3925, 226, 2, '5cdeb0f0530c7', 12, '34', 'NULL', NULL, NULL, '2019-05-17 16:03:16', NULL),
(3926, 147, 2, '5cded11e59936', 9, '27', 'NULL', NULL, NULL, '2019-05-17 18:20:19', NULL),
(3927, 147, 2, '5cded11e59936', 11, '6', 'NULL', NULL, NULL, '2019-05-17 18:35:35', NULL),
(3928, 227, 4, '5cdf0327ba35e', 9, '26', 'NULL', NULL, 1, '2019-05-17 21:53:35', NULL),
(3929, 227, 4, '5cdf0327ba35e', 12, '34', 'NULL', NULL, NULL, '2019-05-17 21:53:50', NULL),
(3930, 227, 4, '5cdf0327ba35e', 14, '39', 'NULL', NULL, 1, '2019-05-17 21:53:58', NULL),
(3931, 227, 4, '5cdf0327ba35e', 21, '53', 'NULL', NULL, NULL, '2019-05-17 21:54:08', NULL),
(3932, 227, 4, '5cdf0327ba35e', 22, '56', 'NULL', NULL, 1, '2019-05-17 21:54:14', NULL),
(3933, 227, 4, '5cdf0327ba35e', 12, '35', 'NULL', NULL, 1, '2019-05-17 21:54:36', NULL),
(3934, 227, 4, '5cdf0327ba35e', 21, '5', 'NULL', NULL, 1, '2019-05-17 21:54:46', NULL),
(3935, 227, 4, '5cdf0327ba35e', 28, '74', 'NULL', NULL, 1, '2019-05-17 21:55:14', NULL),
(3936, 227, 4, '5cdf0327ba35e', 35, '6', 'NULL', NULL, NULL, '2019-05-17 21:55:20', NULL),
(3937, 227, 4, '5cdf0327ba35e', 36, '95', 'NULL', NULL, NULL, '2019-05-17 21:55:32', NULL),
(3938, 227, 4, '5cdf0327ba35e', 39, '5', 'NULL', NULL, 1, '2019-05-17 21:55:43', NULL),
(3939, 227, 4, '5cdf0327ba35e', 42, '106', 'NULL', NULL, NULL, '2019-05-17 21:55:49', NULL),
(3940, 227, 4, '5cdf0327ba35e', 35, '94', 'NULL', NULL, 1, '2019-05-24 21:32:43', NULL),
(3941, 227, 4, '5cdf0327ba35e', 36, '5', 'NULL', NULL, 1, '2019-05-24 21:32:48', NULL),
(3942, 227, 4, '5cdf0327ba35e', 42, '105', 'NULL', NULL, 1, '2019-05-24 21:32:54', NULL),
(3943, 227, 4, '5cdf0327ba35e', 51, '125, 124, 126', 'NULL', NULL, 1, '2019-05-24 21:33:02', NULL),
(3944, 227, 4, '5cdf0327ba35e', 54, '135', 'NULL', NULL, 1, '2019-05-24 21:33:07', NULL),
(3945, 227, 4, '5cdf0327ba35e', 56, '143, 152, 147', 'NULL', NULL, 1, '2019-05-24 21:33:23', NULL),
(3946, 227, 4, '5cdf0327ba35e', 61, '175', 'NULL', NULL, 1, '2019-05-24 21:33:30', NULL),
(3947, 227, 4, '5cdf0327ba35e', 62, '178', 'NULL', NULL, 1, '2019-05-24 21:33:48', NULL),
(3948, 227, 4, '5ce8472a114bd', 9, '25', 'NULL', NULL, NULL, '2019-05-24 22:34:48', NULL),
(3949, 227, 4, '5ce8472a114bd', 12, '34', 'NULL', NULL, NULL, '2019-05-24 22:35:05', NULL),
(3950, 227, 4, '5ce8472a114bd', 14, '39', 'NULL', NULL, 1, '2019-05-24 22:35:13', NULL),
(3951, 227, 4, '5ce8472a114bd', 21, '53', 'NULL', NULL, NULL, '2019-05-24 22:35:25', NULL),
(3952, 227, 4, '5ce8472a114bd', 22, '56', 'NULL', NULL, 1, '2019-05-24 22:35:32', NULL),
(3953, 227, 4, '5ce8472a114bd', 9, '26', 'NULL', NULL, 1, '2019-05-24 22:36:02', NULL),
(3954, 227, 4, '5ce8472a114bd', 12, '34', 'NULL', NULL, NULL, '2019-05-24 22:36:32', NULL),
(3955, 227, 4, '5ce8472a114bd', 21, '5', 'NULL', NULL, 1, '2019-05-24 22:36:55', NULL),
(3956, 227, 4, '5ce8472a114bd', 12, '33', 'NULL', NULL, NULL, '2019-05-24 22:37:49', NULL),
(3957, 227, 4, '5ce8472a114bd', 12, '34', 'NULL', NULL, NULL, '2019-05-24 22:38:05', NULL),
(3958, 227, 4, '5ce8472a114bd', 12, '34', 'NULL', NULL, NULL, '2019-05-24 22:39:21', NULL),
(3959, 227, 4, '5ce8472a114bd', 12, '35', 'NULL', NULL, 1, '2019-05-24 22:41:21', NULL),
(3960, 227, 4, '5ce8472a114bd', 28, '74', 'NULL', NULL, 1, '2019-05-24 22:44:55', NULL),
(3961, 227, 4, '5ce8472a114bd', 35, '5', 'NULL', NULL, NULL, '2019-05-24 22:44:58', NULL),
(3962, 227, 4, '5ce8472a114bd', 36, '95', 'NULL', NULL, NULL, '2019-05-24 22:45:01', NULL),
(3963, 227, 4, '5ce8472a114bd', 39, '98', 'NULL', NULL, NULL, '2019-05-24 22:45:04', NULL),
(3964, 227, 4, '5ce8472a114bd', 42, '105', 'NULL', NULL, 1, '2019-05-24 22:45:08', NULL),
(3965, 227, 4, '5ce8472a114bd', 35, '94', 'NULL', NULL, 1, '2019-05-24 22:46:45', NULL),
(3966, 227, 4, '5ce8472a114bd', 36, '95', 'NULL', NULL, NULL, '2019-05-24 22:46:49', NULL),
(3967, 227, 4, '5ce8472a114bd', 39, '98', 'NULL', NULL, NULL, '2019-05-24 22:46:52', NULL),
(3968, 227, 4, '5ce8472a114bd', 36, '6', 'NULL', NULL, NULL, '2019-05-24 22:49:35', NULL),
(3969, 227, 4, '5ce8472a114bd', 39, '99', 'NULL', NULL, NULL, '2019-05-24 22:49:40', NULL),
(3970, 227, 4, '5ce8472a114bd', 36, '5', 'NULL', NULL, 1, '2019-05-24 22:51:50', NULL),
(3971, 227, 4, '5ce8472a114bd', 39, '99', 'NULL', NULL, NULL, '2019-05-24 22:51:58', NULL),
(3972, 227, 4, '5ce8472a114bd', 39, '99', 'NULL', NULL, NULL, '2019-05-24 22:54:27', NULL),
(3973, 227, 4, '5ce8472a114bd', 39, '5', 'NULL', NULL, 1, '2019-05-24 23:00:44', NULL),
(3974, 227, 4, '5ce8472a114bd', 51, '127, 126, 124', 'NULL', NULL, NULL, '2019-05-24 23:00:54', NULL),
(3975, 227, 4, '5ce8472a114bd', 54, '135', 'NULL', NULL, 1, '2019-05-24 23:00:58', NULL),
(3976, 227, 4, '5ce8472a114bd', 56, '142, 147, 152', 'NULL', NULL, NULL, '2019-05-24 23:01:21', NULL),
(3977, 227, 4, '5ce8472a114bd', 61, '173', 'NULL', NULL, NULL, '2019-05-24 23:01:55', NULL),
(3978, 227, 4, '5ce8472a114bd', 62, '178', 'NULL', NULL, 1, '2019-05-24 23:01:59', NULL),
(3979, 227, 4, '5ce8472a114bd', 51, '125, 126, 124', 'NULL', NULL, 1, '2019-05-24 23:02:10', NULL),
(3980, 227, 4, '5ce8472a114bd', 56, '147, 152, 143', 'NULL', NULL, 1, '2019-05-24 23:02:25', NULL),
(3981, 227, 4, '5ce8472a114bd', 61, '175', 'NULL', NULL, 1, '2019-05-24 23:02:30', NULL),
(3982, 228, 4, '5ce85451aa5d14622959', 9, '26', 'NULL', NULL, 1, '2019-05-24 23:30:39', NULL),
(3983, 228, 4, '5ce85451aa5d14622959', 12, '35', 'NULL', NULL, 1, '2019-05-25 20:21:49', NULL),
(3984, 228, 4, '5ce85451aa5d14622959', 14, '38', 'NULL', NULL, NULL, '2019-05-25 20:22:00', NULL),
(3985, 228, 4, '5ce85451aa5d14622959', 21, '53', 'NULL', NULL, NULL, '2019-05-25 20:22:26', NULL),
(3986, 228, 4, '5ce85451aa5d14622959', 22, '56', 'NULL', NULL, 1, '2019-05-25 20:22:39', NULL),
(3987, 228, 4, '5ce85451aa5d14622959', 14, '39', 'NULL', NULL, 1, '2019-05-25 20:28:04', NULL),
(3988, 228, 4, '5ce85451aa5d14622959', 21, '5', 'NULL', NULL, 1, '2019-05-25 20:28:20', NULL),
(3989, 228, 4, '5ce85451aa5d14622959', 28, '74', 'NULL', NULL, 1, '2019-05-25 20:28:34', NULL),
(3990, 228, 4, '5ce85451aa5d14622959', 35, '5', 'NULL', NULL, NULL, '2019-05-25 20:28:38', NULL),
(3991, 228, 4, '5ce85451aa5d14622959', 36, '5', 'NULL', NULL, 1, '2019-05-25 20:28:45', NULL),
(3992, 228, 4, '5ce85451aa5d14622959', 39, '5', 'NULL', NULL, 1, '2019-05-25 20:28:52', NULL),
(3993, 228, 4, '5ce85451aa5d14622959', 42, '105', 'NULL', NULL, 1, '2019-05-25 20:28:59', NULL),
(3994, 228, 4, '5ce85451aa5d14622959', 35, '94', 'NULL', NULL, 1, '2019-05-25 20:30:19', NULL),
(3995, 228, 4, '5ce85451aa5d14622959', 51, '124, 126, 125', 'NULL', NULL, 1, '2019-05-25 20:30:31', NULL),
(3996, 228, 4, '5ce85451aa5d14622959', 54, '135', 'NULL', NULL, 1, '2019-05-25 20:30:36', NULL),
(3997, 228, 4, '5ce85451aa5d14622959', 56, '147, 143, 152', 'NULL', NULL, 1, '2019-05-25 20:31:08', NULL),
(3998, 228, 4, '5ce85451aa5d14622959', 61, '175', 'NULL', NULL, 1, '2019-05-25 20:31:28', NULL),
(3999, 228, 4, '5ce85451aa5d14622959', 62, '178', 'NULL', NULL, 1, '2019-05-25 20:31:36', NULL),
(4000, 229, 5, '5ce981495d8594841085', 8, '22', 'NULL', NULL, NULL, '2019-05-25 20:54:53', NULL),
(4001, 229, 5, '5ce981495d8594841085', 15, '5', 'NULL', NULL, 1, '2019-05-25 20:55:02', NULL),
(4002, 229, 5, '5ce981495d8594841085', 16, '5', 'NULL', NULL, 1, '2019-05-25 20:55:18', NULL),
(4003, 229, 5, '5ce981495d8594841085', 18, '45', 'NULL', NULL, 1, '2019-05-25 20:55:48', NULL),
(4004, 229, 5, '5ce981495d8594841085', 20, '50', 'NULL', NULL, 1, '2019-05-25 20:56:07', NULL),
(4005, 229, 5, '5ce981495d8594841085', 21, '5', 'NULL', NULL, 1, '2019-05-25 20:56:19', NULL),
(4006, 229, 5, '5ce981495d8594841085', 22, '54', 'NULL', NULL, NULL, '2019-05-25 20:56:53', NULL),
(4007, 229, 5, '5ce981495d8594841085', 23, '57', 'NULL', NULL, 1, '2019-05-25 20:57:02', NULL),
(4008, 229, 5, '5ce981495d8594841085', 24, '61', 'NULL', NULL, 1, '2019-05-25 20:57:28', NULL),
(4009, 229, 5, '5ce981495d8594841085', 27, '72', 'NULL', NULL, NULL, '2019-05-25 20:57:42', NULL),
(4010, 229, 5, '5ce981495d8594841085', 8, '21', 'NULL', NULL, 1, '2019-05-25 20:58:04', NULL),
(4011, 229, 5, '5ce981495d8594841085', 22, '54', 'NULL', NULL, NULL, '2019-05-25 21:00:44', NULL),
(4012, 229, 5, '5ce981495d8594841085', 27, '71', 'NULL', NULL, 1, '2019-05-25 21:00:52', NULL),
(4013, 229, 5, '5ce981495d8594841085', 22, '56', 'NULL', NULL, 1, '2019-05-25 21:01:10', NULL),
(4014, 229, 5, '5ce981495d8594841085', 29, '79, 76, 78', 'NULL', NULL, NULL, '2019-05-25 21:01:38', NULL),
(4015, 229, 5, '5ce981495d8594841085', 30, '82', 'NULL', NULL, 1, '2019-05-25 21:02:07', NULL),
(4016, 229, 5, '5ce981495d8594841085', 31, '6', 'NULL', NULL, 1, '2019-05-25 21:02:19', NULL),
(4017, 229, 5, '5ce981495d8594841085', 34, '90', 'NULL', NULL, 1, '2019-05-25 21:02:41', NULL),
(4018, 229, 5, '5ce981495d8594841085', 36, '5', 'NULL', NULL, 1, '2019-05-25 21:02:48', NULL),
(4019, 229, 5, '5ce981495d8594841085', 38, '97, 96', 'NULL', NULL, 1, '2019-05-25 21:03:00', NULL),
(4020, 229, 5, '5ce981495d8594841085', 40, '100', 'NULL', NULL, 1, '2019-05-25 21:03:20', NULL),
(4021, 229, 5, '5ce981495d8594841085', 44, '6', 'NULL', NULL, 1, '2019-05-25 21:03:31', NULL),
(4022, 229, 5, '5ce981495d8594841085', 46, '5', 'NULL', NULL, 1, '2019-05-25 21:03:38', NULL),
(4023, 229, 5, '5ce981495d8594841085', 47, '6', 'NULL', NULL, 1, '2019-05-25 21:03:49', NULL),
(4024, 229, 5, '5ce981495d8594841085', 29, '79, 78', 'NULL', NULL, 1, '2019-05-25 21:04:02', NULL),
(4025, 229, 5, '5ce981495d8594841085', 48, '113', 'NULL', NULL, 1, '2019-05-25 21:04:41', NULL),
(4026, 229, 5, '5ce981495d8594841085', 49, '117', 'NULL', NULL, 1, '2019-05-25 21:04:58', NULL),
(4027, 229, 5, '5ce981495d8594841085', 50, '121', 'NULL', NULL, 1, '2019-05-25 21:05:19', NULL),
(4028, 229, 5, '5ce981495d8594841085', 53, '133, 131', 'NULL', NULL, 1, '2019-05-25 21:05:34', NULL),
(4029, 229, 5, '5ce981495d8594841085', 55, '141, 145', 'NULL', NULL, 1, '2019-05-25 21:06:00', NULL),
(4030, 229, 5, '5ce981495d8594841085', 58, '160', 'NULL', NULL, 1, '2019-05-25 21:06:16', NULL),
(4031, 229, 5, '5ce981495d8594841085', 60, '168, 170, 171, 172, 167, 169', 'NULL', NULL, 1, '2019-05-25 21:06:47', NULL),
(4032, 229, 5, '5ce981495d8594841085', 65, '185', 'NULL', NULL, 1, '2019-05-25 21:07:04', NULL),
(4033, 229, 5, '5ce981495d8594841085', 66, '188', 'NULL', NULL, 1, '2019-05-25 21:07:15', NULL),
(4034, 229, 5, '5ce981495d8594841085', 67, '191', 'NULL', NULL, 1, '2019-05-25 21:07:26', NULL),
(4035, 230, 4, '5ce985603c4f25150630', 9, '26', 'NULL', NULL, 1, '2019-05-25 21:12:40', NULL),
(4036, 230, 4, '5ce985603c4f25150630', 12, '35', 'NULL', NULL, 1, '2019-05-25 21:12:55', NULL),
(4037, 230, 4, '5ce985603c4f25150630', 14, '39', 'NULL', NULL, 1, '2019-05-25 21:13:01', NULL),
(4038, 230, 4, '5ce985603c4f25150630', 21, '5', 'NULL', NULL, 1, '2019-05-25 21:13:07', NULL),
(4039, 230, 4, '5ce985603c4f25150630', 22, '54', 'NULL', NULL, NULL, '2019-05-25 21:13:24', NULL),
(4040, 230, 4, '5ce985603c4f25150630', 22, '56', 'NULL', NULL, 1, '2019-05-25 21:13:40', NULL),
(4041, 230, 4, '5ce985603c4f25150630', 28, '74', 'NULL', NULL, 1, '2019-05-25 21:18:47', NULL),
(4042, 230, 4, '5ce985603c4f25150630', 35, '94', 'NULL', NULL, 1, '2019-05-25 21:19:31', NULL),
(4043, 230, 4, '5ce985603c4f25150630', 36, '5', 'NULL', NULL, 1, '2019-05-25 21:19:35', NULL),
(4044, 230, 4, '5ce985603c4f25150630', 39, '5', 'NULL', NULL, 1, '2019-05-25 21:20:07', NULL),
(4045, 230, 4, '5ce985603c4f25150630', 42, '105', 'NULL', NULL, 1, '2019-05-25 21:20:13', NULL),
(4046, 231, 4, '5ce9878b347b91962793', 9, '26', 'NULL', NULL, 1, '2019-05-25 21:21:16', NULL),
(4047, 231, 4, '5ce9878b347b91962793', 12, '35', 'NULL', NULL, 1, '2019-05-25 21:23:20', NULL),
(4048, 231, 4, '5ce9878b347b91962793', 14, '39', 'NULL', NULL, 1, '2019-05-25 21:23:26', NULL),
(4049, 231, 4, '5ce9878b347b91962793', 21, '5', 'NULL', NULL, 1, '2019-05-25 21:23:33', NULL),
(4050, 231, 4, '5ce9878b347b91962793', 22, '54', 'NULL', NULL, NULL, '2019-05-25 21:24:06', NULL),
(4051, 230, 4, '5ce985603c4f25150630', 51, '125', 'NULL', NULL, NULL, '2019-05-25 21:25:03', NULL),
(4052, 230, 4, '5ce985603c4f25150630', 54, '136', 'NULL', NULL, NULL, '2019-05-25 21:25:06', NULL),
(4053, 230, 4, '5ce985603c4f25150630', 56, '143', 'NULL', NULL, NULL, '2019-05-25 21:25:09', NULL),
(4054, 230, 4, '5ce985603c4f25150630', 61, '173', 'NULL', NULL, NULL, '2019-05-25 21:25:16', NULL),
(4055, 230, 4, '5ce985603c4f25150630', 62, '179', 'NULL', NULL, NULL, '2019-05-25 21:25:20', NULL),
(4056, 231, 4, '5ce9878b347b91962793', 22, '54', 'NULL', NULL, NULL, '2019-05-25 21:45:52', NULL),
(4057, 231, 4, '5ce9878b347b91962793', 22, '56', 'NULL', NULL, 1, '2019-05-25 21:45:59', NULL),
(4058, 231, 4, '5ce9878b347b91962793', 28, '74', 'NULL', NULL, 1, '2019-05-25 21:46:24', NULL),
(4059, 231, 4, '5ce9878b347b91962793', 35, '94', 'NULL', NULL, 1, '2019-05-25 21:46:30', NULL),
(4060, 231, 4, '5ce9878b347b91962793', 36, '5', 'NULL', NULL, 1, '2019-05-25 21:46:35', NULL),
(4061, 231, 4, '5ce9878b347b91962793', 39, '5', 'NULL', NULL, 1, '2019-05-25 21:46:42', NULL),
(4062, 231, 4, '5ce9878b347b91962793', 42, '105', 'NULL', NULL, 1, '2019-05-25 21:46:47', NULL),
(4063, 231, 4, '5ce9878b347b91962793', 51, '125, 124, 126', 'NULL', NULL, 1, '2019-05-25 21:46:57', NULL),
(4064, 231, 4, '5ce9878b347b91962793', 54, '135', 'NULL', NULL, 1, '2019-05-25 21:47:01', NULL),
(4065, 231, 4, '5ce9878b347b91962793', 56, '147, 143, 152', 'NULL', NULL, 1, '2019-05-25 21:47:13', NULL),
(4066, 231, 4, '5ce9878b347b91962793', 61, '175', 'NULL', NULL, 1, '2019-05-25 21:47:30', NULL),
(4067, 231, 4, '5ce9878b347b91962793', 62, '178', 'NULL', NULL, 1, '2019-05-25 21:47:40', NULL),
(4068, 231, 4, '5ce98f51012ef', 9, '26', 'NULL', NULL, 1, '2019-05-25 21:54:20', NULL),
(4069, 231, 4, '5ce98f51012ef', 12, '35', 'NULL', NULL, 1, '2019-05-25 21:54:30', NULL),
(4070, 230, 4, '5ce985603c4f25150630', 51, '126, 125, 124', 'NULL', NULL, 1, '2019-05-25 22:01:34', NULL),
(4071, 230, 4, '5ce985603c4f25150630', 54, '137', 'NULL', NULL, NULL, '2019-05-25 22:01:50', NULL),
(4072, 230, 4, '5ce985603c4f25150630', 56, '143', 'NULL', NULL, NULL, '2019-05-25 22:02:00', NULL),
(4073, 230, 4, '5ce985603c4f25150630', 61, '173', 'NULL', NULL, NULL, '2019-05-25 22:02:03', NULL),
(4074, 230, 4, '5ce985603c4f25150630', 62, '177', 'NULL', NULL, NULL, '2019-05-25 22:02:06', NULL),
(4075, 230, 4, '5ce985603c4f25150630', 54, '136', 'NULL', NULL, NULL, '2019-05-25 22:02:25', NULL),
(4076, 230, 4, '5ce985603c4f25150630', 56, '145', 'NULL', NULL, NULL, '2019-05-25 22:02:28', NULL),
(4077, 230, 4, '5ce985603c4f25150630', 61, '173', 'NULL', NULL, NULL, '2019-05-25 22:02:31', NULL),
(4078, 230, 4, '5ce985603c4f25150630', 62, '177', 'NULL', NULL, NULL, '2019-05-25 22:02:36', NULL),
(4079, 230, 4, '5ce985603c4f25150630', 54, '135', 'NULL', NULL, 1, '2019-05-25 22:02:47', NULL),
(4080, 230, 4, '5ce985603c4f25150630', 56, '152, 147, 143', 'NULL', NULL, 1, '2019-05-25 22:03:08', NULL),
(4081, 230, 4, '5ce985603c4f25150630', 61, '175', 'NULL', NULL, 1, '2019-05-25 22:03:14', NULL),
(4082, 230, 4, '5ce985603c4f25150630', 62, '176', 'NULL', NULL, NULL, '2019-05-25 22:03:18', NULL),
(4083, 230, 4, '5ce985603c4f25150630', 62, '178', 'NULL', NULL, 1, '2019-05-25 22:04:09', NULL),
(4084, 230, 4, '5ce994266bf2f', 9, '26', 'NULL', NULL, 1, '2019-05-25 22:15:39', NULL),
(4085, 230, 4, '5ce994266bf2f', 12, '35', 'NULL', NULL, 1, '2019-05-25 22:15:46', NULL),
(4086, 231, 4, '5ce98f51012ef', 14, '39', 'NULL', NULL, 1, '2019-05-25 22:15:59', NULL),
(4087, 231, 4, '5ce98f51012ef', 21, '5', 'NULL', NULL, 1, '2019-05-25 22:16:10', NULL),
(4088, 231, 4, '5ce98f51012ef', 22, '56', 'NULL', NULL, 1, '2019-05-25 22:16:20', NULL),
(4089, 231, 4, '5ce98f51012ef', 28, '74', 'NULL', NULL, 1, '2019-05-25 22:16:27', NULL),
(4090, 231, 4, '5ce98f51012ef', 35, '5', 'NULL', NULL, NULL, '2019-05-25 22:16:32', NULL),
(4091, 231, 4, '5ce98f51012ef', 36, '5', 'NULL', NULL, 1, '2019-05-25 22:16:36', NULL),
(4092, 231, 4, '5ce98f51012ef', 39, '5', 'NULL', NULL, 1, '2019-05-25 22:16:46', NULL),
(4093, 231, 4, '5ce98f51012ef', 42, '105', 'NULL', NULL, 1, '2019-05-25 22:16:54', NULL),
(4094, 231, 4, '5ce98f51012ef', 35, '94', 'NULL', NULL, 1, '2019-05-25 22:17:12', NULL),
(4095, 231, 4, '5ce98f51012ef', 51, '125, 126, 124', 'NULL', NULL, 1, '2019-05-25 22:17:23', NULL),
(4096, 231, 4, '5ce98f51012ef', 54, '135', 'NULL', NULL, 1, '2019-05-25 22:17:28', NULL),
(4097, 231, 4, '5ce98f51012ef', 56, '145, 147, 143', 'NULL', NULL, NULL, '2019-05-25 22:17:40', NULL),
(4098, 231, 4, '5ce98f51012ef', 61, '175', 'NULL', NULL, 1, '2019-05-25 22:17:46', NULL),
(4099, 231, 4, '5ce98f51012ef', 62, '178', 'NULL', NULL, 1, '2019-05-25 22:17:49', NULL),
(4100, 231, 4, '5ce98f51012ef', 56, '147, 152, 143', 'NULL', NULL, 1, '2019-05-25 22:18:12', NULL),
(4101, 232, 6, '5ce9a2606545d9654283', 8, '21', 'NULL', NULL, 1, '2019-05-25 23:16:16', NULL),
(4102, 233, 6, '5ce9b898bf59f4604281', 8, '21', 'NULL', NULL, 1, '2019-05-26 00:51:32', NULL),
(4103, 233, 6, '5ce9b898bf59f4604281', 15, '41', 'NULL', NULL, NULL, '2019-05-26 01:14:15', NULL),
(4104, 233, 6, '5ce9b898bf59f4604281', 16, '5', 'NULL', NULL, 1, '2019-05-26 01:31:55', NULL),
(4105, 233, 6, '5ce9b898bf59f4604281', 18, '45', 'NULL', NULL, 1, '2019-05-26 01:32:26', NULL),
(4106, 234, 6, '5ce9c366021ff6045257', 8, '21', 'NULL', NULL, 1, '2019-05-26 01:38:01', NULL),
(4107, 234, 6, '5ce9c366021ff6045257', 15, '41', 'NULL', NULL, NULL, '2019-05-26 01:38:15', NULL),
(4108, 234, 6, '5ce9c366021ff6045257', 16, '5', 'NULL', NULL, 1, '2019-05-26 01:38:59', NULL),
(4109, 234, 6, '5ce9c366021ff6045257', 18, '45', 'NULL', NULL, 1, '2019-05-26 01:39:17', NULL);
INSERT INTO `usr_answer` (`ID`, `ID_USER`, `ID_ACTION`, `PLAY_KEY`, `ID_QUESTION`, `ANSWER`, `INFO`, `SCALE_VALUE`, `IS_TRUE`, `DT_INSERTED`, `DT_MODIFIED`) VALUES
(4110, 234, 6, '5ce9c366021ff6045257', 20, '50', 'NULL', NULL, 1, '2019-05-26 01:40:54', NULL),
(4111, 234, 6, '5ce9c366021ff6045257', 21, '53', 'NULL', NULL, NULL, '2019-05-26 01:41:05', NULL),
(4112, 234, 6, '5ce9c366021ff6045257', 22, '56', 'NULL', NULL, 1, '2019-05-26 01:41:18', NULL),
(4113, 234, 6, '5ce9c366021ff6045257', 23, '57', 'NULL', NULL, 1, '2019-05-26 01:41:27', NULL),
(4114, 234, 6, '5ce9c366021ff6045257', 24, '61', 'NULL', NULL, 1, '2019-05-26 01:41:41', NULL),
(4115, 234, 6, '5ce9c366021ff6045257', 27, '71', 'NULL', NULL, 1, '2019-05-26 01:41:56', NULL),
(4116, 234, 6, '5ce9c366021ff6045257', 15, '5', 'NULL', NULL, 1, '2019-05-26 01:42:56', NULL),
(4117, 234, 6, '5ce9c366021ff6045257', 21, '5', 'NULL', NULL, 1, '2019-05-26 01:43:05', NULL),
(4118, 234, 6, '5cea1686034485770833', 8, '23', 'NULL', NULL, NULL, '2019-05-26 07:36:51', NULL),
(4119, 234, 6, '5cea1686034485770833', 15, '5', 'NULL', NULL, 1, '2019-05-26 07:36:56', NULL),
(4120, 234, 6, '5cea1686034485770833', 16, '5', 'NULL', NULL, 1, '2019-05-26 07:43:29', NULL),
(4121, 235, 6, '5cea1e1a21b818515943', 8, '21', 'NULL', NULL, 1, '2019-05-26 08:03:51', NULL),
(4122, 235, 6, '5cea1e1a21b818515943', 15, '5', 'NULL', NULL, 1, '2019-05-26 08:03:58', NULL),
(4123, 235, 6, '5cea1e1a21b818515943', 16, '5', 'NULL', NULL, 1, '2019-05-26 08:04:03', NULL),
(4124, 235, 6, '5cea1e1a21b818515943', 18, '45', 'NULL', NULL, 1, '2019-05-26 08:04:10', NULL),
(4125, 235, 6, '5cea1e1a21b818515943', 20, '50', 'NULL', NULL, 1, '2019-05-26 08:04:20', NULL),
(4126, 235, 6, '5cea1e1a21b818515943', 21, '5', 'NULL', NULL, 1, '2019-05-26 08:04:29', NULL),
(4127, 235, 6, '5cea1e1a21b818515943', 22, '56', 'NULL', NULL, 1, '2019-05-26 08:04:40', NULL),
(4128, 235, 6, '5cea1e1a21b818515943', 23, '57', 'NULL', NULL, 1, '2019-05-26 08:04:48', NULL),
(4129, 235, 6, '5cea1e1a21b818515943', 24, '61', 'NULL', NULL, 1, '2019-05-26 08:04:59', NULL),
(4130, 235, 6, '5cea1e1a21b818515943', 27, '71', 'NULL', NULL, 1, '2019-05-26 08:05:14', NULL),
(4131, 235, 6, '5cea1e1a21b818515943', 29, '78, 79', 'NULL', NULL, 1, '2019-05-26 08:05:29', NULL),
(4132, 235, 6, '5cea1e1a21b818515943', 30, '82', 'NULL', NULL, 1, '2019-05-26 08:05:50', NULL),
(4133, 235, 6, '5cea1e1a21b818515943', 31, '6', 'NULL', NULL, 1, '2019-05-26 08:06:01', NULL),
(4134, 235, 6, '5cea1e1a21b818515943', 34, '90', 'NULL', NULL, 1, '2019-05-26 08:06:08', NULL),
(4135, 235, 6, '5cea1e1a21b818515943', 36, '5', 'NULL', NULL, 1, '2019-05-26 08:06:16', NULL),
(4136, 235, 6, '5cea1e1a21b818515943', 38, '96, 97', 'NULL', NULL, 1, '2019-05-26 08:06:28', NULL),
(4137, 235, 6, '5cea1e1a21b818515943', 40, '100', 'NULL', NULL, 1, '2019-05-26 08:06:35', NULL),
(4138, 235, 6, '5cea1e1a21b818515943', 44, '6', 'NULL', NULL, 1, '2019-05-26 08:06:52', NULL),
(4139, 235, 6, '5cea1e1a21b818515943', 46, '5', 'NULL', NULL, 1, '2019-05-26 08:06:57', NULL),
(4140, 235, 6, '5cea1e1a21b818515943', 47, '6', 'NULL', NULL, 1, '2019-05-26 08:07:03', NULL),
(4141, 235, 6, '5cea1e1a21b818515943', 48, '113', 'NULL', NULL, 1, '2019-05-26 08:07:17', NULL),
(4142, 235, 6, '5cea1e1a21b818515943', 49, '117', 'NULL', NULL, 1, '2019-05-26 08:07:31', NULL),
(4143, 235, 6, '5cea1e1a21b818515943', 50, '121', 'NULL', NULL, 1, '2019-05-26 08:07:38', NULL),
(4144, 235, 6, '5cea1e1a21b818515943', 53, '131, 133', 'NULL', NULL, 1, '2019-05-26 08:07:50', NULL),
(4145, 235, 6, '5cea1e1a21b818515943', 55, '145, 141', 'NULL', NULL, 1, '2019-05-26 08:08:08', NULL),
(4146, 235, 6, '5cea1e1a21b818515943', 58, '160', 'NULL', NULL, 1, '2019-05-26 08:08:23', NULL),
(4147, 235, 6, '5cea1e1a21b818515943', 60, '171, 169, 168, 170, 167, 172', 'NULL', NULL, 1, '2019-05-26 08:08:50', NULL),
(4148, 235, 6, '5cea1e1a21b818515943', 65, '185', 'NULL', NULL, 1, '2019-05-26 08:09:16', NULL),
(4149, 235, 6, '5cea1e1a21b818515943', 66, '188', 'NULL', NULL, 1, '2019-05-26 08:09:30', NULL),
(4150, 235, 6, '5cea1e1a21b818515943', 67, '191', 'NULL', NULL, 1, '2019-05-26 08:09:43', NULL),
(4151, 236, 6, '5cea25ed5f3a83800665', 8, '21', 'NULL', NULL, 1, '2019-05-26 08:37:04', NULL),
(4152, 236, 6, '5cea25ed5f3a83800665', 15, '41', 'NULL', NULL, NULL, '2019-05-26 08:37:24', NULL),
(4153, 236, 6, '5cea25ed5f3a83800665', 16, '5', 'NULL', NULL, 1, '2019-05-26 08:37:33', NULL),
(4154, 236, 6, '5cea25ed5f3a83800665', 18, '44', 'NULL', NULL, NULL, '2019-05-26 08:37:47', NULL),
(4155, 236, 6, '5cea25ed5f3a83800665', 20, '49', 'NULL', NULL, NULL, '2019-05-26 08:38:20', NULL),
(4156, 236, 6, '5cea25ed5f3a83800665', 21, '52', 'NULL', NULL, NULL, '2019-05-26 08:38:33', NULL),
(4157, 236, 6, '5cea25ed5f3a83800665', 22, '55', 'NULL', NULL, NULL, '2019-05-26 08:38:43', NULL),
(4158, 236, 6, '5cea25ed5f3a83800665', 23, '58', 'NULL', NULL, NULL, '2019-05-26 08:38:54', NULL),
(4159, 236, 6, '5cea25ed5f3a83800665', 24, '60', 'NULL', NULL, NULL, '2019-05-26 08:39:08', NULL),
(4160, 236, 6, '5cea25ed5f3a83800665', 27, '71', 'NULL', NULL, 1, '2019-05-26 08:39:22', NULL),
(4161, 236, 6, '5cea25ed5f3a83800665', 15, '5', 'NULL', NULL, 1, '2019-05-26 08:39:43', NULL),
(4162, 236, 6, '5cea25ed5f3a83800665', 18, '45', 'NULL', NULL, 1, '2019-05-26 08:39:50', NULL),
(4163, 236, 6, '5cea25ed5f3a83800665', 20, '51', 'NULL', NULL, NULL, '2019-05-26 08:40:00', NULL),
(4164, 236, 6, '5cea25ed5f3a83800665', 21, '53', 'NULL', NULL, NULL, '2019-05-26 08:40:09', NULL),
(4165, 236, 6, '5cea25ed5f3a83800665', 22, '54', 'NULL', NULL, NULL, '2019-05-26 08:40:16', NULL),
(4166, 236, 6, '5cea25ed5f3a83800665', 23, '57', 'NULL', NULL, 1, '2019-05-26 08:40:21', NULL),
(4167, 236, 6, '5cea25ed5f3a83800665', 24, '59', 'NULL', NULL, NULL, '2019-05-26 08:40:43', NULL),
(4168, 236, 6, '5cea25ed5f3a83800665', 20, '50', 'NULL', NULL, 1, '2019-05-26 08:40:55', NULL),
(4169, 236, 6, '5cea25ed5f3a83800665', 21, '5', 'NULL', NULL, 1, '2019-05-26 08:41:02', NULL),
(4170, 236, 6, '5cea25ed5f3a83800665', 22, '56', 'NULL', NULL, 1, '2019-05-26 08:41:13', NULL),
(4171, 236, 6, '5cea25ed5f3a83800665', 24, '62', 'NULL', NULL, NULL, '2019-05-26 08:41:19', NULL),
(4172, 236, 6, '5cea25ed5f3a83800665', 24, '61', 'NULL', NULL, 1, '2019-05-26 08:41:25', NULL),
(4173, 236, 6, '5cea25ed5f3a83800665', 29, '77', 'NULL', NULL, NULL, '2019-05-26 08:41:37', NULL),
(4174, 141, 6, '5cea3efc541825912199', 8, '22', 'NULL', NULL, NULL, '2019-05-26 10:24:11', NULL),
(4175, 141, 6, '5cea3efc541825912199', 15, '41', 'NULL', NULL, NULL, '2019-05-26 10:24:18', NULL),
(4176, 141, 6, '5cea3efc541825912199', 16, '42', 'NULL', NULL, NULL, '2019-05-26 10:24:22', NULL),
(4177, 234, 6, '5ceadd8e747c0', 8, '21', 'NULL', NULL, 1, '2019-05-26 21:41:08', NULL),
(4178, 234, 6, '5ceadd8e747c0', 15, '41', 'NULL', NULL, NULL, '2019-05-26 21:41:23', NULL),
(4179, 234, 6, '5ceadd8e747c0', 16, '5', 'NULL', NULL, 1, '2019-05-26 21:44:53', NULL),
(4180, 234, 6, '5ceadd8e747c0', 18, '45', 'NULL', NULL, 1, '2019-05-26 21:44:58', NULL),
(4181, 234, 6, '5ceadd8e747c0', 20, '50', 'NULL', NULL, 1, '2019-05-26 21:45:04', NULL),
(4182, 191, 6, '5cea149a3beb07886009', 8, '21', 'NULL', NULL, 1, '2019-05-26 21:46:43', NULL),
(4183, 191, 6, '5cea149a3beb07886009', 15, '41', 'NULL', NULL, NULL, '2019-05-26 21:46:47', NULL),
(4184, 234, 6, '5ceadd8e747c0', 21, '5', 'NULL', NULL, 1, '2019-05-26 21:47:40', NULL),
(4185, 234, 6, '5ceadd8e747c0', 22, '56', 'NULL', NULL, 1, '2019-05-26 21:47:45', NULL),
(4186, 234, 6, '5ceadd8e747c0', 23, '57', 'NULL', NULL, 1, '2019-05-26 21:47:52', NULL),
(4187, 234, 6, '5ceadd8e747c0', 24, '61', 'NULL', NULL, 1, '2019-05-26 21:48:00', NULL),
(4188, 234, 6, '5ceadd8e747c0', 27, '71', 'NULL', NULL, 1, '2019-05-26 21:48:08', NULL),
(4189, 234, 6, '5ceadd8e747c0', 15, '5', 'NULL', NULL, 1, '2019-05-26 21:48:18', NULL),
(4190, 234, 6, '5ceadd8e747c0', 29, '79, 78', 'NULL', NULL, 1, '2019-05-26 21:48:29', NULL),
(4191, 234, 6, '5ceadd8e747c0', 30, '82', 'NULL', NULL, 1, '2019-05-26 21:48:37', NULL),
(4192, 234, 6, '5ceadd8e747c0', 31, '6', 'NULL', NULL, 1, '2019-05-26 21:48:46', NULL),
(4193, 234, 6, '5ceadd8e747c0', 34, '90', 'NULL', NULL, 1, '2019-05-26 21:48:54', NULL),
(4194, 234, 6, '5ceadd8e747c0', 36, '5', 'NULL', NULL, 1, '2019-05-26 21:49:01', NULL),
(4195, 234, 6, '5ceadd8e747c0', 38, '97, 96', 'NULL', NULL, 1, '2019-05-26 21:49:10', NULL),
(4196, 234, 6, '5ceadd8e747c0', 40, '100', 'NULL', NULL, 1, '2019-05-26 21:49:17', NULL),
(4197, 234, 6, '5ceadd8e747c0', 44, '6', 'NULL', NULL, 1, '2019-05-26 21:49:24', NULL),
(4198, 234, 6, '5ceadd8e747c0', 46, '5', 'NULL', NULL, 1, '2019-05-26 21:49:31', NULL),
(4199, 234, 6, '5ceadd8e747c0', 47, '6', 'NULL', NULL, 1, '2019-05-26 21:49:38', NULL),
(4200, 234, 6, '5ceadd8e747c0', 48, '113', 'NULL', NULL, 1, '2019-05-26 21:49:53', NULL),
(4201, 234, 6, '5ceadd8e747c0', 49, '117', 'NULL', NULL, 1, '2019-05-26 21:50:05', NULL),
(4202, 234, 6, '5ceadd8e747c0', 50, '121', 'NULL', NULL, 1, '2019-05-26 21:51:37', NULL),
(4203, 234, 6, '5ceadd8e747c0', 53, '131, 133', 'NULL', NULL, 1, '2019-05-26 21:51:44', NULL),
(4204, 234, 6, '5ceadd8e747c0', 55, '141, 145', 'NULL', NULL, 1, '2019-05-26 21:52:05', NULL),
(4205, 234, 6, '5ceadd8e747c0', 58, '160', 'NULL', NULL, 1, '2019-05-26 21:52:17', NULL),
(4206, 234, 6, '5ceadd8e747c0', 60, '172, 167, 171, 170, 169, 168', 'NULL', NULL, 1, '2019-05-26 21:52:32', NULL),
(4207, 234, 6, '5ceadd8e747c0', 65, '185', 'NULL', NULL, 1, '2019-05-26 21:53:19', NULL),
(4208, 234, 6, '5ceadd8e747c0', 66, '188', 'NULL', NULL, 1, '2019-05-26 21:53:39', NULL),
(4209, 234, 6, '5ceadd8e747c0', 67, '191', 'NULL', NULL, 1, '2019-05-26 21:53:50', NULL),
(4210, 237, 6, '5ceaeab5d98396432016', 8, '21', 'NULL', NULL, 1, '2019-05-26 22:36:45', NULL),
(4211, 238, 5, '5cebc4d9851fe3042244', 8, '22', 'NULL', NULL, NULL, '2019-05-27 14:07:29', NULL),
(4212, 238, 5, '5cebc4d9851fe3042244', 15, '41', 'NULL', NULL, NULL, '2019-05-27 14:07:39', NULL),
(4213, 238, 5, '5cebc4d9851fe3042244', 16, '5', 'NULL', NULL, 1, '2019-05-27 14:07:50', NULL),
(4214, 238, 5, '5cebc4d9851fe3042244', 18, '46', 'NULL', NULL, NULL, '2019-05-27 14:08:10', NULL),
(4215, 238, 5, '5cebc4d9851fe3042244', 20, '51', 'NULL', NULL, NULL, '2019-05-27 14:08:21', NULL),
(4216, 238, 5, '5cebc4d9851fe3042244', 21, '5', 'NULL', NULL, 1, '2019-05-27 14:08:26', NULL),
(4217, 238, 5, '5cebc4d9851fe3042244', 22, '56', 'NULL', NULL, 1, '2019-05-27 14:08:34', NULL),
(4218, 238, 5, '5cebc4d9851fe3042244', 23, '58', 'NULL', NULL, NULL, '2019-05-27 14:08:40', NULL),
(4219, 238, 5, '5cebc4d9851fe3042244', 24, '60', 'NULL', NULL, NULL, '2019-05-27 14:08:47', NULL),
(4220, 238, 5, '5cebc4d9851fe3042244', 27, '71', 'NULL', NULL, 1, '2019-05-27 14:08:53', NULL),
(4221, 150, 6, '5ceb7d1a939ff3816382', 8, '22', 'NULL', NULL, NULL, '2019-05-27 18:11:15', NULL),
(4222, 150, 6, '5ceb7d1a939ff3816382', 15, '5', 'NULL', NULL, 1, '2019-05-27 18:11:30', NULL),
(4223, 239, 6, '5cec2a3343a374043851', 8, '22', 'NULL', NULL, NULL, '2019-05-27 21:20:03', NULL),
(4224, 239, 6, '5cec2a3343a374043851', 15, '5', 'NULL', NULL, 1, '2019-05-27 21:20:18', NULL),
(4225, 239, 6, '5cec2a3343a374043851', 16, '5', 'NULL', NULL, 1, '2019-05-27 21:20:32', NULL),
(4226, 239, 6, '5cec2a3343a374043851', 18, '45', 'NULL', NULL, 1, '2019-05-27 21:20:52', NULL),
(4227, 239, 6, '5cec2a3343a374043851', 20, '49', 'NULL', NULL, NULL, '2019-05-27 21:21:13', NULL),
(4228, 239, 6, '5cec2a3343a374043851', 21, '5', 'NULL', NULL, 1, '2019-05-27 21:21:47', NULL),
(4229, 239, 6, '5cec2a3343a374043851', 22, '56', 'NULL', NULL, 1, '2019-05-27 21:22:36', NULL),
(4230, 239, 6, '5cec2a3343a374043851', 23, '57', 'NULL', NULL, 1, '2019-05-27 21:22:57', NULL),
(4231, 239, 6, '5cec2a3343a374043851', 24, '60', 'NULL', NULL, NULL, '2019-05-27 21:23:30', NULL),
(4232, 239, 6, '5cec2a3343a374043851', 27, '72', 'NULL', NULL, NULL, '2019-05-27 21:24:00', NULL),
(4233, 239, 6, '5cec2a3343a374043851', 8, '21', 'NULL', NULL, 1, '2019-05-27 21:24:30', NULL),
(4234, 239, 6, '5cec2a3343a374043851', 20, '51', 'NULL', NULL, NULL, '2019-05-27 21:25:01', NULL),
(4235, 239, 6, '5cec2a3343a374043851', 24, '59', 'NULL', NULL, NULL, '2019-05-27 21:25:12', NULL),
(4236, 239, 6, '5cec2a3343a374043851', 27, '70', 'NULL', NULL, NULL, '2019-05-27 21:25:24', NULL),
(4237, 239, 6, '5cec2a3343a374043851', 20, '49', 'NULL', NULL, NULL, '2019-05-27 21:25:49', NULL),
(4238, 239, 6, '5cec2a3343a374043851', 24, '61', 'NULL', NULL, 1, '2019-05-27 21:25:57', NULL),
(4239, 239, 6, '5cec2a3343a374043851', 27, '70', 'NULL', NULL, NULL, '2019-05-27 21:26:11', NULL),
(4240, 239, 6, '5cec2a3343a374043851', 20, '51', 'NULL', NULL, NULL, '2019-05-27 21:26:29', NULL),
(4241, 240, 6, '5cec413c492c34095933', 8, '22', 'NULL', NULL, NULL, '2019-05-27 22:58:19', NULL),
(4242, 241, 6, '5cec5360b88a97035137', 8, '21', 'NULL', NULL, 1, '2019-05-28 00:15:12', NULL),
(4243, 241, 6, '5cec53d4b40f42155663', 8, '21', 'NULL', NULL, 1, '2019-05-28 00:17:08', NULL),
(4244, 241, 6, '5cec541e02c9f6290700', 8, '21', 'NULL', NULL, 1, '2019-05-28 00:18:22', NULL),
(4245, 242, 6, '5cec54e1c72b61649723', 8, '23', 'NULL', NULL, NULL, '2019-05-28 00:21:37', NULL),
(4246, 243, 6, '5cec5514f21436974157', 8, '21', 'NULL', NULL, 1, '2019-05-28 00:22:28', NULL),
(4247, 243, 6, '5cec55a93328a3887270', 8, '21', 'NULL', NULL, 1, '2019-05-28 00:24:57', NULL),
(4248, 243, 6, '5cec564a8d9195499716', 8, '21', 'NULL', NULL, 1, '2019-05-28 00:27:38', NULL),
(4249, 243, 6, '5cec58952647a3589528', 8, '21', 'NULL', NULL, 1, '2019-05-28 00:37:25', NULL),
(4250, 243, 6, '5cec589e0aeba7509491', 8, '23', 'NULL', NULL, NULL, '2019-05-28 00:37:34', NULL),
(4251, 244, 6, '5cec59cd90ab75169659', 8, '21', 'NULL', NULL, 1, '2019-05-28 00:42:37', NULL),
(4252, 245, 6, '5cec5b358d2dd5495980', 8, '21', 'NULL', NULL, 1, '2019-05-28 00:48:37', NULL),
(4253, 237, 6, '5cec5c4d88fc93730173', 8, '21', 'NULL', NULL, 1, '2019-05-28 00:53:17', NULL),
(4254, 246, 6, '5cec5ef2728337840473', 8, '21', 'NULL', NULL, 1, '2019-05-28 01:04:34', NULL),
(4255, 246, 6, '5cec5f378792f3781419', 8, '21', 'NULL', NULL, 1, '2019-05-28 01:05:43', NULL),
(4256, 246, 6, '5cec5fd8eecd09058024', 8, '21', 'NULL', NULL, 1, '2019-05-28 01:08:24', NULL),
(4257, 247, 6, '5cec6858027165203157', 8, '21', 'NULL', NULL, 1, '2019-05-28 01:44:40', NULL),
(4258, 247, 6, '5cec6864028422980497', 8, '21', 'NULL', NULL, 1, '2019-05-28 01:44:52', NULL),
(4259, 247, 6, '5cec6a540df268542610', 8, '23', 'NULL', NULL, NULL, '2019-05-28 01:53:08', NULL),
(4260, 247, 6, '5cec6a59d12d33433414', 8, '21', 'NULL', NULL, 1, '2019-05-28 01:53:13', NULL),
(4261, 247, 6, '5cec6bfc748549664620', 8, '21', 'NULL', NULL, 1, '2019-05-28 02:00:12', NULL),
(4262, 247, 6, '5cec6c7acf50b2938844', 8, '23', 'NULL', NULL, NULL, '2019-05-28 02:02:18', NULL),
(4263, 247, 6, '5cec6c806fc9e3886527', 8, '21', 'NULL', NULL, 1, '2019-05-28 02:02:24', NULL),
(4264, 247, 6, '5cec6c96ee8353007560', 8, '21', 'NULL', NULL, 1, '2019-05-28 02:02:46', NULL),
(4265, 248, 6, '5cec6ce9a00c19958125', 8, '22', 'NULL', NULL, NULL, '2019-05-28 02:04:09', NULL),
(4266, 248, 6, '5cec6ced388241556154', 8, '21', 'NULL', NULL, 1, '2019-05-28 02:04:13', NULL),
(4267, 248, 6, '5cec6cefb97485736369', 8, '22', 'NULL', NULL, NULL, '2019-05-28 02:04:15', NULL),
(4268, 248, 6, '5cec6ec307d278561104', 8, '22', 'NULL', NULL, NULL, '2019-05-28 02:12:03', NULL),
(4269, 248, 6, '5cec6ec7d29f12284668', 8, '23', 'NULL', NULL, NULL, '2019-05-28 02:12:07', NULL),
(4270, 248, 6, '5cec6ecbe44e14377667', 8, '21', 'NULL', NULL, 1, '2019-05-28 02:12:11', NULL),
(4271, 248, 6, '5cec6ecf1521f8568582', 8, '22', 'NULL', NULL, NULL, '2019-05-28 02:12:15', NULL),
(4272, 249, 6, '5cec6eddc93ab6207971', 8, '22', 'NULL', NULL, NULL, '2019-05-28 02:12:29', NULL),
(4273, 249, 6, '5cec6ee1422244425087', 8, '21', 'NULL', NULL, 1, '2019-05-28 02:12:33', NULL),
(4274, 249, 6, '5cec6ee40d6c38631362', 8, '23', 'NULL', NULL, NULL, '2019-05-28 02:12:36', NULL),
(4275, 249, 6, '5cec6ee8d2fd22308575', 8, '21', 'NULL', NULL, 1, '2019-05-28 02:12:40', NULL),
(4276, 249, 6, '5cec6eec51f922044554', 8, '21', 'NULL', NULL, 1, '2019-05-28 02:12:44', NULL),
(4277, 248, 6, '5cec7017441219509549', 8, '21', 'NULL', NULL, 1, '2019-05-28 02:17:43', NULL),
(4278, 248, 6, '5cec701ad8b225425286', 8, '23', 'NULL', NULL, NULL, '2019-05-28 02:17:46', NULL),
(4279, 250, 6, '5cecb5c9953111242547', 8, '21', 'NULL', NULL, 1, '2019-05-28 07:15:05', NULL),
(4280, 251, 6, '5cecb6fa21d1e9834729', 8, '21', 'NULL', NULL, 1, '2019-05-28 07:20:10', NULL),
(4281, 252, 6, '5cecdab17ae424263472', 8, '22', 'NULL', NULL, NULL, '2019-05-28 09:52:33', NULL),
(4282, 252, 6, '5cecdb1dca40c6901307', 8, '21', 'NULL', NULL, 1, '2019-05-28 09:54:21', NULL),
(4283, 252, 6, '5cecdb25a8db01034779', 8, '23', 'NULL', NULL, NULL, '2019-05-28 09:54:29', NULL),
(4284, 252, 6, '5cecdb2bb78638630186', 8, '21', 'NULL', NULL, 1, '2019-05-28 09:54:35', NULL),
(4285, 252, 6, '5cecdb311d3ce6435252', 8, '22', 'NULL', NULL, NULL, '2019-05-28 09:54:41', NULL),
(4286, 252, 6, '5cecdb3c6a5b17249712', 8, '21', 'NULL', NULL, 1, '2019-05-28 09:54:52', NULL),
(4287, 253, 6, '5cece0861d5df6391754', 8, '23', 'NULL', NULL, NULL, '2019-05-28 10:17:33', NULL),
(4288, 253, 6, '5cece0861d5df6391754', 15, '5', 'NULL', NULL, 1, '2019-05-28 10:17:42', NULL),
(4289, 253, 6, '5cece0861d5df6391754', 16, '5', 'NULL', NULL, 1, '2019-05-28 10:17:50', NULL),
(4290, 253, 6, '5cece0861d5df6391754', 18, '45', 'NULL', NULL, 1, '2019-05-28 10:17:58', NULL),
(4291, 253, 6, '5cece0861d5df6391754', 20, '51', 'NULL', NULL, NULL, '2019-05-28 10:18:12', NULL),
(4292, 253, 6, '5cece0861d5df6391754', 21, '5', 'NULL', NULL, 1, '2019-05-28 10:18:27', NULL),
(4293, 253, 6, '5cece0861d5df6391754', 22, '56', 'NULL', NULL, 1, '2019-05-28 10:18:35', NULL),
(4294, 253, 6, '5cece0861d5df6391754', 23, '58', 'NULL', NULL, NULL, '2019-05-28 10:18:45', NULL),
(4295, 253, 6, '5cece0861d5df6391754', 24, '59', 'NULL', NULL, NULL, '2019-05-28 10:18:56', NULL),
(4296, 253, 6, '5cece0861d5df6391754', 27, '70', 'NULL', NULL, NULL, '2019-05-28 10:19:03', NULL),
(4297, 237, 6, '5cece7fd2c9ae5933624', 8, '21', 'NULL', NULL, 1, '2019-05-28 10:49:33', NULL),
(4298, 237, 6, '5cece7fd2c9ae5933624', 15, '5', 'NULL', NULL, 1, '2019-05-28 10:49:47', NULL),
(4299, 237, 6, '5cece7fd2c9ae5933624', 16, '42', 'NULL', NULL, NULL, '2019-05-28 10:50:05', NULL),
(4300, 237, 6, '5cece7fd2c9ae5933624', 18, '45', 'NULL', NULL, 1, '2019-05-28 10:50:15', NULL),
(4301, 237, 6, '5cece7fd2c9ae5933624', 20, '50', 'NULL', NULL, 1, '2019-05-28 10:50:30', NULL),
(4302, 254, 6, '5cece8858f00d2943456', 8, '21', 'NULL', NULL, 1, '2019-05-28 10:51:42', NULL),
(4303, 254, 6, '5cece8858f00d2943456', 15, '5', 'NULL', NULL, 1, '2019-05-28 10:51:53', NULL),
(4304, 254, 6, '5cece8858f00d2943456', 16, '5', 'NULL', NULL, 1, '2019-05-28 10:52:04', NULL),
(4305, 254, 6, '5cece8858f00d2943456', 18, '44', 'NULL', NULL, NULL, '2019-05-28 10:52:10', NULL),
(4306, 254, 6, '5cece8858f00d2943456', 20, '50', 'NULL', NULL, 1, '2019-05-28 10:52:18', NULL),
(4307, 254, 6, '5cece8858f00d2943456', 21, '5', 'NULL', NULL, 1, '2019-05-28 10:52:25', NULL),
(4308, 254, 6, '5cece8858f00d2943456', 22, '56', 'NULL', NULL, 1, '2019-05-28 10:52:45', NULL),
(4309, 254, 6, '5cece8858f00d2943456', 23, '57', 'NULL', NULL, 1, '2019-05-28 10:53:00', NULL),
(4310, 254, 6, '5cece8858f00d2943456', 24, '61', 'NULL', NULL, 1, '2019-05-28 10:53:08', NULL),
(4311, 254, 6, '5cece8858f00d2943456', 27, '71', 'NULL', NULL, 1, '2019-05-28 10:53:24', NULL),
(4312, 254, 6, '5cece8858f00d2943456', 18, '45', 'NULL', NULL, 1, '2019-05-28 10:53:50', NULL),
(4313, 255, 6, '5cece9a027fde9300927', 8, '21', 'NULL', NULL, 1, '2019-05-28 10:56:26', NULL),
(4314, 255, 6, '5cece9a027fde9300927', 15, '5', 'NULL', NULL, 1, '2019-05-28 10:57:15', NULL),
(4315, 150, 5, '5cecef7c5e3673385814', 8, '23', 'NULL', NULL, NULL, '2019-05-28 11:21:31', NULL),
(4316, 150, 5, '5cecef7c5e3673385814', 15, '5', 'NULL', NULL, 1, '2019-05-28 11:21:38', NULL),
(4317, 150, 5, '5cecef7c5e3673385814', 16, '5', 'NULL', NULL, 1, '2019-05-28 11:21:44', NULL),
(4318, 150, 5, '5cecef7c5e3673385814', 18, '45', 'NULL', NULL, 1, '2019-05-28 11:21:52', NULL),
(4319, 150, 5, '5cecef7c5e3673385814', 20, '51', 'NULL', NULL, NULL, '2019-05-28 11:21:57', NULL),
(4320, 150, 5, '5cecef7c5e3673385814', 21, '5', 'NULL', NULL, 1, '2019-05-28 11:22:03', NULL),
(4321, 150, 5, '5cecef7c5e3673385814', 22, '56', 'NULL', NULL, 1, '2019-05-28 11:22:25', NULL),
(4322, 256, 5, '5ced5d301e38a1369463', 8, '21', 'NULL', NULL, 1, '2019-05-28 19:09:34', NULL),
(4323, 256, 5, '5ced5d301e38a1369463', 15, '5', 'NULL', NULL, 1, '2019-05-28 19:09:46', NULL),
(4324, 256, 5, '5ced5d301e38a1369463', 16, '5', 'NULL', NULL, 1, '2019-05-28 19:09:54', NULL),
(4325, 256, 5, '5ced5d301e38a1369463', 18, '45', 'NULL', NULL, 1, '2019-05-28 19:10:06', NULL),
(4326, 256, 5, '5ced5d301e38a1369463', 20, '51', 'NULL', NULL, NULL, '2019-05-28 19:10:14', NULL),
(4327, 256, 5, '5ced5d301e38a1369463', 21, '5', 'NULL', NULL, 1, '2019-05-28 19:10:32', NULL),
(4328, 256, 5, '5ced5d301e38a1369463', 22, '56', 'NULL', NULL, 1, '2019-05-28 19:10:44', NULL),
(4329, 256, 5, '5ced5d301e38a1369463', 23, '57', 'NULL', NULL, 1, '2019-05-28 19:10:56', NULL),
(4330, 256, 5, '5ced5d301e38a1369463', 24, '60', 'NULL', NULL, NULL, '2019-05-28 19:11:08', NULL),
(4331, 256, 5, '5ced5d301e38a1369463', 27, '72', 'NULL', NULL, NULL, '2019-05-28 19:11:24', NULL),
(4332, 256, 5, '5ced5d301e38a1369463', 20, '49', 'NULL', NULL, NULL, '2019-05-28 19:11:36', NULL),
(4333, 256, 5, '5ced5d301e38a1369463', 24, '59', 'NULL', NULL, NULL, '2019-05-28 19:11:40', NULL),
(4334, 256, 5, '5ced5d301e38a1369463', 27, '71', 'NULL', NULL, 1, '2019-05-28 19:11:43', NULL),
(4335, 256, 5, '5ced5d301e38a1369463', 20, '50', 'NULL', NULL, 1, '2019-05-28 19:11:51', NULL),
(4336, 256, 5, '5ced5d301e38a1369463', 24, '61', 'NULL', NULL, 1, '2019-05-28 19:11:57', NULL),
(4337, 256, 5, '5ced5d301e38a1369463', 29, '79, 77', 'NULL', NULL, NULL, '2019-05-28 19:12:16', NULL),
(4338, 256, 5, '5ced5d301e38a1369463', 30, '80', 'NULL', NULL, NULL, '2019-05-28 19:12:35', NULL),
(4339, 256, 5, '5ced5d301e38a1369463', 31, '85', 'NULL', NULL, NULL, '2019-05-28 19:12:44', NULL),
(4340, 256, 5, '5ced5d301e38a1369463', 34, '92', 'NULL', NULL, NULL, '2019-05-28 19:12:50', NULL),
(4341, 256, 5, '5ced5d301e38a1369463', 36, '5', 'NULL', NULL, 1, '2019-05-28 19:12:58', NULL),
(4342, 256, 5, '5ced5d301e38a1369463', 38, '96', 'NULL', NULL, NULL, '2019-05-28 19:13:09', NULL),
(4343, 256, 5, '5ced5d301e38a1369463', 40, '101', 'NULL', NULL, NULL, '2019-05-28 19:13:17', NULL),
(4344, 256, 5, '5ced5d301e38a1369463', 44, '6', 'NULL', NULL, 1, '2019-05-28 19:13:25', NULL),
(4345, 256, 5, '5ced5d301e38a1369463', 46, '5', 'NULL', NULL, 1, '2019-05-28 19:13:34', NULL),
(4346, 256, 5, '5ced5d301e38a1369463', 47, '6', 'NULL', NULL, 1, '2019-05-28 19:13:48', NULL),
(4347, 256, 5, '5ced5d301e38a1369463', 29, '77, 79, 78', 'NULL', NULL, NULL, '2019-05-28 19:13:56', NULL),
(4348, 256, 5, '5ced5d301e38a1369463', 30, '84', 'NULL', NULL, NULL, '2019-05-28 19:14:01', NULL),
(4349, 256, 5, '5ced5d301e38a1369463', 31, '6', 'NULL', NULL, 1, '2019-05-28 19:14:06', NULL),
(4350, 256, 5, '5ced5d301e38a1369463', 34, '90', 'NULL', NULL, 1, '2019-05-28 19:14:11', NULL),
(4351, 256, 5, '5ced5d301e38a1369463', 34, '90', 'NULL', NULL, 1, '2019-05-28 19:14:21', NULL),
(4352, 256, 5, '5ced5d301e38a1369463', 38, '6', 'NULL', NULL, NULL, '2019-05-28 19:14:27', NULL),
(4353, 256, 5, '5ced5d301e38a1369463', 40, '102', 'NULL', NULL, NULL, '2019-05-28 19:14:31', NULL),
(4354, 256, 5, '5ced5d301e38a1369463', 29, '76, 79, 77', 'NULL', NULL, NULL, '2019-05-28 19:14:43', NULL),
(4355, 256, 5, '5ced5d301e38a1369463', 30, '83', 'NULL', NULL, NULL, '2019-05-28 19:14:48', NULL),
(4356, 256, 5, '5ced5d301e38a1369463', 38, '97', 'NULL', NULL, NULL, '2019-05-28 19:14:51', NULL),
(4357, 256, 5, '5ced5d301e38a1369463', 40, '100', 'NULL', NULL, 1, '2019-05-28 19:14:57', NULL),
(4358, 256, 5, '5ced5d301e38a1369463', 29, '79, 78', 'NULL', NULL, 1, '2019-05-28 19:15:11', NULL),
(4359, 256, 5, '5ced5d301e38a1369463', 30, '81', 'NULL', NULL, NULL, '2019-05-28 19:15:22', NULL),
(4360, 256, 5, '5ced5d301e38a1369463', 38, '97, 96', 'NULL', NULL, 1, '2019-05-28 19:15:28', NULL),
(4361, 256, 5, '5ced5d301e38a1369463', 30, '82', 'NULL', NULL, 1, '2019-05-28 19:15:38', NULL),
(4362, 251, 6, '5ceda43d91f278317375', 8, '21', 'NULL', NULL, 1, '2019-05-29 00:20:20', NULL),
(4363, 257, 6, '5ceda629755415983516', 8, '21', 'NULL', NULL, 1, '2019-05-29 00:21:14', NULL),
(4364, 257, 6, '5ceda629755415983516', 15, '5', 'NULL', NULL, 1, '2019-05-29 00:21:29', NULL),
(4365, 257, 6, '5ceda629755415983516', 16, '5', 'NULL', NULL, 1, '2019-05-29 00:21:40', NULL),
(4366, 257, 6, '5ceda629755415983516', 18, '45', 'NULL', NULL, 1, '2019-05-29 00:21:47', NULL),
(4367, 257, 6, '5ceda629755415983516', 20, '50', 'NULL', NULL, 1, '2019-05-29 00:22:00', NULL),
(4368, 257, 6, '5ceda629755415983516', 21, '5', 'NULL', NULL, 1, '2019-05-29 00:22:30', NULL),
(4369, 257, 6, '5ceda629755415983516', 22, '56', 'NULL', NULL, 1, '2019-05-29 00:22:46', NULL),
(4370, 257, 6, '5ceda629755415983516', 23, '57', 'NULL', NULL, 1, '2019-05-29 00:23:00', NULL),
(4371, 257, 6, '5ceda629755415983516', 24, '61', 'NULL', NULL, 1, '2019-05-29 00:24:17', NULL),
(4372, 257, 6, '5ceda629755415983516', 27, '71', 'NULL', NULL, 1, '2019-05-29 00:24:54', NULL),
(4373, 257, 6, '5ceda629755415983516', 29, '79, 78', 'NULL', NULL, 1, '2019-05-29 00:25:14', NULL),
(4374, 257, 6, '5ceda629755415983516', 30, '82', 'NULL', NULL, 1, '2019-05-29 00:26:08', NULL),
(4375, 257, 6, '5ceda629755415983516', 31, '85', 'NULL', NULL, NULL, '2019-05-29 00:26:46', NULL),
(4376, 257, 6, '5ceda629755415983516', 34, '90', 'NULL', NULL, 1, '2019-05-29 00:26:59', NULL),
(4377, 257, 6, '5ceda629755415983516', 36, '5', 'NULL', NULL, 1, '2019-05-29 00:27:17', NULL),
(4378, 257, 6, '5ceda629755415983516', 38, '97, 96', 'NULL', NULL, 1, '2019-05-29 00:28:20', NULL),
(4379, 257, 6, '5ceda629755415983516', 40, '100', 'NULL', NULL, 1, '2019-05-29 00:28:40', NULL),
(4380, 257, 6, '5ceda629755415983516', 44, '6', 'NULL', NULL, 1, '2019-05-29 00:28:49', NULL),
(4381, 257, 6, '5ceda629755415983516', 46, '5', 'NULL', NULL, 1, '2019-05-29 00:29:18', NULL),
(4382, 257, 6, '5ceda629755415983516', 47, '6', 'NULL', NULL, 1, '2019-05-29 00:29:28', NULL),
(4383, 257, 6, '5ceda629755415983516', 31, '6', 'NULL', NULL, 1, '2019-05-29 00:31:14', NULL),
(4384, 257, 6, '5ceda629755415983516', 48, '113', 'NULL', NULL, 1, '2019-05-29 00:31:54', NULL),
(4385, 257, 6, '5ceda629755415983516', 49, '117', 'NULL', NULL, 1, '2019-05-29 00:32:18', NULL),
(4386, 257, 6, '5ceda629755415983516', 50, '121', 'NULL', NULL, 1, '2019-05-29 00:32:28', NULL),
(4387, 257, 6, '5ceda629755415983516', 53, '133, 131', 'NULL', NULL, 1, '2019-05-29 00:33:06', NULL),
(4388, 257, 6, '5ceda629755415983516', 55, '141, 145', 'NULL', NULL, 1, '2019-05-29 00:33:24', NULL),
(4389, 257, 6, '5ceda629755415983516', 58, '160', 'NULL', NULL, 1, '2019-05-29 00:33:44', NULL),
(4390, 257, 6, '5ceda629755415983516', 60, '169, 172, 168, 170, 171, 167', 'NULL', NULL, 1, '2019-05-29 00:35:23', NULL),
(4391, 257, 6, '5ceda629755415983516', 65, '5', 'NULL', NULL, NULL, '2019-05-29 00:36:05', NULL),
(4392, 257, 6, '5ceda629755415983516', 66, '187', 'NULL', NULL, NULL, '2019-05-29 00:36:23', NULL),
(4393, 257, 6, '5ceda629755415983516', 67, '191', 'NULL', NULL, 1, '2019-05-29 00:36:30', NULL),
(4394, 257, 6, '5ceda629755415983516', 65, '185', 'NULL', NULL, 1, '2019-05-29 00:36:50', NULL),
(4395, 257, 6, '5ceda629755415983516', 66, '5', 'NULL', NULL, NULL, '2019-05-29 00:37:19', NULL),
(4396, 257, 6, '5ceda629755415983516', 66, '186', 'NULL', NULL, NULL, '2019-05-29 00:37:33', NULL),
(4397, 257, 6, '5ceda629755415983516', 66, '188', 'NULL', NULL, 1, '2019-05-29 00:37:40', NULL),
(4398, 151, 6, '5cee03ee1b9475814512', 8, '21', 'NULL', NULL, 1, '2019-05-29 07:01:55', NULL),
(4399, 151, 6, '5cee03ee1b9475814512', 15, '5', 'NULL', NULL, 1, '2019-05-29 07:02:13', NULL),
(4400, 151, 6, '5cee03ee1b9475814512', 16, '5', 'NULL', NULL, 1, '2019-05-29 07:02:24', NULL),
(4401, 151, 6, '5cee03ee1b9475814512', 18, '45', 'NULL', NULL, 1, '2019-05-29 07:02:33', NULL),
(4402, 151, 6, '5cee03ee1b9475814512', 20, '51', 'NULL', NULL, NULL, '2019-05-29 08:05:42', NULL),
(4403, 151, 6, '5cee03ee1b9475814512', 21, '5', 'NULL', NULL, 1, '2019-05-29 08:05:56', NULL),
(4404, 151, 6, '5cee03ee1b9475814512', 22, '55', 'NULL', NULL, NULL, '2019-05-29 08:06:10', NULL),
(4405, 151, 6, '5cee03ee1b9475814512', 23, '57', 'NULL', NULL, 1, '2019-05-29 08:06:16', NULL),
(4406, 151, 6, '5cee03ee1b9475814512', 24, '59', 'NULL', NULL, NULL, '2019-05-29 08:06:26', NULL),
(4407, 151, 6, '5cee03ee1b9475814512', 27, '71', 'NULL', NULL, 1, '2019-05-29 08:06:36', NULL),
(4408, 151, 6, '5cee03ee1b9475814512', 20, '49', 'NULL', NULL, NULL, '2019-05-29 08:06:57', NULL),
(4409, 151, 6, '5cee03ee1b9475814512', 22, '56', 'NULL', NULL, 1, '2019-05-29 08:07:04', NULL),
(4410, 151, 6, '5cee03ee1b9475814512', 24, '60', 'NULL', NULL, NULL, '2019-05-29 08:07:12', NULL),
(4411, 151, 6, '5cee03ee1b9475814512', 20, '50', 'NULL', NULL, 1, '2019-05-29 08:07:26', NULL),
(4412, 151, 6, '5cee03ee1b9475814512', 24, '61', 'NULL', NULL, 1, '2019-05-29 08:07:37', NULL),
(4413, 151, 6, '5cee03ee1b9475814512', 29, '77', 'NULL', NULL, NULL, '2019-05-29 08:07:47', NULL),
(4414, 151, 6, '5cee03ee1b9475814512', 30, '84', 'NULL', NULL, NULL, '2019-05-29 08:08:01', NULL),
(4415, 151, 6, '5cee03ee1b9475814512', 31, '6', 'NULL', NULL, 1, '2019-05-29 08:08:16', NULL),
(4416, 151, 6, '5cee03ee1b9475814512', 34, '92', 'NULL', NULL, NULL, '2019-05-29 08:08:29', NULL),
(4417, 151, 6, '5cee03ee1b9475814512', 36, '5', 'NULL', NULL, 1, '2019-05-29 08:08:35', NULL),
(4418, 151, 6, '5cee03ee1b9475814512', 38, '97', 'NULL', NULL, NULL, '2019-05-29 08:08:46', NULL),
(4419, 151, 6, '5cee03ee1b9475814512', 40, '101', 'NULL', NULL, NULL, '2019-05-29 08:08:53', NULL),
(4420, 151, 6, '5cee03ee1b9475814512', 44, '5', 'NULL', NULL, NULL, '2019-05-29 08:08:59', NULL),
(4421, 151, 6, '5cee03ee1b9475814512', 46, '5', 'NULL', NULL, 1, '2019-05-29 08:09:05', NULL),
(4422, 151, 6, '5cee03ee1b9475814512', 47, '6', 'NULL', NULL, 1, '2019-05-29 08:09:26', NULL),
(4423, 151, 6, '5cee03ee1b9475814512', 29, '79', 'NULL', NULL, NULL, '2019-05-29 08:09:40', NULL),
(4424, 151, 6, '5cee03ee1b9475814512', 30, '82', 'NULL', NULL, 1, '2019-05-29 08:09:57', NULL),
(4425, 151, 6, '5cee03ee1b9475814512', 34, '91', 'NULL', NULL, NULL, '2019-05-29 08:10:09', NULL),
(4426, 151, 6, '5cee03ee1b9475814512', 38, '97, 96', 'NULL', NULL, 1, '2019-05-29 08:10:20', NULL),
(4427, 151, 6, '5cee03ee1b9475814512', 40, '102', 'NULL', NULL, NULL, '2019-05-29 08:10:29', NULL),
(4428, 151, 6, '5cee03ee1b9475814512', 44, '6', 'NULL', NULL, 1, '2019-05-29 08:10:33', NULL),
(4429, 151, 6, '5cee03ee1b9475814512', 29, '79, 77, 78', 'NULL', NULL, NULL, '2019-05-29 08:11:08', NULL),
(4430, 151, 6, '5cee03ee1b9475814512', 34, '90', 'NULL', NULL, 1, '2019-05-29 08:11:17', NULL),
(4431, 151, 6, '5cee03ee1b9475814512', 40, '100', 'NULL', NULL, 1, '2019-05-29 08:11:31', NULL),
(4432, 151, 6, '5cee03ee1b9475814512', 29, '76, 77', 'NULL', NULL, NULL, '2019-05-29 08:12:03', NULL),
(4433, 151, 6, '5cee03ee1b9475814512', 29, '78, 79', 'NULL', NULL, 1, '2019-05-29 08:12:10', NULL),
(4434, 151, 6, '5cee03ee1b9475814512', 48, '110', 'NULL', NULL, NULL, '2019-05-29 08:12:45', NULL),
(4435, 151, 6, '5cee03ee1b9475814512', 49, '117', 'NULL', NULL, 1, '2019-05-29 08:13:07', NULL),
(4436, 151, 6, '5cee03ee1b9475814512', 50, '121', 'NULL', NULL, 1, '2019-05-29 08:13:17', NULL),
(4437, 151, 6, '5cee03ee1b9475814512', 53, '131', 'NULL', NULL, NULL, '2019-05-29 08:13:33', NULL),
(4438, 151, 6, '5cee03ee1b9475814512', 55, '141, 145', 'NULL', NULL, 1, '2019-05-29 08:13:52', NULL),
(4439, 151, 6, '5cee03ee1b9475814512', 58, '160', 'NULL', NULL, 1, '2019-05-29 08:14:17', NULL),
(4440, 151, 6, '5cee03ee1b9475814512', 60, '171, 170, 169, 172, 167', 'NULL', NULL, NULL, '2019-05-29 08:15:16', NULL),
(4441, 151, 6, '5cee03ee1b9475814512', 65, '185', 'NULL', NULL, 1, '2019-05-29 08:15:25', NULL),
(4442, 151, 6, '5cee03ee1b9475814512', 66, '186', 'NULL', NULL, NULL, '2019-05-29 08:15:41', NULL),
(4443, 151, 6, '5cee03ee1b9475814512', 67, '191', 'NULL', NULL, 1, '2019-05-29 08:15:53', NULL),
(4444, 151, 6, '5cee03ee1b9475814512', 48, '113', 'NULL', NULL, 1, '2019-05-29 08:16:11', NULL),
(4445, 151, 6, '5cee03ee1b9475814512', 53, '133, 131', 'NULL', NULL, 1, '2019-05-29 08:16:35', NULL),
(4446, 151, 6, '5cee03ee1b9475814512', 60, '168, 171, 172, 170, 167', 'NULL', NULL, NULL, '2019-05-29 08:17:26', NULL),
(4447, 151, 6, '5cee03ee1b9475814512', 66, '187', 'NULL', NULL, NULL, '2019-05-29 08:17:35', NULL),
(4448, 151, 6, '5cee03ee1b9475814512', 60, '169, 170, 171, 168, 172, 167', 'NULL', NULL, 1, '2019-05-29 09:06:47', NULL),
(4449, 151, 6, '5cee03ee1b9475814512', 66, '188', 'NULL', NULL, 1, '2019-05-29 09:06:59', NULL),
(4450, 258, 6, '5cee70e33eaa37469756', 8, '22', 'NULL', NULL, NULL, '2019-05-29 14:45:47', NULL),
(4451, 258, 6, '5cee70e33eaa37469756', 15, '41', 'NULL', NULL, NULL, '2019-05-29 14:45:53', NULL),
(4452, 258, 6, '5cee70e33eaa37469756', 16, '5', 'NULL', NULL, 1, '2019-05-29 14:45:58', NULL),
(4453, 258, 6, '5cee70e33eaa37469756', 18, '45', 'NULL', NULL, 1, '2019-05-29 14:46:04', NULL),
(4454, 258, 6, '5cee70e33eaa37469756', 20, '50', 'NULL', NULL, 1, '2019-05-29 14:46:56', NULL),
(4455, 258, 6, '5cee70e33eaa37469756', 21, '5', 'NULL', NULL, 1, '2019-05-29 14:47:05', NULL),
(4456, 258, 6, '5cee70e33eaa37469756', 22, '55', 'NULL', NULL, NULL, '2019-05-29 14:47:16', NULL),
(4457, 254, 6, '5cee75dc91ba86673991', 8, '21', 'NULL', NULL, 1, '2019-05-29 15:07:15', NULL),
(4458, 254, 6, '5cee75dc91ba86673991', 15, '5', 'NULL', NULL, 1, '2019-05-29 15:07:50', NULL),
(4459, 251, 6, '5ceef47c8ea174637240', 8, '22', 'NULL', NULL, NULL, '2019-05-30 00:07:27', NULL),
(4460, 251, 6, '5ceef47c8ea174637240', 15, '41', 'NULL', NULL, NULL, '2019-05-30 00:07:30', NULL),
(4461, 251, 6, '5ceef47c8ea174637240', 16, '42', 'NULL', NULL, NULL, '2019-05-30 00:07:32', NULL),
(4462, 251, 6, '5ceef47c8ea174637240', 18, '45', 'NULL', NULL, 1, '2019-05-30 00:07:35', NULL),
(4463, 251, 6, '5ceef47c8ea174637240', 20, '50', 'NULL', NULL, 1, '2019-05-30 00:07:38', NULL),
(4464, 251, 6, '5ceef47c8ea174637240', 21, '5', 'NULL', NULL, 1, '2019-05-30 00:07:43', NULL),
(4465, 251, 6, '5ceef47c8ea174637240', 22, '56', 'NULL', NULL, 1, '2019-05-30 00:07:47', NULL),
(4466, 251, 6, '5ceef47c8ea174637240', 23, '57', 'NULL', NULL, 1, '2019-05-30 00:07:51', NULL),
(4467, 251, 6, '5ceef47c8ea174637240', 24, '61', 'NULL', NULL, 1, '2019-05-30 00:07:57', NULL),
(4468, 251, 6, '5ceef47c8ea174637240', 27, '71', 'NULL', NULL, 1, '2019-05-30 00:08:00', NULL),
(4469, 251, 6, '5ceef47c8ea174637240', 8, '22', 'NULL', NULL, NULL, '2019-05-30 00:08:08', NULL),
(4470, 251, 6, '5ceef47c8ea174637240', 8, '21', 'NULL', NULL, 1, '2019-05-30 00:08:13', NULL),
(4471, 259, 6, '5ceef50e30c919138592', 8, '22', 'NULL', NULL, NULL, '2019-05-30 00:09:45', NULL),
(4472, 259, 6, '5ceef50e30c919138592', 15, '5', 'NULL', NULL, 1, '2019-05-30 00:09:48', NULL),
(4473, 259, 6, '5ceef50e30c919138592', 16, '42', 'NULL', NULL, NULL, '2019-05-30 00:09:50', NULL),
(4474, 259, 6, '5ceef50e30c919138592', 18, '46', 'NULL', NULL, NULL, '2019-05-30 00:09:52', NULL),
(4475, 259, 6, '5ceef50e30c919138592', 20, '50', 'NULL', NULL, 1, '2019-05-30 00:09:55', NULL),
(4476, 259, 6, '5ceef50e30c919138592', 21, '5', 'NULL', NULL, 1, '2019-05-30 00:09:59', NULL),
(4477, 259, 6, '5ceef50e30c919138592', 22, '56', 'NULL', NULL, 1, '2019-05-30 00:10:03', NULL),
(4478, 259, 6, '5ceef50e30c919138592', 23, '58', 'NULL', NULL, NULL, '2019-05-30 00:10:08', NULL),
(4479, 259, 6, '5ceef50e30c919138592', 24, '61', 'NULL', NULL, 1, '2019-05-30 00:10:15', NULL),
(4480, 259, 6, '5ceef50e30c919138592', 27, '71', 'NULL', NULL, 1, '2019-05-30 00:10:27', NULL),
(4481, 259, 6, '5ceef50e30c919138592', 8, '23', 'NULL', NULL, NULL, '2019-05-30 00:10:32', NULL),
(4482, 259, 6, '5ceef50e30c919138592', 8, '21', 'NULL', NULL, 1, '2019-05-30 00:10:35', NULL),
(4483, 260, 5, '5ceef59a153f91109038', 8, '23', 'NULL', NULL, NULL, '2019-05-30 00:12:49', NULL),
(4484, 260, 5, '5ceef59a153f91109038', 15, '41', 'NULL', NULL, NULL, '2019-05-30 00:12:52', NULL),
(4485, 260, 5, '5ceef59a153f91109038', 16, '5', 'NULL', NULL, 1, '2019-05-30 00:12:55', NULL),
(4486, 260, 5, '5ceef59a153f91109038', 18, '45', 'NULL', NULL, 1, '2019-05-30 00:12:59', NULL),
(4487, 260, 5, '5ceef59a153f91109038', 20, '50', 'NULL', NULL, 1, '2019-05-30 00:13:02', NULL),
(4488, 260, 5, '5ceef59a153f91109038', 21, '5', 'NULL', NULL, 1, '2019-05-30 00:13:11', NULL),
(4489, 260, 5, '5ceef59a153f91109038', 22, '56', 'NULL', NULL, 1, '2019-05-30 00:13:15', NULL),
(4490, 260, 5, '5ceef59a153f91109038', 23, '57', 'NULL', NULL, 1, '2019-05-30 00:13:18', NULL),
(4491, 260, 5, '5ceef59a153f91109038', 24, '61', 'NULL', NULL, 1, '2019-05-30 00:13:21', NULL),
(4492, 260, 5, '5ceef59a153f91109038', 27, '71', 'NULL', NULL, 1, '2019-05-30 00:13:25', NULL),
(4493, 260, 5, '5ceef59a153f91109038', 8, '23', 'NULL', NULL, NULL, '2019-05-30 00:13:35', NULL),
(4494, 260, 5, '5ceef59a153f91109038', 8, '21', 'NULL', NULL, 1, '2019-05-30 00:13:38', NULL),
(4495, 261, 6, '5cf00a7c50f8e3261763', 8, '22', 'NULL', NULL, NULL, '2019-05-30 19:53:36', NULL),
(4496, 261, 6, '5cf00a7c50f8e3261763', 15, '41', 'NULL', NULL, NULL, '2019-05-30 19:53:53', NULL),
(4497, 261, 6, '5cf00a7c50f8e3261763', 16, '42', 'NULL', NULL, NULL, '2019-05-30 19:54:03', NULL),
(4498, 262, 5, '5cf020b96b4ee3810817', 8, '22', 'NULL', NULL, NULL, '2019-05-30 21:28:58', NULL),
(4499, 262, 5, '5cf020b96b4ee3810817', 15, '5', 'NULL', NULL, 1, '2019-05-30 21:29:14', NULL),
(4500, 262, 5, '5cf020b96b4ee3810817', 16, '5', 'NULL', NULL, 1, '2019-05-30 21:29:38', NULL),
(4501, 262, 5, '5cf020b96b4ee3810817', 18, '44', 'NULL', NULL, NULL, '2019-05-30 21:29:50', NULL),
(4502, 262, 5, '5cf020b96b4ee3810817', 20, '49', 'NULL', NULL, NULL, '2019-05-30 21:30:11', NULL),
(4503, 262, 5, '5cf020b96b4ee3810817', 21, '5', 'NULL', NULL, 1, '2019-05-30 21:30:40', NULL),
(4504, 263, 6, '5cf02141d219f5470572', 8, '22', 'NULL', NULL, NULL, '2019-05-30 21:30:42', NULL),
(4505, 262, 5, '5cf020b96b4ee3810817', 22, '56', 'NULL', NULL, 1, '2019-05-30 21:31:17', NULL),
(4506, 262, 5, '5cf020b96b4ee3810817', 23, '57', 'NULL', NULL, 1, '2019-05-30 21:31:47', NULL),
(4507, 262, 5, '5cf020b96b4ee3810817', 24, '59', 'NULL', NULL, NULL, '2019-05-30 21:32:28', NULL),
(4508, 262, 5, '5cf020b96b4ee3810817', 27, '71', 'NULL', NULL, 1, '2019-05-30 21:32:49', NULL),
(4509, 264, 5, '5ceeb8642f71f3078241', 8, '22', 'NULL', NULL, NULL, '2019-05-31 09:33:00', NULL),
(4510, 264, 5, '5ceeb8642f71f3078241', 15, '5', 'NULL', NULL, 1, '2019-05-31 09:33:17', NULL),
(4511, 264, 5, '5ceeb8642f71f3078241', 16, '5', 'NULL', NULL, 1, '2019-05-31 09:33:24', NULL),
(4512, 264, 5, '5ceeb8642f71f3078241', 18, '44', 'NULL', NULL, NULL, '2019-05-31 09:33:39', NULL),
(4513, 264, 5, '5ceeb8642f71f3078241', 20, '51', 'NULL', NULL, NULL, '2019-05-31 09:34:05', NULL),
(4514, 264, 5, '5ceeb8642f71f3078241', 21, '5', 'NULL', NULL, 1, '2019-05-31 09:34:18', NULL),
(4515, 264, 5, '5ceeb8642f71f3078241', 22, '54', 'NULL', NULL, NULL, '2019-05-31 09:34:30', NULL),
(4516, 264, 5, '5ceeb8642f71f3078241', 23, '57', 'NULL', NULL, 1, '2019-05-31 09:34:40', NULL),
(4517, 264, 5, '5ceeb8642f71f3078241', 24, '59', 'NULL', NULL, NULL, '2019-05-31 09:34:49', NULL),
(4518, 264, 5, '5ceeb8642f71f3078241', 27, '70', 'NULL', NULL, NULL, '2019-05-31 09:35:02', NULL),
(4519, 264, 5, '5ceeb8642f71f3078241', 8, '21', 'NULL', NULL, 1, '2019-05-31 09:35:13', NULL),
(4520, 264, 5, '5ceeb8642f71f3078241', 18, '45', 'NULL', NULL, 1, '2019-05-31 09:35:16', NULL),
(4521, 264, 5, '5ceeb8642f71f3078241', 20, '49', 'NULL', NULL, NULL, '2019-05-31 09:35:22', NULL),
(4522, 264, 5, '5ceeb8642f71f3078241', 20, '50', 'NULL', NULL, 1, '2019-05-31 09:35:26', NULL),
(4523, 264, 5, '5ceeb8642f71f3078241', 22, '55', 'NULL', NULL, NULL, '2019-05-31 09:35:31', NULL),
(4524, 264, 5, '5ceeb8642f71f3078241', 22, '56', 'NULL', NULL, 1, '2019-05-31 09:35:34', NULL),
(4525, 264, 5, '5ceeb8642f71f3078241', 24, '60', 'NULL', NULL, NULL, '2019-05-31 09:35:44', NULL),
(4526, 264, 5, '5ceeb8642f71f3078241', 24, '61', 'NULL', NULL, 1, '2019-05-31 09:35:49', NULL),
(4527, 264, 5, '5ceeb8642f71f3078241', 27, '72', 'NULL', NULL, NULL, '2019-05-31 09:35:58', NULL),
(4528, 264, 5, '5ceeb8642f71f3078241', 27, '71', 'NULL', NULL, 1, '2019-05-31 09:36:02', NULL),
(4529, 264, 5, '5ceeb8642f71f3078241', 29, '76', 'NULL', NULL, NULL, '2019-05-31 09:36:17', NULL),
(4530, 264, 5, '5ceeb8642f71f3078241', 30, '82', 'NULL', NULL, 1, '2019-05-31 09:36:36', NULL),
(4531, 264, 5, '5ceeb8642f71f3078241', 31, '6', 'NULL', NULL, 1, '2019-05-31 09:36:51', NULL),
(4532, 264, 5, '5ceeb8642f71f3078241', 34, '90', 'NULL', NULL, 1, '2019-05-31 09:37:13', NULL),
(4533, 264, 5, '5ceeb8642f71f3078241', 36, '5', 'NULL', NULL, 1, '2019-05-31 09:37:20', NULL),
(4534, 264, 5, '5ceeb8642f71f3078241', 38, '96', 'NULL', NULL, NULL, '2019-05-31 09:37:30', NULL),
(4535, 264, 5, '5ceeb8642f71f3078241', 40, '100', 'NULL', NULL, 1, '2019-05-31 09:37:41', NULL),
(4536, 264, 5, '5ceeb8642f71f3078241', 44, '6', 'NULL', NULL, 1, '2019-05-31 09:37:48', NULL),
(4537, 264, 5, '5ceeb8642f71f3078241', 46, '6', 'NULL', NULL, NULL, '2019-05-31 09:37:56', NULL),
(4538, 264, 5, '5ceeb8642f71f3078241', 47, '6', 'NULL', NULL, 1, '2019-05-31 09:38:05', NULL),
(4539, 264, 5, '5ceeb8642f71f3078241', 29, '76, 77', 'NULL', NULL, NULL, '2019-05-31 09:38:17', NULL),
(4540, 264, 5, '5ceeb8642f71f3078241', 29, '79, 78', 'NULL', NULL, 1, '2019-05-31 09:38:26', NULL),
(4541, 264, 5, '5ceeb8642f71f3078241', 38, '97', 'NULL', NULL, NULL, '2019-05-31 09:38:53', NULL),
(4542, 264, 5, '5ceeb8642f71f3078241', 38, '6', 'NULL', NULL, NULL, '2019-05-31 09:38:56', NULL),
(4543, 264, 5, '5ceeb8642f71f3078241', 38, '96', 'NULL', NULL, NULL, '2019-05-31 09:39:01', NULL),
(4544, 264, 5, '5ceeb8642f71f3078241', 38, '96, 97', 'NULL', NULL, 1, '2019-05-31 09:39:04', NULL),
(4545, 264, 5, '5ceeb8642f71f3078241', 46, '5', 'NULL', NULL, 1, '2019-05-31 09:39:09', NULL),
(4546, 264, 5, '5ceeb8642f71f3078241', 48, '112', 'NULL', NULL, NULL, '2019-05-31 09:39:26', NULL),
(4547, 264, 5, '5ceeb8642f71f3078241', 49, '117', 'NULL', NULL, 1, '2019-05-31 09:39:37', NULL),
(4548, 264, 5, '5ceeb8642f71f3078241', 50, '121', 'NULL', NULL, 1, '2019-05-31 09:39:49', NULL),
(4549, 264, 5, '5ceeb8642f71f3078241', 53, '133', 'NULL', NULL, NULL, '2019-05-31 09:40:13', NULL),
(4550, 264, 5, '5ceeb8642f71f3078241', 55, '140, 145', 'NULL', NULL, NULL, '2019-05-31 09:40:32', NULL),
(4551, 264, 5, '5ceeb8642f71f3078241', 58, '160', 'NULL', NULL, 1, '2019-05-31 09:40:50', NULL),
(4552, 264, 5, '5ceeb8642f71f3078241', 60, '169, 172', 'NULL', NULL, NULL, '2019-05-31 09:41:27', NULL),
(4553, 264, 5, '5ceeb8642f71f3078241', 65, '5', 'NULL', NULL, NULL, '2019-05-31 09:41:38', NULL),
(4554, 264, 5, '5ceeb8642f71f3078241', 66, '186', 'NULL', NULL, NULL, '2019-05-31 09:41:50', NULL),
(4555, 264, 5, '5ceeb8642f71f3078241', 67, '189', 'NULL', NULL, NULL, '2019-05-31 09:41:58', NULL),
(4556, 264, 5, '5ceeb8642f71f3078241', 48, '113', 'NULL', NULL, 1, '2019-05-31 09:42:17', NULL),
(4557, 264, 5, '5ceeb8642f71f3078241', 53, '131, 133', 'NULL', NULL, 1, '2019-05-31 09:42:27', NULL),
(4558, 264, 5, '5ceeb8642f71f3078241', 55, '140, 141', 'NULL', NULL, NULL, '2019-05-31 09:42:40', NULL),
(4559, 264, 5, '5ceeb8642f71f3078241', 55, '145, 141', 'NULL', NULL, 1, '2019-05-31 09:42:51', NULL),
(4560, 264, 5, '5ceeb8642f71f3078241', 60, '169, 172, 167', 'NULL', NULL, NULL, '2019-05-31 09:43:20', NULL),
(4561, 264, 5, '5ceeb8642f71f3078241', 60, '169, 172, 168', 'NULL', NULL, NULL, '2019-05-31 09:43:52', NULL),
(4562, 264, 5, '5ceeb8642f71f3078241', 60, '172, 168', 'NULL', NULL, NULL, '2019-05-31 09:44:11', NULL),
(4563, 264, 5, '5ceeb8642f71f3078241', 60, '172', 'NULL', NULL, NULL, '2019-05-31 09:44:29', NULL),
(4564, 264, 5, '5ceeb8642f71f3078241', 60, '169, 170, 172', 'NULL', NULL, NULL, '2019-05-31 09:44:52', NULL),
(4565, 264, 5, '5ceeb8642f71f3078241', 60, '170, 172', 'NULL', NULL, NULL, '2019-05-31 09:45:04', NULL),
(4566, 264, 5, '5ceeb8642f71f3078241', 60, '172, 169, 167', 'NULL', NULL, NULL, '2019-05-31 09:46:37', NULL),
(4567, 264, 5, '5ceeb8642f71f3078241', 60, '169, 172, 170, 167, 171, 168', 'NULL', NULL, 1, '2019-05-31 09:47:23', NULL),
(4568, 264, 5, '5ceeb8642f71f3078241', 65, '185', 'NULL', NULL, 1, '2019-05-31 09:47:33', NULL),
(4569, 264, 5, '5ceeb8642f71f3078241', 66, '187', 'NULL', NULL, NULL, '2019-05-31 09:47:37', NULL),
(4570, 264, 5, '5ceeb8642f71f3078241', 66, '5', 'NULL', NULL, NULL, '2019-05-31 09:47:40', NULL),
(4571, 264, 5, '5ceeb8642f71f3078241', 66, '188', 'NULL', NULL, 1, '2019-05-31 09:47:46', NULL),
(4572, 264, 5, '5ceeb8642f71f3078241', 67, '189', 'NULL', NULL, NULL, '2019-05-31 09:47:57', NULL),
(4573, 264, 5, '5ceeb8642f71f3078241', 67, '191', 'NULL', NULL, 1, '2019-05-31 09:48:02', NULL),
(4574, 265, 6, '5cf0d5e4908de3945498', 8, '22', 'NULL', NULL, NULL, '2019-05-31 10:21:32', NULL),
(4575, 265, 6, '5cf0d5e4908de3945498', 15, '41', 'NULL', NULL, NULL, '2019-05-31 10:21:50', NULL),
(4576, 265, 6, '5cf0d5e4908de3945498', 16, '42', 'NULL', NULL, NULL, '2019-05-31 10:21:52', NULL),
(4577, 265, 6, '5cf0d5e4908de3945498', 18, '46', 'NULL', NULL, NULL, '2019-05-31 10:21:58', NULL),
(4578, 265, 6, '5cf0d5e4908de3945498', 20, '49', 'NULL', NULL, NULL, '2019-05-31 10:22:01', NULL),
(4579, 265, 6, '5cf0d5e4908de3945498', 21, '53', 'NULL', NULL, NULL, '2019-05-31 10:22:03', NULL),
(4580, 265, 6, '5cf0d5e4908de3945498', 22, '56', 'NULL', NULL, 1, '2019-05-31 10:22:06', NULL),
(4581, 265, 6, '5cf0d5e4908de3945498', 23, '58', 'NULL', NULL, NULL, '2019-05-31 10:22:12', NULL),
(4582, 265, 6, '5cf0d5e4908de3945498', 24, '59', 'NULL', NULL, NULL, '2019-05-31 10:22:16', NULL),
(4583, 265, 6, '5cf0d5e4908de3945498', 27, '71', 'NULL', NULL, 1, '2019-05-31 10:22:20', NULL),
(4584, 266, 6, '5cf0feaa6b0724248974', 8, '21', 'NULL', NULL, 1, '2019-05-31 13:15:20', NULL),
(4585, 266, 6, '5cf0feaa6b0724248974', 15, '5', 'NULL', NULL, 1, '2019-05-31 13:15:35', NULL),
(4586, 266, 6, '5cf0feaa6b0724248974', 16, '5', 'NULL', NULL, 1, '2019-05-31 13:15:45', NULL),
(4587, 266, 6, '5cf0feaa6b0724248974', 18, '46', 'NULL', NULL, NULL, '2019-05-31 13:16:01', NULL),
(4588, 266, 6, '5cf0feaa6b0724248974', 20, '49', 'NULL', NULL, NULL, '2019-05-31 13:16:12', NULL),
(4589, 266, 6, '5cf0feaa6b0724248974', 21, '5', 'NULL', NULL, 1, '2019-05-31 13:16:24', NULL),
(4590, 266, 6, '5cf0feaa6b0724248974', 22, '56', 'NULL', NULL, 1, '2019-05-31 13:16:34', NULL),
(4591, 266, 6, '5cf0feaa6b0724248974', 23, '57', 'NULL', NULL, 1, '2019-05-31 13:16:43', NULL),
(4592, 266, 6, '5cf0feaa6b0724248974', 24, '61', 'NULL', NULL, 1, '2019-05-31 13:16:55', NULL),
(4593, 266, 6, '5cf0feaa6b0724248974', 27, '71', 'NULL', NULL, 1, '2019-05-31 13:17:07', NULL),
(4594, 266, 6, '5cf0feaa6b0724248974', 18, '45', 'NULL', NULL, 1, '2019-05-31 13:17:22', NULL),
(4595, 266, 6, '5cf0feaa6b0724248974', 20, '51', 'NULL', NULL, NULL, '2019-05-31 13:17:29', NULL),
(4596, 266, 6, '5cf0feaa6b0724248974', 20, '50', 'NULL', NULL, 1, '2019-05-31 13:17:38', NULL),
(4597, 267, 6, '5cf11a51de9aa2504375', 8, '23', 'NULL', NULL, NULL, '2019-05-31 15:13:23', NULL),
(4598, 267, 6, '5cf11a51de9aa2504375', 15, '41', 'NULL', NULL, NULL, '2019-05-31 15:13:37', NULL),
(4599, 267, 6, '5cf11a51de9aa2504375', 16, '5', 'NULL', NULL, 1, '2019-05-31 15:14:03', NULL),
(4600, 268, 6, '5cf11bd19ed435449987', 8, '21', 'NULL', NULL, 1, '2019-05-31 15:19:54', NULL),
(4601, 269, 6, '5cf136e9c7dfe6913945', 8, '21', 'NULL', NULL, 1, '2019-05-31 17:15:42', NULL),
(4602, 270, 6, '5cf146fd4f3804199544', 8, '22', 'NULL', NULL, NULL, '2019-05-31 18:23:54', NULL),
(4603, 270, 6, '5cf146fd4f3804199544', 15, '41', 'NULL', NULL, NULL, '2019-05-31 18:24:03', NULL),
(4604, 270, 6, '5cf146fd4f3804199544', 16, '5', 'NULL', NULL, 1, '2019-05-31 18:24:09', NULL),
(4605, 270, 6, '5cf146fd4f3804199544', 18, '44', 'NULL', NULL, NULL, '2019-05-31 18:24:25', NULL),
(4606, 270, 6, '5cf146fd4f3804199544', 20, '51', 'NULL', NULL, NULL, '2019-05-31 18:24:41', NULL),
(4607, 270, 6, '5cf146fd4f3804199544', 21, '5', 'NULL', NULL, 1, '2019-05-31 18:24:50', NULL),
(4608, 270, 6, '5cf146fd4f3804199544', 22, '55', 'NULL', NULL, NULL, '2019-05-31 18:25:02', NULL),
(4609, 270, 6, '5cf146fd4f3804199544', 23, '57', 'NULL', NULL, 1, '2019-05-31 18:25:11', NULL),
(4610, 270, 6, '5cf146fd4f3804199544', 24, '61', 'NULL', NULL, 1, '2019-05-31 18:25:22', NULL),
(4611, 270, 6, '5cf146fd4f3804199544', 27, '71', 'NULL', NULL, 1, '2019-05-31 18:25:31', NULL),
(4612, 270, 6, '5cf146fd4f3804199544', 8, '21', 'NULL', NULL, 1, '2019-05-31 18:25:42', NULL),
(4613, 270, 6, '5cf146fd4f3804199544', 15, '5', 'NULL', NULL, 1, '2019-05-31 18:25:47', NULL),
(4614, 270, 6, '5cf146fd4f3804199544', 18, '46', 'NULL', NULL, NULL, '2019-05-31 18:25:58', NULL),
(4615, 270, 6, '5cf146fd4f3804199544', 18, '46', 'NULL', NULL, NULL, '2019-05-31 18:26:04', NULL),
(4616, 270, 6, '5cf146fd4f3804199544', 18, '47', 'NULL', NULL, NULL, '2019-05-31 18:26:07', NULL),
(4617, 270, 6, '5cf146fd4f3804199544', 18, '44', 'NULL', NULL, NULL, '2019-05-31 18:26:11', NULL),
(4618, 270, 6, '5cf146fd4f3804199544', 18, '45', 'NULL', NULL, 1, '2019-05-31 18:26:16', NULL),
(4619, 270, 6, '5cf146fd4f3804199544', 20, '49', 'NULL', NULL, NULL, '2019-05-31 18:26:29', NULL),
(4620, 270, 6, '5cf146fd4f3804199544', 20, '50', 'NULL', NULL, 1, '2019-05-31 18:26:33', NULL),
(4621, 270, 6, '5cf146fd4f3804199544', 22, '54', 'NULL', NULL, NULL, '2019-05-31 18:26:40', NULL),
(4622, 270, 6, '5cf146fd4f3804199544', 22, '54', 'NULL', NULL, NULL, '2019-05-31 18:26:43', NULL),
(4623, 270, 6, '5cf146fd4f3804199544', 22, '55', 'NULL', NULL, NULL, '2019-05-31 18:26:46', NULL),
(4624, 270, 6, '5cf146fd4f3804199544', 22, '56', 'NULL', NULL, 1, '2019-05-31 18:26:50', NULL),
(4625, 270, 6, '5cf146fd4f3804199544', 29, '76', 'NULL', NULL, NULL, '2019-05-31 18:27:18', NULL),
(4626, 270, 6, '5cf146fd4f3804199544', 30, '82', 'NULL', NULL, 1, '2019-05-31 18:27:31', NULL),
(4627, 270, 6, '5cf146fd4f3804199544', 31, '6', 'NULL', NULL, 1, '2019-05-31 18:27:48', NULL),
(4628, 270, 6, '5cf146fd4f3804199544', 34, '91', 'NULL', NULL, NULL, '2019-05-31 18:27:59', NULL),
(4629, 270, 6, '5cf146fd4f3804199544', 36, '6', 'NULL', NULL, NULL, '2019-05-31 18:28:07', NULL),
(4630, 270, 6, '5cf146fd4f3804199544', 38, '96', 'NULL', NULL, NULL, '2019-05-31 18:28:16', NULL),
(4631, 270, 6, '5cf146fd4f3804199544', 40, '101', 'NULL', NULL, NULL, '2019-05-31 18:28:29', NULL),
(4632, 270, 6, '5cf146fd4f3804199544', 44, '6', 'NULL', NULL, 1, '2019-05-31 18:28:40', NULL);
INSERT INTO `usr_answer` (`ID`, `ID_USER`, `ID_ACTION`, `PLAY_KEY`, `ID_QUESTION`, `ANSWER`, `INFO`, `SCALE_VALUE`, `IS_TRUE`, `DT_INSERTED`, `DT_MODIFIED`) VALUES
(4633, 270, 6, '5cf146fd4f3804199544', 46, '5', 'NULL', NULL, 1, '2019-05-31 18:28:45', NULL),
(4634, 270, 6, '5cf146fd4f3804199544', 47, '6', 'NULL', NULL, 1, '2019-05-31 18:28:52', NULL),
(4635, 270, 6, '5cf146fd4f3804199544', 29, '79', 'NULL', NULL, NULL, '2019-05-31 18:29:02', NULL),
(4636, 270, 6, '5cf146fd4f3804199544', 29, '78', 'NULL', NULL, NULL, '2019-05-31 18:29:07', NULL),
(4637, 270, 6, '5cf146fd4f3804199544', 29, '77', 'NULL', NULL, NULL, '2019-05-31 18:29:12', NULL),
(4638, 270, 6, '5cf146fd4f3804199544', 29, '76', 'NULL', NULL, NULL, '2019-05-31 18:29:17', NULL),
(4639, 270, 6, '5cf146fd4f3804199544', 29, '77', 'NULL', NULL, NULL, '2019-05-31 18:29:23', NULL),
(4640, 270, 6, '5cf146fd4f3804199544', 29, '78', 'NULL', NULL, NULL, '2019-05-31 18:29:26', NULL),
(4641, 270, 6, '5cf146fd4f3804199544', 29, '79', 'NULL', NULL, NULL, '2019-05-31 18:29:30', NULL),
(4642, 270, 6, '5cf146fd4f3804199544', 29, '78', 'NULL', NULL, NULL, '2019-05-31 18:29:35', NULL),
(4643, 270, 6, '5cf146fd4f3804199544', 29, '79', 'NULL', NULL, NULL, '2019-05-31 18:29:39', NULL),
(4644, 270, 6, '5cf146fd4f3804199544', 29, '79', 'NULL', NULL, NULL, '2019-05-31 18:29:42', NULL),
(4645, 270, 6, '5cf146fd4f3804199544', 29, '76', 'NULL', NULL, NULL, '2019-05-31 18:29:46', NULL),
(4646, 270, 6, '5cf146fd4f3804199544', 29, '76, 78, 79', 'NULL', NULL, NULL, '2019-05-31 18:29:52', NULL),
(4647, 270, 6, '5cf146fd4f3804199544', 29, '78, 76, 79, 77', 'NULL', NULL, NULL, '2019-05-31 18:29:55', NULL),
(4648, 270, 6, '5cf146fd4f3804199544', 29, '76, 78, 79', 'NULL', NULL, NULL, '2019-05-31 18:30:01', NULL),
(4649, 270, 6, '5cf146fd4f3804199544', 29, '77, 79, 78', 'NULL', NULL, NULL, '2019-05-31 18:30:08', NULL),
(4650, 270, 6, '5cf146fd4f3804199544', 29, '79, 76', 'NULL', NULL, NULL, '2019-05-31 18:30:13', NULL),
(4651, 270, 6, '5cf146fd4f3804199544', 29, '78, 76', 'NULL', NULL, NULL, '2019-05-31 18:30:16', NULL),
(4652, 270, 6, '5cf146fd4f3804199544', 29, '77, 79', 'NULL', NULL, NULL, '2019-05-31 18:30:19', NULL),
(4653, 270, 6, '5cf146fd4f3804199544', 29, '78, 77', 'NULL', NULL, NULL, '2019-05-31 18:30:25', NULL),
(4654, 270, 6, '5cf146fd4f3804199544', 29, '79, 77, 76', 'NULL', NULL, NULL, '2019-05-31 18:30:30', NULL),
(4655, 270, 6, '5cf146fd4f3804199544', 29, '77, 76, 78', 'NULL', NULL, NULL, '2019-05-31 18:30:37', NULL),
(4656, 270, 6, '5cf146fd4f3804199544', 29, '78, 76, 79', 'NULL', NULL, NULL, '2019-05-31 18:30:46', NULL),
(4657, 270, 6, '5cf146fd4f3804199544', 29, '77, 79, 78', 'NULL', NULL, NULL, '2019-05-31 18:30:53', NULL),
(4658, 271, 6, '5cf14a149bf155616719', 8, '22', 'NULL', NULL, NULL, '2019-05-31 18:37:03', NULL),
(4659, 271, 6, '5cf14a149bf155616719', 15, '5', 'NULL', NULL, 1, '2019-05-31 18:37:12', NULL),
(4660, 271, 6, '5cf14a149bf155616719', 16, '5', 'NULL', NULL, 1, '2019-05-31 18:37:17', NULL),
(4661, 271, 6, '5cf14a149bf155616719', 18, '44', 'NULL', NULL, NULL, '2019-05-31 18:37:27', NULL),
(4662, 271, 6, '5cf14a149bf155616719', 20, '49', 'NULL', NULL, NULL, '2019-05-31 18:37:36', NULL),
(4663, 271, 6, '5cf14a149bf155616719', 21, '5', 'NULL', NULL, 1, '2019-05-31 18:37:46', NULL),
(4664, 272, 6, '5cf15134581182305432', 8, '23', 'NULL', NULL, NULL, '2019-05-31 19:08:08', NULL),
(4665, 272, 6, '5cf15134581182305432', 15, '5', 'NULL', NULL, 1, '2019-05-31 19:08:21', NULL),
(4666, 272, 6, '5cf15134581182305432', 16, '5', 'NULL', NULL, 1, '2019-05-31 19:08:34', NULL),
(4667, 272, 6, '5cf15134581182305432', 18, '46', 'NULL', NULL, NULL, '2019-05-31 19:08:44', NULL),
(4668, 272, 6, '5cf15134581182305432', 20, '49', 'NULL', NULL, NULL, '2019-05-31 19:08:59', NULL),
(4669, 272, 6, '5cf15134581182305432', 21, '52', 'NULL', NULL, NULL, '2019-05-31 19:09:09', NULL),
(4670, 272, 6, '5cf15134581182305432', 22, '55', 'NULL', NULL, NULL, '2019-05-31 19:09:17', NULL),
(4671, 272, 6, '5cf15134581182305432', 23, '57', 'NULL', NULL, 1, '2019-05-31 19:09:25', NULL),
(4672, 260, 5, '5ceef59a153f91109038', 15, '5', 'NULL', NULL, 1, '2019-05-31 21:22:39', NULL),
(4673, 260, 5, '5ceef59a153f91109038', 29, '78, 79', 'NULL', NULL, 1, '2019-05-31 21:22:46', NULL),
(4674, 273, 6, '5cee76735ee289389384', 8, '21', 'NULL', NULL, 1, '2019-06-02 23:44:09', NULL),
(4675, 273, 6, '5cf4353265161', 8, '22', 'NULL', NULL, NULL, '2019-06-02 23:54:18', NULL),
(4676, 235, 6, '5cee77a771a528295499', 8, '21', 'NULL', NULL, 1, '2019-06-05 00:52:53', NULL),
(4677, 235, 6, '5cee77a771a528295499', 15, '5', 'NULL', NULL, 1, '2019-06-05 00:52:58', NULL),
(4678, 235, 6, '5cee77a771a528295499', 16, '5', 'NULL', NULL, 1, '2019-06-05 00:53:03', NULL),
(4679, 235, 6, '5cee77a771a528295499', 18, '45', 'NULL', NULL, 1, '2019-06-05 00:53:08', NULL),
(4680, 235, 6, '5cee77a771a528295499', 20, '50', 'NULL', NULL, 1, '2019-06-05 00:53:13', NULL),
(4681, 235, 6, '5cee77a771a528295499', 21, '5', 'NULL', NULL, 1, '2019-06-05 00:53:21', NULL),
(4682, 235, 6, '5cee77a771a528295499', 22, '56', 'NULL', NULL, 1, '2019-06-05 00:54:08', NULL),
(4683, 235, 6, '5cf6e89793fe6', 8, '21', 'NULL', NULL, 1, '2019-06-05 00:54:55', NULL),
(4684, 235, 6, '5cf6e89793fe6', 15, '5', 'NULL', NULL, 1, '2019-06-05 00:55:00', NULL),
(4685, 235, 6, '5cf6e89793fe6', 16, '5', 'NULL', NULL, 1, '2019-06-05 00:55:07', NULL),
(4686, 235, 6, '5cf6e89793fe6', 18, '45', 'NULL', NULL, 1, '2019-06-05 00:55:19', NULL),
(4687, 235, 6, '5cf6e89793fe6', 20, '50', 'NULL', NULL, 1, '2019-06-05 00:55:34', NULL),
(4688, 235, 6, '5cf6e89793fe6', 21, '5', 'NULL', NULL, 1, '2019-06-05 00:55:47', NULL),
(4689, 235, 6, '5cf6e89793fe6', 22, '56', 'NULL', NULL, 1, '2019-06-05 00:55:56', NULL),
(4690, 235, 6, '5cf6e89793fe6', 23, '57', 'NULL', NULL, 1, '2019-06-05 00:56:13', NULL),
(4691, 235, 6, '5cf6e89793fe6', 24, '61', 'NULL', NULL, 1, '2019-06-05 00:56:21', NULL),
(4692, 235, 6, '5cf6e89793fe6', 27, '71', 'NULL', NULL, 1, '2019-06-05 00:56:28', NULL),
(4693, 235, 6, '5cf6e89793fe6', 29, '78, 79', 'NULL', NULL, 1, '2019-06-05 00:56:52', NULL),
(4694, 235, 6, '5cf6e89793fe6', 30, '82', 'NULL', NULL, 1, '2019-06-05 00:57:02', NULL),
(4695, 235, 6, '5cf6e89793fe6', 31, '6', 'NULL', NULL, 1, '2019-06-05 00:57:10', NULL),
(4696, 235, 6, '5cf6e89793fe6', 34, '90', 'NULL', NULL, 1, '2019-06-05 00:57:35', NULL),
(4697, 235, 6, '5cf6e89793fe6', 36, '5', 'NULL', NULL, 1, '2019-06-05 00:57:49', NULL),
(4698, 235, 6, '5cf6e89793fe6', 38, '96, 97', 'NULL', NULL, 1, '2019-06-05 00:58:17', NULL),
(4699, 235, 6, '5cf6e89793fe6', 40, '100', 'NULL', NULL, 1, '2019-06-05 00:58:30', NULL),
(4700, 235, 6, '5cf6e89793fe6', 44, '6', 'NULL', NULL, 1, '2019-06-05 00:58:39', NULL),
(4701, 235, 6, '5cf6e89793fe6', 46, '5', 'NULL', NULL, 1, '2019-06-05 00:58:44', NULL),
(4702, 235, 6, '5cf6e89793fe6', 47, '6', 'NULL', NULL, 1, '2019-06-05 00:58:50', NULL),
(4703, 235, 6, '5cf6e89793fe6', 48, '113', 'NULL', NULL, 1, '2019-06-05 00:59:00', NULL),
(4704, 235, 6, '5cf6e89793fe6', 49, '117', 'NULL', NULL, 1, '2019-06-05 00:59:14', NULL),
(4705, 235, 6, '5cf6e89793fe6', 50, '121', 'NULL', NULL, 1, '2019-06-05 00:59:23', NULL),
(4706, 235, 6, '5cf6e89793fe6', 53, '133, 131', 'NULL', NULL, 1, '2019-06-05 00:59:44', NULL),
(4707, 235, 6, '5cf6e89793fe6', 55, '145, 141', 'NULL', NULL, 1, '2019-06-05 00:59:55', NULL),
(4708, 235, 6, '5cf6e89793fe6', 58, '160', 'NULL', NULL, 1, '2019-06-05 01:00:04', NULL),
(4709, 235, 6, '5cf6e89793fe6', 60, '168, 169, 171, 167, 172, 170', 'NULL', NULL, 1, '2019-06-05 01:00:39', NULL),
(4710, 235, 6, '5cf6e89793fe6', 65, '185', 'NULL', NULL, 1, '2019-06-05 01:01:21', NULL),
(4711, 235, 6, '5cf6e89793fe6', 66, '188', 'NULL', NULL, 1, '2019-06-05 01:01:36', NULL),
(4712, 235, 6, '5cf6e89793fe6', 67, '191', 'NULL', NULL, 1, '2019-06-05 01:01:42', NULL),
(4713, 257, 6, '5cf73b9c88afc2089864', 8, '21', 'NULL', NULL, 1, '2019-06-05 06:50:42', NULL),
(4714, 257, 6, '5cf73b9c88afc2089864', 15, '5', 'NULL', NULL, 1, '2019-06-05 06:51:09', NULL),
(4715, 257, 6, '5cf73b9c88afc2089864', 16, '5', 'NULL', NULL, 1, '2019-06-05 06:51:19', NULL),
(4716, 257, 6, '5cf73b9c88afc2089864', 18, '45', 'NULL', NULL, 1, '2019-06-05 06:51:35', NULL),
(4717, 257, 6, '5cf73b9c88afc2089864', 20, '50', 'NULL', NULL, 1, '2019-06-05 06:51:44', NULL),
(4718, 257, 6, '5cf73b9c88afc2089864', 21, '5', 'NULL', NULL, 1, '2019-06-05 06:52:58', NULL),
(4719, 257, 6, '5cf73b9c88afc2089864', 22, '56', 'NULL', NULL, 1, '2019-06-05 06:53:24', NULL),
(4720, 257, 6, '5cf73b9c88afc2089864', 23, '58', 'NULL', NULL, NULL, '2019-06-05 06:53:40', NULL),
(4721, 257, 6, '5cf73b9c88afc2089864', 24, '61', 'NULL', NULL, 1, '2019-06-05 06:53:54', NULL),
(4722, 257, 6, '5cf73b9c88afc2089864', 27, '71', 'NULL', NULL, 1, '2019-06-05 06:54:08', NULL),
(4723, 257, 6, '5cf73b9c88afc2089864', 23, '57', 'NULL', NULL, 1, '2019-06-05 06:54:40', NULL),
(4724, 257, 6, '5cf73b9c88afc2089864', 29, '78, 79', 'NULL', NULL, 1, '2019-06-05 06:55:06', NULL),
(4725, 257, 6, '5cf73b9c88afc2089864', 30, '82', 'NULL', NULL, 1, '2019-06-05 06:57:09', NULL),
(4726, 257, 6, '5cf73b9c88afc2089864', 31, '86', 'NULL', NULL, NULL, '2019-06-05 07:01:47', NULL),
(4727, 257, 6, '5cf73b9c88afc2089864', 34, '90', 'NULL', NULL, 1, '2019-06-05 07:02:59', NULL),
(4728, 257, 6, '5cf73b9c88afc2089864', 36, '5', 'NULL', NULL, 1, '2019-06-05 07:03:22', NULL),
(4729, 257, 6, '5cf73b9c88afc2089864', 38, '96, 97', 'NULL', NULL, 1, '2019-06-05 07:04:00', NULL),
(4730, 257, 6, '5cf73b9c88afc2089864', 40, '100', 'NULL', NULL, 1, '2019-06-05 07:04:24', NULL),
(4731, 257, 6, '5cf73b9c88afc2089864', 44, '5', 'NULL', NULL, NULL, '2019-06-05 07:05:28', NULL),
(4732, 257, 6, '5cf73b9c88afc2089864', 46, '5', 'NULL', NULL, 1, '2019-06-05 07:05:44', NULL),
(4733, 274, 5, '5cf7c101cd73a8025243', 8, '22', 'NULL', NULL, NULL, '2019-06-05 16:18:19', NULL),
(4734, 274, 5, '5cf7c101cd73a8025243', 15, '5', 'NULL', NULL, 1, '2019-06-05 16:18:30', NULL),
(4735, 274, 5, '5cf7c101cd73a8025243', 16, '5', 'NULL', NULL, 1, '2019-06-05 16:18:39', NULL),
(4736, 274, 5, '5cf7c101cd73a8025243', 18, '46', 'NULL', NULL, NULL, '2019-06-05 16:18:56', NULL),
(4737, 274, 5, '5cf7c101cd73a8025243', 20, '51', 'NULL', NULL, NULL, '2019-06-05 16:19:25', NULL),
(4738, 274, 5, '5cf7c101cd73a8025243', 21, '5', 'NULL', NULL, 1, '2019-06-05 16:19:38', NULL),
(4739, 274, 5, '5cf7c101cd73a8025243', 22, '55', 'NULL', NULL, NULL, '2019-06-05 16:20:17', NULL),
(4740, 274, 5, '5cf7c101cd73a8025243', 23, '58', 'NULL', NULL, NULL, '2019-06-05 16:20:26', NULL),
(4741, 274, 5, '5cf7c101cd73a8025243', 24, '60', 'NULL', NULL, NULL, '2019-06-05 16:20:45', NULL),
(4742, 274, 5, '5cf7c101cd73a8025243', 27, '70', 'NULL', NULL, NULL, '2019-06-05 16:21:03', NULL),
(4743, 274, 5, '5cf7c101cd73a8025243', 8, '21', 'NULL', NULL, 1, '2019-06-05 16:21:30', NULL),
(4744, 274, 5, '5cf7c101cd73a8025243', 18, '45', 'NULL', NULL, 1, '2019-06-05 16:21:45', NULL),
(4745, 274, 5, '5cf7c101cd73a8025243', 20, '49', 'NULL', NULL, NULL, '2019-06-05 16:22:02', NULL),
(4746, 274, 5, '5cf7c101cd73a8025243', 20, '50', 'NULL', NULL, 1, '2019-06-05 16:22:08', NULL),
(4747, 274, 5, '5cf7c101cd73a8025243', 22, '56', 'NULL', NULL, 1, '2019-06-05 16:22:17', NULL),
(4748, 274, 5, '5cf7c101cd73a8025243', 23, '57', 'NULL', NULL, 1, '2019-06-05 16:22:29', NULL),
(4749, 274, 5, '5cf7c101cd73a8025243', 24, '59', 'NULL', NULL, NULL, '2019-06-05 16:22:47', NULL),
(4750, 274, 5, '5cf7c101cd73a8025243', 24, '61', 'NULL', NULL, 1, '2019-06-05 16:22:54', NULL),
(4751, 274, 5, '5cf7c101cd73a8025243', 27, '72', 'NULL', NULL, NULL, '2019-06-05 16:23:03', NULL),
(4752, 274, 5, '5cf7c101cd73a8025243', 27, '71', 'NULL', NULL, 1, '2019-06-05 16:23:10', NULL),
(4753, 274, 5, '5cf7c101cd73a8025243', 29, '79, 76', 'NULL', NULL, NULL, '2019-06-05 16:23:41', NULL),
(4754, 274, 5, '5cf7c101cd73a8025243', 30, '81', 'NULL', NULL, NULL, '2019-06-05 16:24:24', NULL),
(4755, 274, 5, '5cf7c101cd73a8025243', 31, '6', 'NULL', NULL, 1, '2019-06-05 16:24:35', NULL),
(4756, 274, 5, '5cf7c101cd73a8025243', 34, '92', 'NULL', NULL, NULL, '2019-06-05 16:24:54', NULL),
(4757, 274, 5, '5cf7c101cd73a8025243', 36, '95', 'NULL', NULL, NULL, '2019-06-05 16:25:05', NULL),
(4758, 274, 5, '5cf7c101cd73a8025243', 38, '96', 'NULL', NULL, NULL, '2019-06-05 16:25:16', NULL),
(4759, 274, 5, '5cf7c101cd73a8025243', 40, '101', 'NULL', NULL, NULL, '2019-06-05 16:25:25', NULL),
(4760, 274, 5, '5cf7c101cd73a8025243', 44, '6', 'NULL', NULL, 1, '2019-06-05 16:25:37', NULL),
(4761, 274, 5, '5cf7c101cd73a8025243', 46, '5', 'NULL', NULL, 1, '2019-06-05 16:25:48', NULL),
(4762, 274, 5, '5cf7c101cd73a8025243', 47, '6', 'NULL', NULL, 1, '2019-06-05 16:25:57', NULL),
(4763, 274, 5, '5cf7c101cd73a8025243', 29, '78, 79', 'NULL', NULL, 1, '2019-06-05 16:26:07', NULL),
(4764, 274, 5, '5cf7c101cd73a8025243', 30, '84', 'NULL', NULL, NULL, '2019-06-05 16:26:26', NULL),
(4765, 274, 5, '5cf7c101cd73a8025243', 30, '83', 'NULL', NULL, NULL, '2019-06-05 16:26:35', NULL),
(4766, 274, 5, '5cf7c101cd73a8025243', 30, '82', 'NULL', NULL, 1, '2019-06-05 16:26:48', NULL),
(4767, 274, 5, '5cf7c101cd73a8025243', 34, '91', 'NULL', NULL, NULL, '2019-06-05 16:27:08', NULL),
(4768, 274, 5, '5cf7c101cd73a8025243', 34, '90', 'NULL', NULL, 1, '2019-06-05 16:27:13', NULL),
(4769, 274, 5, '5cf7c101cd73a8025243', 36, '6', 'NULL', NULL, NULL, '2019-06-05 16:27:30', NULL),
(4770, 274, 5, '5cf7c101cd73a8025243', 36, '5', 'NULL', NULL, 1, '2019-06-05 16:27:36', NULL),
(4771, 274, 5, '5cf7c101cd73a8025243', 38, '96, 97', 'NULL', NULL, 1, '2019-06-05 16:28:19', NULL),
(4772, 274, 5, '5cf7c101cd73a8025243', 40, '100', 'NULL', NULL, 1, '2019-06-05 16:28:26', NULL),
(4773, 274, 5, '5cf7c101cd73a8025243', 48, '113', 'NULL', NULL, 1, '2019-06-05 16:28:54', NULL),
(4774, 274, 5, '5cf7c101cd73a8025243', 49, '117', 'NULL', NULL, 1, '2019-06-05 16:29:12', NULL),
(4775, 274, 5, '5cf7c101cd73a8025243', 50, '122', 'NULL', NULL, NULL, '2019-06-05 16:29:31', NULL),
(4776, 274, 5, '5cf7c101cd73a8025243', 53, '133, 134', 'NULL', NULL, NULL, '2019-06-05 16:29:48', NULL),
(4777, 274, 5, '5cf7c101cd73a8025243', 55, '143, 145', 'NULL', NULL, NULL, '2019-06-05 16:30:17', NULL),
(4778, 274, 5, '5cf7c101cd73a8025243', 58, '160', 'NULL', NULL, 1, '2019-06-05 16:30:39', NULL),
(4779, 274, 5, '5cf7c101cd73a8025243', 60, '170, 172, 169', 'NULL', NULL, NULL, '2019-06-05 16:31:41', NULL),
(4780, 274, 5, '5cf7c101cd73a8025243', 65, '185', 'NULL', NULL, 1, '2019-06-05 16:31:53', NULL),
(4781, 274, 5, '5cf7c101cd73a8025243', 66, '188', 'NULL', NULL, 1, '2019-06-05 16:32:09', NULL),
(4782, 274, 5, '5cf7c101cd73a8025243', 67, '191', 'NULL', NULL, 1, '2019-06-05 16:32:28', NULL),
(4783, 274, 5, '5cf7c101cd73a8025243', 50, '121', 'NULL', NULL, 1, '2019-06-05 16:32:45', NULL),
(4784, 274, 5, '5cf7c101cd73a8025243', 53, '133, 134, 132', 'NULL', NULL, NULL, '2019-06-05 16:33:11', NULL),
(4785, 274, 5, '5cf7c101cd73a8025243', 53, '133, 131', 'NULL', NULL, 1, '2019-06-05 16:33:19', NULL),
(4786, 274, 5, '5cf7c101cd73a8025243', 55, '145, 141, 143', 'NULL', NULL, NULL, '2019-06-05 16:33:58', NULL),
(4787, 274, 5, '5cf7c101cd73a8025243', 55, '143, 145, 141, 140', 'NULL', NULL, NULL, '2019-06-05 16:34:05', NULL),
(4788, 274, 5, '5cf7c101cd73a8025243', 55, '141, 143', 'NULL', NULL, NULL, '2019-06-05 16:34:12', NULL),
(4789, 274, 5, '5cf7c101cd73a8025243', 55, '140', 'NULL', NULL, NULL, '2019-06-05 16:34:25', NULL),
(4790, 274, 5, '5cf7c101cd73a8025243', 55, '140, 143', 'NULL', NULL, NULL, '2019-06-05 16:34:35', NULL),
(4791, 274, 5, '5cf7c101cd73a8025243', 55, '143', 'NULL', NULL, NULL, '2019-06-05 16:34:42', NULL),
(4792, 274, 5, '5cf7c101cd73a8025243', 55, '145, 140', 'NULL', NULL, NULL, '2019-06-05 16:35:06', NULL),
(4793, 274, 5, '5cf7c101cd73a8025243', 55, '140, 145, 143', 'NULL', NULL, NULL, '2019-06-05 16:35:16', NULL),
(4794, 274, 5, '5cf7c101cd73a8025243', 55, '145, 141, 143', 'NULL', NULL, NULL, '2019-06-05 16:35:28', NULL),
(4795, 274, 5, '5cf7c101cd73a8025243', 55, '143', 'NULL', NULL, NULL, '2019-06-05 16:35:42', NULL),
(4796, 274, 5, '5cf7c101cd73a8025243', 55, '140, 145, 141, 143', 'NULL', NULL, NULL, '2019-06-05 16:35:55', NULL),
(4797, 274, 5, '5cf7c101cd73a8025243', 55, '145, 141', 'NULL', NULL, 1, '2019-06-05 16:36:22', NULL),
(4798, 274, 5, '5cf7c101cd73a8025243', 60, '172, 169, 170, 171', 'NULL', NULL, NULL, '2019-06-05 16:36:53', NULL),
(4799, 274, 5, '5cf7c101cd73a8025243', 60, '171, 170, 168, 172', 'NULL', NULL, NULL, '2019-06-05 16:37:11', NULL),
(4800, 274, 5, '5cf7c101cd73a8025243', 60, '170, 172', 'NULL', NULL, NULL, '2019-06-05 16:37:22', NULL),
(4801, 274, 5, '5cf7c101cd73a8025243', 60, '170, 168, 172, 167', 'NULL', NULL, NULL, '2019-06-05 16:38:01', NULL),
(4802, 274, 5, '5cf7c101cd73a8025243', 60, '167, 171, 168', 'NULL', NULL, NULL, '2019-06-05 16:38:16', NULL),
(4803, 274, 5, '5cf7c101cd73a8025243', 60, '172, 170', 'NULL', NULL, NULL, '2019-06-05 16:38:34', NULL),
(4804, 274, 5, '5cf7c101cd73a8025243', 60, '172, 167, 170', 'NULL', NULL, NULL, '2019-06-05 16:38:52', NULL),
(4805, 274, 5, '5cf7c101cd73a8025243', 60, '170, 172, 167, 168', 'NULL', NULL, NULL, '2019-06-05 16:39:05', NULL),
(4806, 274, 5, '5cf7c101cd73a8025243', 60, '172, 171, 169, 168, 170, 167', 'NULL', NULL, 1, '2019-06-05 16:39:21', NULL),
(4807, 275, 5, '5cf7d409a3cc97604939', 8, '23', 'NULL', NULL, NULL, '2019-06-05 17:39:34', NULL),
(4808, 275, 5, '5cf7d409a3cc97604939', 15, '41', 'NULL', NULL, NULL, '2019-06-05 17:39:46', NULL),
(4809, 275, 5, '5cf7d409a3cc97604939', 16, '5', 'NULL', NULL, 1, '2019-06-05 17:40:03', NULL),
(4810, 275, 5, '5cf7d409a3cc97604939', 18, '45', 'NULL', NULL, 1, '2019-06-05 17:40:17', NULL),
(4811, 275, 5, '5cf7d409a3cc97604939', 20, '49', 'NULL', NULL, NULL, '2019-06-05 17:40:26', NULL),
(4812, 275, 5, '5cf7d409a3cc97604939', 21, '5', 'NULL', NULL, 1, '2019-06-05 17:40:37', NULL),
(4813, 275, 5, '5cf7d409a3cc97604939', 22, '55', 'NULL', NULL, NULL, '2019-06-05 17:40:48', NULL),
(4814, 275, 5, '5cf7d409a3cc97604939', 23, '57', 'NULL', NULL, 1, '2019-06-05 17:40:55', NULL),
(4815, 275, 5, '5cf7d409a3cc97604939', 24, '61', 'NULL', NULL, 1, '2019-06-05 17:41:02', NULL),
(4816, 275, 5, '5cf7d409a3cc97604939', 27, '71', 'NULL', NULL, 1, '2019-06-05 17:41:08', NULL),
(4817, 276, 5, '5cf7e8a4c21a65293984', 8, '21', 'NULL', NULL, 1, '2019-06-05 19:07:43', NULL),
(4818, 276, 5, '5cf7e8a4c21a65293984', 15, '5', 'NULL', NULL, 1, '2019-06-05 19:07:53', NULL),
(4819, 276, 5, '5cf7e8a4c21a65293984', 16, '5', 'NULL', NULL, 1, '2019-06-05 19:08:00', NULL),
(4820, 276, 5, '5cf7e8a4c21a65293984', 18, '44', 'NULL', NULL, NULL, '2019-06-05 19:08:09', NULL),
(4821, 276, 5, '5cf7e8a4c21a65293984', 20, '51', 'NULL', NULL, NULL, '2019-06-05 19:08:24', NULL),
(4822, 276, 5, '5cf7e8a4c21a65293984', 21, '5', 'NULL', NULL, 1, '2019-06-05 19:08:34', NULL),
(4823, 276, 5, '5cf7e8a4c21a65293984', 22, '56', 'NULL', NULL, 1, '2019-06-05 19:08:46', NULL),
(4824, 277, 5, '5cf808feab4654897405', 8, '23', 'NULL', NULL, NULL, '2019-06-05 21:25:29', NULL),
(4825, 277, 5, '5cf808feab4654897405', 15, '41', 'NULL', NULL, NULL, '2019-06-05 21:25:38', NULL),
(4826, 277, 5, '5cf808feab4654897405', 16, '5', 'NULL', NULL, 1, '2019-06-05 21:25:47', NULL),
(4827, 277, 5, '5cf808feab4654897405', 18, '45', 'NULL', NULL, 1, '2019-06-05 21:26:05', NULL),
(4828, 277, 5, '5cf808feab4654897405', 20, '51', 'NULL', NULL, NULL, '2019-06-05 21:28:05', NULL),
(4829, 277, 5, '5cf808feab4654897405', 21, '53', 'NULL', NULL, NULL, '2019-06-05 21:28:17', NULL),
(4830, 277, 5, '5cf808feab4654897405', 22, '56', 'NULL', NULL, 1, '2019-06-05 21:28:24', NULL),
(4831, 277, 5, '5cf808feab4654897405', 23, '58', 'NULL', NULL, NULL, '2019-06-05 21:28:40', NULL),
(4832, 277, 5, '5cf808feab4654897405', 24, '62', 'NULL', NULL, NULL, '2019-06-05 21:28:50', NULL),
(4833, 277, 5, '5cf808feab4654897405', 27, '72', 'NULL', NULL, NULL, '2019-06-05 21:28:58', NULL),
(4834, 277, 5, '5cf808feab4654897405', 8, '22', 'NULL', NULL, NULL, '2019-06-05 21:29:12', NULL),
(4835, 277, 5, '5cf808feab4654897405', 8, '23', 'NULL', NULL, NULL, '2019-06-05 21:29:19', NULL),
(4836, 277, 5, '5cf808feab4654897405', 8, '21', 'NULL', NULL, 1, '2019-06-05 21:29:25', NULL),
(4837, 277, 5, '5cf808feab4654897405', 15, '5', 'NULL', NULL, 1, '2019-06-05 21:29:36', NULL),
(4838, 277, 5, '5cf808feab4654897405', 20, '49', 'NULL', NULL, NULL, '2019-06-05 21:29:46', NULL),
(4839, 277, 5, '5cf808feab4654897405', 20, '51', 'NULL', NULL, NULL, '2019-06-05 21:29:50', NULL),
(4840, 277, 5, '5cf808feab4654897405', 20, '50', 'NULL', NULL, 1, '2019-06-05 21:29:54', NULL),
(4841, 277, 5, '5cf808feab4654897405', 21, '52', 'NULL', NULL, NULL, '2019-06-05 21:30:03', NULL),
(4842, 277, 5, '5cf808feab4654897405', 21, '5', 'NULL', NULL, 1, '2019-06-05 21:30:09', NULL),
(4843, 277, 5, '5cf808feab4654897405', 23, '57', 'NULL', NULL, 1, '2019-06-05 21:30:20', NULL),
(4844, 277, 5, '5cf808feab4654897405', 24, '61', 'NULL', NULL, 1, '2019-06-05 21:30:32', NULL),
(4845, 277, 5, '5cf808feab4654897405', 27, '71', 'NULL', NULL, 1, '2019-06-05 21:30:40', NULL),
(4846, 278, 5, '5cf8de15080112137988', 8, '21', 'NULL', NULL, 1, '2019-06-06 12:34:36', NULL),
(4847, 278, 5, '5cf8de15080112137988', 15, '5', 'NULL', NULL, 1, '2019-06-06 12:34:47', NULL),
(4848, 279, 6, '5cf906f098a755687497', 8, '22', 'NULL', NULL, NULL, '2019-06-06 15:29:38', NULL),
(4849, 279, 6, '5cf906f098a755687497', 15, '41', 'NULL', NULL, NULL, '2019-06-06 15:29:45', NULL),
(4850, 279, 6, '5cf906f098a755687497', 16, '5', 'NULL', NULL, 1, '2019-06-06 15:30:53', NULL),
(4851, 279, 6, '5cf906f098a755687497', 18, '45', 'NULL', NULL, 1, '2019-06-06 15:31:05', NULL),
(4852, 279, 6, '5cf906f098a755687497', 20, '50', 'NULL', NULL, 1, '2019-06-06 15:31:43', NULL),
(4853, 279, 6, '5cf906f098a755687497', 21, '52', 'NULL', NULL, NULL, '2019-06-06 15:31:55', NULL),
(4854, 279, 6, '5cf906f098a755687497', 22, '56', 'NULL', NULL, 1, '2019-06-06 15:32:04', NULL),
(4855, 279, 6, '5cf906f098a755687497', 23, '57', 'NULL', NULL, 1, '2019-06-06 15:32:11', NULL),
(4856, 279, 6, '5cf906f098a755687497', 24, '61', 'NULL', NULL, 1, '2019-06-06 15:35:23', NULL),
(4857, 279, 6, '5cf906f098a755687497', 27, '71', 'NULL', NULL, 1, '2019-06-06 15:35:45', NULL),
(4858, 279, 6, '5cf906f098a755687497', 8, '21', 'NULL', NULL, 1, '2019-06-06 15:36:00', NULL),
(4859, 279, 6, '5cf906f098a755687497', 15, '5', 'NULL', NULL, 1, '2019-06-06 15:36:23', NULL),
(4860, 279, 6, '5cf906f098a755687497', 21, '5', 'NULL', NULL, 1, '2019-06-06 15:36:38', NULL),
(4861, 279, 6, '5cf906f098a755687497', 29, '79, 77', 'NULL', NULL, NULL, '2019-06-06 15:37:10', NULL),
(4862, 279, 6, '5cf906f098a755687497', 30, '82', 'NULL', NULL, 1, '2019-06-06 15:37:29', NULL),
(4863, 279, 6, '5cf906f098a755687497', 31, '6', 'NULL', NULL, 1, '2019-06-06 15:37:43', NULL),
(4864, 279, 6, '5cf906f098a755687497', 34, '90', 'NULL', NULL, 1, '2019-06-06 15:38:04', NULL),
(4865, 279, 6, '5cf906f098a755687497', 36, '5', 'NULL', NULL, 1, '2019-06-06 15:39:06', NULL),
(4866, 279, 6, '5cf906f098a755687497', 38, '6', 'NULL', NULL, NULL, '2019-06-06 15:39:23', NULL),
(4867, 279, 6, '5cf906f098a755687497', 40, '101', 'NULL', NULL, NULL, '2019-06-06 15:39:40', NULL),
(4868, 279, 6, '5cf906f098a755687497', 44, '6', 'NULL', NULL, 1, '2019-06-06 15:46:54', NULL),
(4869, 279, 6, '5cf906f098a755687497', 46, '5', 'NULL', NULL, 1, '2019-06-06 15:47:09', NULL),
(4870, 279, 6, '5cf906f098a755687497', 47, '6', 'NULL', NULL, 1, '2019-06-06 15:48:19', NULL),
(4871, 279, 6, '5cf906f098a755687497', 29, '77, 78', 'NULL', NULL, NULL, '2019-06-06 15:48:41', NULL),
(4872, 279, 6, '5cf906f098a755687497', 29, '78', 'NULL', NULL, NULL, '2019-06-06 15:48:46', NULL),
(4873, 279, 6, '5cf906f098a755687497', 29, '76, 78', 'NULL', NULL, NULL, '2019-06-06 15:48:52', NULL),
(4874, 279, 6, '5cf906f098a755687497', 29, '76', 'NULL', NULL, NULL, '2019-06-06 15:48:57', NULL),
(4875, 279, 6, '5cf906f098a755687497', 29, '76, 78', 'NULL', NULL, NULL, '2019-06-06 15:49:13', NULL),
(4876, 279, 6, '5cf906f098a755687497', 29, '79, 76', 'NULL', NULL, NULL, '2019-06-06 15:49:19', NULL),
(4877, 280, 6, '5cf9616359ee65107083', 8, '21', 'NULL', NULL, 1, '2019-06-06 21:55:05', NULL),
(4878, 280, 6, '5cf9616359ee65107083', 15, '5', 'NULL', NULL, 1, '2019-06-06 21:55:23', NULL),
(4879, 280, 6, '5cf9616359ee65107083', 16, '5', 'NULL', NULL, 1, '2019-06-06 21:55:33', NULL),
(4880, 280, 6, '5cf9616359ee65107083', 18, '45', 'NULL', NULL, 1, '2019-06-06 21:55:50', NULL),
(4881, 280, 6, '5cf9616359ee65107083', 20, '51', 'NULL', NULL, NULL, '2019-06-06 21:56:05', NULL),
(4882, 280, 6, '5cf9616359ee65107083', 21, '5', 'NULL', NULL, 1, '2019-06-06 21:56:15', NULL),
(4883, 280, 6, '5cf9616359ee65107083', 22, '56', 'NULL', NULL, 1, '2019-06-06 21:56:27', NULL),
(4884, 280, 6, '5cf9616359ee65107083', 23, '57', 'NULL', NULL, 1, '2019-06-06 21:56:39', NULL),
(4885, 280, 6, '5cf9616359ee65107083', 24, '60', 'NULL', NULL, NULL, '2019-06-06 21:56:48', NULL),
(4886, 280, 6, '5cf9616359ee65107083', 27, '70', 'NULL', NULL, NULL, '2019-06-06 21:56:58', NULL),
(4887, 280, 6, '5cf9616359ee65107083', 20, '49', 'NULL', NULL, NULL, '2019-06-06 21:57:10', NULL),
(4888, 280, 6, '5cf9616359ee65107083', 20, '50', 'NULL', NULL, 1, '2019-06-06 21:57:15', NULL),
(4889, 280, 6, '5cf9616359ee65107083', 24, '59', 'NULL', NULL, NULL, '2019-06-06 21:57:21', NULL),
(4890, 280, 6, '5cf9616359ee65107083', 24, '61', 'NULL', NULL, 1, '2019-06-06 21:57:26', NULL),
(4891, 280, 6, '5cf9616359ee65107083', 27, '72', 'NULL', NULL, NULL, '2019-06-06 21:57:33', NULL),
(4892, 280, 6, '5cf9616359ee65107083', 27, '71', 'NULL', NULL, 1, '2019-06-06 21:57:39', NULL),
(4893, 280, 6, '5cf9616359ee65107083', 29, '78, 79', 'NULL', NULL, 1, '2019-06-06 21:57:58', NULL),
(4894, 280, 6, '5cf9616359ee65107083', 30, '83', 'NULL', NULL, NULL, '2019-06-06 21:58:16', NULL),
(4895, 280, 6, '5cf9616359ee65107083', 31, '6', 'NULL', NULL, 1, '2019-06-06 21:58:21', NULL),
(4896, 280, 6, '5cf9616359ee65107083', 34, '90', 'NULL', NULL, 1, '2019-06-06 21:58:31', NULL),
(4897, 280, 6, '5cf9616359ee65107083', 36, '5', 'NULL', NULL, 1, '2019-06-06 21:58:40', NULL),
(4898, 280, 6, '5cf9616359ee65107083', 38, '97', 'NULL', NULL, NULL, '2019-06-06 21:58:48', NULL),
(4899, 280, 6, '5cf9616359ee65107083', 40, '101', 'NULL', NULL, NULL, '2019-06-06 21:58:53', NULL),
(4900, 280, 6, '5cf9616359ee65107083', 44, '6', 'NULL', NULL, 1, '2019-06-06 21:59:00', NULL),
(4901, 280, 6, '5cf9616359ee65107083', 46, '6', 'NULL', NULL, NULL, '2019-06-06 21:59:16', NULL),
(4902, 280, 6, '5cf9616359ee65107083', 47, '6', 'NULL', NULL, 1, '2019-06-06 21:59:20', NULL),
(4903, 280, 6, '5cf9616359ee65107083', 30, '81', 'NULL', NULL, NULL, '2019-06-06 21:59:33', NULL),
(4904, 280, 6, '5cf9616359ee65107083', 30, '80', 'NULL', NULL, NULL, '2019-06-06 21:59:37', NULL),
(4905, 280, 6, '5cf9616359ee65107083', 30, '82', 'NULL', NULL, 1, '2019-06-06 21:59:42', NULL),
(4906, 280, 6, '5cf9616359ee65107083', 38, '96', 'NULL', NULL, NULL, '2019-06-06 21:59:48', NULL),
(4907, 280, 6, '5cf9616359ee65107083', 38, '6', 'NULL', NULL, NULL, '2019-06-06 21:59:55', NULL),
(4908, 280, 6, '5cf9616359ee65107083', 38, '96', 'NULL', NULL, NULL, '2019-06-06 21:59:58', NULL),
(4909, 280, 6, '5cf9616359ee65107083', 38, '97', 'NULL', NULL, NULL, '2019-06-06 22:00:00', NULL),
(4910, 280, 6, '5cf9616359ee65107083', 38, '6', 'NULL', NULL, NULL, '2019-06-06 22:00:04', NULL),
(4911, 280, 6, '5cf9616359ee65107083', 38, '97', 'NULL', NULL, NULL, '2019-06-06 22:00:07', NULL),
(4912, 280, 6, '5cf9616359ee65107083', 38, '6', 'NULL', NULL, NULL, '2019-06-06 22:00:10', NULL),
(4913, 280, 6, '5cf9616359ee65107083', 38, '96', 'NULL', NULL, NULL, '2019-06-06 22:00:13', NULL),
(4914, 280, 6, '5cf9616359ee65107083', 38, '97', 'NULL', NULL, NULL, '2019-06-06 22:00:15', NULL),
(4915, 280, 6, '5cf9616359ee65107083', 38, '96', 'NULL', NULL, NULL, '2019-06-06 22:00:25', NULL),
(4916, 280, 6, '5cf9616359ee65107083', 38, '97', 'NULL', NULL, NULL, '2019-06-06 22:00:28', NULL),
(4917, 280, 6, '5cf9616359ee65107083', 38, '96', 'NULL', NULL, NULL, '2019-06-06 22:00:30', NULL),
(4918, 280, 6, '5cf9616359ee65107083', 38, '6', 'NULL', NULL, NULL, '2019-06-06 22:00:38', NULL),
(4919, 280, 6, '5cf9616359ee65107083', 38, '97', 'NULL', NULL, NULL, '2019-06-06 22:00:41', NULL),
(4920, 280, 6, '5cf9616359ee65107083', 38, '96', 'NULL', NULL, NULL, '2019-06-06 22:00:44', NULL),
(4921, 273, 6, '5cf8b1db91128', 8, '21', 'NULL', NULL, 1, '2019-06-06 23:19:48', NULL),
(4922, 273, 6, '5cf8b1db91128', 15, '5', 'NULL', NULL, 1, '2019-06-06 23:19:57', NULL),
(4923, 273, 6, '5cf8b1db91128', 16, '5', 'NULL', NULL, 1, '2019-06-06 23:20:04', NULL),
(4924, 273, 6, '5cf8b1db91128', 18, '45', 'NULL', NULL, 1, '2019-06-06 23:20:12', NULL),
(4925, 273, 6, '5cf8b1db91128', 20, '50', 'NULL', NULL, 1, '2019-06-06 23:20:22', NULL),
(4926, 273, 6, '5cf8b1db91128', 21, '5', 'NULL', NULL, 1, '2019-06-06 23:20:33', NULL),
(4927, 273, 6, '5cf8b1db91128', 22, '56', 'NULL', NULL, 1, '2019-06-06 23:20:39', NULL),
(4928, 273, 6, '5cf8b1db91128', 23, '57', 'NULL', NULL, 1, '2019-06-06 23:20:47', NULL),
(4929, 273, 6, '5cf8b1db91128', 24, '61', 'NULL', NULL, 1, '2019-06-06 23:20:55', NULL),
(4930, 273, 6, '5cf8b1db91128', 27, '71', 'NULL', NULL, 1, '2019-06-06 23:21:07', NULL),
(4931, 273, 6, '5cf8b1db91128', 29, '79, 78', 'NULL', NULL, 1, '2019-06-06 23:21:16', NULL),
(4932, 273, 6, '5cf8b1db91128', 30, '82', 'NULL', NULL, 1, '2019-06-06 23:21:27', NULL),
(4933, 273, 6, '5cf8b1db91128', 31, '6', 'NULL', NULL, 1, '2019-06-06 23:21:33', NULL),
(4934, 273, 6, '5cf8b1db91128', 34, '90', 'NULL', NULL, 1, '2019-06-06 23:21:42', NULL),
(4935, 273, 6, '5cf8b1db91128', 36, '5', 'NULL', NULL, 1, '2019-06-06 23:21:50', NULL),
(4936, 273, 6, '5cf8b1db91128', 38, '96', 'NULL', NULL, NULL, '2019-06-06 23:22:04', NULL),
(4937, 273, 6, '5cf8b1db91128', 40, '100', 'NULL', NULL, 1, '2019-06-06 23:22:13', NULL),
(4938, 273, 6, '5cf8b1db91128', 44, '6', 'NULL', NULL, 1, '2019-06-06 23:22:27', NULL),
(4939, 273, 6, '5cf8b1db91128', 46, '5', 'NULL', NULL, 1, '2019-06-06 23:22:37', NULL),
(4940, 273, 6, '5cf8b1db91128', 47, '6', 'NULL', NULL, 1, '2019-06-06 23:22:54', NULL),
(4941, 273, 6, '5cf8b1db91128', 38, '96, 97', 'NULL', NULL, 1, '2019-06-06 23:23:09', NULL),
(4942, 281, 6, '5cfa05ba4a9249510580', 8, '21', 'NULL', NULL, 1, '2019-06-07 09:51:22', NULL),
(4943, 281, 6, '5cfa05ba4a9249510580', 15, '5', 'NULL', NULL, 1, '2019-06-07 09:51:30', NULL),
(4944, 281, 6, '5cfa05ba4a9249510580', 16, '5', 'NULL', NULL, 1, '2019-06-07 09:52:55', NULL),
(4945, 281, 6, '5cfa05ba4a9249510580', 18, '46', 'NULL', NULL, NULL, '2019-06-07 09:53:10', NULL),
(4946, 281, 6, '5cfa05ba4a9249510580', 20, '51', 'NULL', NULL, NULL, '2019-06-07 09:54:29', NULL),
(4947, 281, 6, '5cfa05ba4a9249510580', 21, '53', 'NULL', NULL, NULL, '2019-06-07 09:54:49', NULL),
(4948, 281, 6, '5cfa05ba4a9249510580', 22, '55', 'NULL', NULL, NULL, '2019-06-07 09:55:03', NULL),
(4949, 281, 6, '5cfa05ba4a9249510580', 23, '57', 'NULL', NULL, 1, '2019-06-07 09:55:14', NULL),
(4950, 281, 6, '5cfa05ba4a9249510580', 24, '60', 'NULL', NULL, NULL, '2019-06-07 09:55:27', NULL),
(4951, 281, 6, '5cfa05ba4a9249510580', 27, '70', 'NULL', NULL, NULL, '2019-06-07 09:55:37', NULL),
(4952, 282, 6, '5cf7400ca7eac9490956', 8, '21', 'NULL', NULL, 1, '2019-06-07 11:06:22', NULL),
(4953, 283, 5, '5cfa08fbf2ec54437802', 8, '21', 'NULL', NULL, 1, '2019-06-07 16:37:33', NULL),
(4954, 284, 5, '5cfa87bdb412e4985964', 8, '23', 'NULL', NULL, NULL, '2019-06-07 18:51:01', NULL),
(4955, 284, 5, '5cfa87bdb412e4985964', 15, '5', 'NULL', NULL, 1, '2019-06-07 18:51:12', NULL),
(4956, 284, 5, '5cfa87bdb412e4985964', 16, '5', 'NULL', NULL, 1, '2019-06-07 18:51:32', NULL),
(4957, 284, 5, '5cfa87bdb412e4985964', 18, '45', 'NULL', NULL, 1, '2019-06-07 18:51:48', NULL),
(4958, 284, 5, '5cfa87bdb412e4985964', 20, '51', 'NULL', NULL, NULL, '2019-06-07 18:51:59', NULL),
(4959, 284, 5, '5cfa87bdb412e4985964', 21, '5', 'NULL', NULL, 1, '2019-06-07 18:52:23', NULL),
(4960, 284, 5, '5cfa87bdb412e4985964', 22, '55', 'NULL', NULL, NULL, '2019-06-07 18:52:55', NULL),
(4961, 285, 6, '5cf97478c4dd05468746', 8, '21', 'NULL', NULL, 1, '2019-06-07 23:41:56', NULL),
(4962, 285, 6, '5cf97478c4dd05468746', 15, '5', 'NULL', NULL, 1, '2019-06-07 23:42:05', NULL),
(4963, 285, 6, '5cf97478c4dd05468746', 16, '5', 'NULL', NULL, 1, '2019-06-07 23:42:14', NULL),
(4964, 285, 6, '5cf97478c4dd05468746', 18, '45', 'NULL', NULL, 1, '2019-06-07 23:42:26', NULL),
(4965, 285, 6, '5cf97478c4dd05468746', 20, '50', 'NULL', NULL, 1, '2019-06-07 23:42:39', NULL),
(4966, 285, 6, '5cf97478c4dd05468746', 21, '5', 'NULL', NULL, 1, '2019-06-07 23:42:50', NULL),
(4967, 285, 6, '5cf97478c4dd05468746', 22, '56', 'NULL', NULL, 1, '2019-06-07 23:43:07', NULL),
(4968, 285, 6, '5cf97478c4dd05468746', 23, '57', 'NULL', NULL, 1, '2019-06-07 23:46:26', NULL),
(4969, 286, 6, '5cfacd60eb2664755459', 8, '21', 'NULL', NULL, 1, '2019-06-07 23:47:37', NULL),
(4970, 286, 6, '5cfacd60eb2664755459', 15, '5', 'NULL', NULL, 1, '2019-06-07 23:47:44', NULL),
(4971, 286, 6, '5cfacd60eb2664755459', 16, '5', 'NULL', NULL, 1, '2019-06-07 23:47:48', NULL),
(4972, 286, 6, '5cfacd60eb2664755459', 18, '45', 'NULL', NULL, 1, '2019-06-07 23:47:52', NULL),
(4973, 286, 6, '5cfacd60eb2664755459', 20, '50', 'NULL', NULL, 1, '2019-06-07 23:47:58', NULL),
(4974, 286, 6, '5cfacd60eb2664755459', 21, '5', 'NULL', NULL, 1, '2019-06-07 23:48:02', NULL),
(4975, 287, 6, '5cface34ad8f95873787', 8, '21', 'NULL', NULL, 1, '2019-06-07 23:52:07', NULL),
(4976, 287, 6, '5cface34ad8f95873787', 15, '5', 'NULL', NULL, 1, '2019-06-07 23:52:15', NULL),
(4977, 287, 6, '5cface34ad8f95873787', 16, '5', 'NULL', NULL, 1, '2019-06-07 23:52:21', NULL),
(4978, 287, 6, '5cface34ad8f95873787', 18, '45', 'NULL', NULL, 1, '2019-06-07 23:52:31', NULL),
(4979, 287, 6, '5cface34ad8f95873787', 20, '50', 'NULL', NULL, 1, '2019-06-07 23:52:35', NULL),
(4980, 287, 6, '5cface34ad8f95873787', 21, '5', 'NULL', NULL, 1, '2019-06-07 23:52:40', NULL),
(4981, 287, 6, '5cface34ad8f95873787', 22, '56', 'NULL', NULL, 1, '2019-06-07 23:52:47', NULL),
(4982, 287, 6, '5cface34ad8f95873787', 23, '57', 'NULL', NULL, 1, '2019-06-07 23:52:53', NULL),
(4983, 287, 6, '5cface34ad8f95873787', 24, '61', 'NULL', NULL, 1, '2019-06-07 23:53:01', NULL),
(4984, 287, 6, '5cface34ad8f95873787', 27, '71', 'NULL', NULL, 1, '2019-06-07 23:53:11', NULL),
(4985, 287, 6, '5cface34ad8f95873787', 29, '79, 78', 'NULL', NULL, 1, '2019-06-07 23:53:20', NULL),
(4986, 287, 6, '5cface34ad8f95873787', 30, '82', 'NULL', NULL, 1, '2019-06-07 23:53:29', NULL),
(4987, 287, 6, '5cface34ad8f95873787', 31, '6', 'NULL', NULL, 1, '2019-06-07 23:53:33', NULL),
(4988, 287, 6, '5cface34ad8f95873787', 34, '90', 'NULL', NULL, 1, '2019-06-07 23:53:39', NULL),
(4989, 287, 6, '5cface34ad8f95873787', 36, '5', 'NULL', NULL, 1, '2019-06-07 23:53:48', NULL),
(4990, 287, 6, '5cface34ad8f95873787', 38, '96, 97', 'NULL', NULL, 1, '2019-06-07 23:53:56', NULL),
(4991, 287, 6, '5cface34ad8f95873787', 40, '100', 'NULL', NULL, 1, '2019-06-07 23:54:03', NULL),
(4992, 287, 6, '5cface34ad8f95873787', 44, '6', 'NULL', NULL, 1, '2019-06-07 23:54:09', NULL),
(4993, 287, 6, '5cface34ad8f95873787', 46, '5', 'NULL', NULL, 1, '2019-06-07 23:54:20', NULL),
(4994, 287, 6, '5cface34ad8f95873787', 47, '6', 'NULL', NULL, 1, '2019-06-07 23:54:28', NULL),
(4995, 287, 6, '5cface34ad8f95873787', 48, '113', 'NULL', NULL, 1, '2019-06-07 23:54:38', NULL),
(4996, 287, 6, '5cface34ad8f95873787', 49, '117', 'NULL', NULL, 1, '2019-06-07 23:54:49', NULL),
(4997, 287, 6, '5cface34ad8f95873787', 50, '121', 'NULL', NULL, 1, '2019-06-07 23:55:03', NULL),
(4998, 287, 6, '5cface34ad8f95873787', 53, '131, 133', 'NULL', NULL, 1, '2019-06-07 23:55:10', NULL),
(4999, 287, 6, '5cface34ad8f95873787', 55, '145, 141', 'NULL', NULL, 1, '2019-06-07 23:55:20', NULL),
(5000, 287, 6, '5cface34ad8f95873787', 58, '160', 'NULL', NULL, 1, '2019-06-07 23:55:34', NULL),
(5001, 287, 6, '5cface34ad8f95873787', 60, '172, 171, 169, 167, 168, 170', 'NULL', NULL, 1, '2019-06-07 23:55:48', NULL),
(5002, 287, 6, '5cfad0be28222', 8, '21', 'NULL', NULL, 1, '2019-06-08 00:02:06', NULL),
(5003, 287, 6, '5cfad0be28222', 15, '5', 'NULL', NULL, 1, '2019-06-08 00:02:14', NULL),
(5004, 287, 6, '5cfad0be28222', 16, '5', 'NULL', NULL, 1, '2019-06-08 00:02:19', NULL),
(5005, 287, 6, '5cfad0be28222', 18, '45', 'NULL', NULL, 1, '2019-06-08 00:02:29', NULL),
(5006, 287, 6, '5cfad0be28222', 20, '50', 'NULL', NULL, 1, '2019-06-08 00:05:45', NULL),
(5007, 288, 6, '5cfad1d842b1e5543895', 8, '21', 'NULL', NULL, 1, '2019-06-08 00:06:47', NULL),
(5008, 288, 6, '5cfad1d842b1e5543895', 15, '5', 'NULL', NULL, 1, '2019-06-08 00:06:55', NULL),
(5009, 288, 6, '5cfad1d842b1e5543895', 16, '5', 'NULL', NULL, 1, '2019-06-08 00:07:01', NULL),
(5010, 288, 6, '5cfad1d842b1e5543895', 18, '45', 'NULL', NULL, 1, '2019-06-08 00:07:09', NULL),
(5011, 288, 6, '5cfad1d842b1e5543895', 20, '50', 'NULL', NULL, 1, '2019-06-08 00:07:17', NULL),
(5012, 288, 6, '5cfad1d842b1e5543895', 21, '5', 'NULL', NULL, 1, '2019-06-08 00:07:22', NULL),
(5013, 288, 6, '5cfad1d842b1e5543895', 22, '56', 'NULL', NULL, 1, '2019-06-08 00:07:31', NULL),
(5014, 288, 6, '5cfad1d842b1e5543895', 23, '57', 'NULL', NULL, 1, '2019-06-08 00:07:43', NULL),
(5015, 288, 6, '5cfad1d842b1e5543895', 24, '61', 'NULL', NULL, 1, '2019-06-08 00:07:53', NULL),
(5016, 288, 6, '5cfad1d842b1e5543895', 27, '71', 'NULL', NULL, 1, '2019-06-08 00:08:02', NULL),
(5017, 288, 6, '5cfad1d842b1e5543895', 29, '79, 78', 'NULL', NULL, 1, '2019-06-08 00:08:12', NULL),
(5018, 288, 6, '5cfad1d842b1e5543895', 30, '82', 'NULL', NULL, 1, '2019-06-08 00:08:18', NULL),
(5019, 288, 6, '5cfad1d842b1e5543895', 31, '6', 'NULL', NULL, 1, '2019-06-08 00:08:25', NULL),
(5020, 288, 6, '5cfad1d842b1e5543895', 34, '90', 'NULL', NULL, 1, '2019-06-08 00:08:30', NULL),
(5021, 288, 6, '5cfad1d842b1e5543895', 36, '5', 'NULL', NULL, 1, '2019-06-08 00:08:37', NULL),
(5022, 288, 6, '5cfad1d842b1e5543895', 38, '96, 97', 'NULL', NULL, 1, '2019-06-08 00:08:45', NULL),
(5023, 288, 6, '5cfad1d842b1e5543895', 40, '100', 'NULL', NULL, 1, '2019-06-08 00:08:50', NULL),
(5024, 288, 6, '5cfad1d842b1e5543895', 44, '6', 'NULL', NULL, 1, '2019-06-08 00:08:58', NULL),
(5025, 288, 6, '5cfad1d842b1e5543895', 46, '5', 'NULL', NULL, 1, '2019-06-08 00:09:05', NULL),
(5026, 288, 6, '5cfad1d842b1e5543895', 47, '6', 'NULL', NULL, 1, '2019-06-08 00:09:12', NULL),
(5027, 288, 6, '5cfad1d842b1e5543895', 48, '113', 'NULL', NULL, 1, '2019-06-08 00:09:24', NULL),
(5028, 288, 6, '5cfad1d842b1e5543895', 49, '117', 'NULL', NULL, 1, '2019-06-08 00:09:30', NULL),
(5029, 288, 6, '5cfad1d842b1e5543895', 50, '121', 'NULL', NULL, 1, '2019-06-08 00:09:34', NULL),
(5030, 288, 6, '5cfad1d842b1e5543895', 53, '133, 131', 'NULL', NULL, 1, '2019-06-08 00:09:41', NULL),
(5031, 288, 6, '5cfad1d842b1e5543895', 55, '145, 141', 'NULL', NULL, 1, '2019-06-08 00:09:52', NULL),
(5032, 288, 6, '5cfad1d842b1e5543895', 58, '160', 'NULL', NULL, 1, '2019-06-08 00:10:00', NULL),
(5033, 288, 6, '5cfad1d842b1e5543895', 60, '167, 171, 168, 172, 169, 170', 'NULL', NULL, 1, '2019-06-08 00:10:14', NULL),
(5034, 288, 6, '5cfad1d842b1e5543895', 65, '185', 'NULL', NULL, 1, '2019-06-08 00:10:25', NULL),
(5035, 288, 6, '5cfad1d842b1e5543895', 66, '188', 'NULL', NULL, 1, '2019-06-08 00:10:52', NULL),
(5036, 288, 6, '5cfad1d842b1e5543895', 67, '191', 'NULL', NULL, 1, '2019-06-08 00:11:03', NULL),
(5037, 289, 5, '5cfc0e970fcd93983835', 8, '21', 'NULL', NULL, 1, '2019-06-08 22:40:11', NULL),
(5038, 289, 5, '5cfc0e970fcd93983835', 15, '41', 'NULL', NULL, NULL, '2019-06-08 22:40:36', NULL),
(5039, 289, 5, '5cfc0e970fcd93983835', 16, '5', 'NULL', NULL, 1, '2019-06-08 22:40:48', NULL),
(5040, 289, 5, '5cfc0e970fcd93983835', 18, '45', 'NULL', NULL, 1, '2019-06-08 22:41:00', NULL),
(5041, 289, 5, '5cfc0e970fcd93983835', 20, '49', 'NULL', NULL, NULL, '2019-06-08 22:41:20', NULL),
(5042, 289, 5, '5cfc0e970fcd93983835', 21, '5', 'NULL', NULL, 1, '2019-06-08 22:41:46', NULL),
(5043, 289, 5, '5cfc0e970fcd93983835', 22, '54', 'NULL', NULL, NULL, '2019-06-08 22:42:03', NULL),
(5044, 289, 5, '5cfc0e970fcd93983835', 23, '58', 'NULL', NULL, NULL, '2019-06-08 22:42:28', NULL),
(5045, 289, 5, '5cfc0e970fcd93983835', 24, '62', 'NULL', NULL, NULL, '2019-06-08 22:42:47', NULL),
(5046, 289, 5, '5cfc0e970fcd93983835', 27, '70', 'NULL', NULL, NULL, '2019-06-08 22:43:03', NULL),
(5047, 289, 5, '5cfc0e970fcd93983835', 15, '5', 'NULL', NULL, 1, '2019-06-08 22:43:34', NULL),
(5048, 289, 5, '5cfc0e970fcd93983835', 20, '51', 'NULL', NULL, NULL, '2019-06-08 22:43:41', NULL),
(5049, 289, 5, '5cfc0e970fcd93983835', 20, '50', 'NULL', NULL, 1, '2019-06-08 22:43:44', NULL),
(5050, 289, 5, '5cfc0e970fcd93983835', 22, '55', 'NULL', NULL, NULL, '2019-06-08 22:43:49', NULL),
(5051, 289, 5, '5cfc0e970fcd93983835', 22, '56', 'NULL', NULL, 1, '2019-06-08 22:43:53', NULL),
(5052, 289, 5, '5cfc0e970fcd93983835', 23, '57', 'NULL', NULL, 1, '2019-06-08 22:43:59', NULL),
(5053, 289, 5, '5cfc0e970fcd93983835', 24, '59', 'NULL', NULL, NULL, '2019-06-08 22:44:08', NULL),
(5054, 289, 5, '5cfc0e970fcd93983835', 24, '59', 'NULL', NULL, NULL, '2019-06-08 22:44:14', NULL),
(5055, 289, 5, '5cfc0e970fcd93983835', 24, '61', 'NULL', NULL, 1, '2019-06-08 22:44:17', NULL),
(5056, 289, 5, '5cfc0e970fcd93983835', 27, '72', 'NULL', NULL, NULL, '2019-06-08 22:44:28', NULL),
(5057, 289, 5, '5cfc0e970fcd93983835', 27, '71', 'NULL', NULL, 1, '2019-06-08 22:44:39', NULL),
(5058, 290, 5, '5cfca064ccfae3559275', 8, '21', 'NULL', NULL, 1, '2019-06-09 09:00:20', NULL),
(5059, 290, 5, '5cfca064ccfae3559275', 15, '5', 'NULL', NULL, 1, '2019-06-09 09:00:28', NULL),
(5060, 290, 5, '5cfca064ccfae3559275', 16, '5', 'NULL', NULL, 1, '2019-06-09 09:00:35', NULL),
(5061, 290, 5, '5cfca064ccfae3559275', 18, '45', 'NULL', NULL, 1, '2019-06-09 09:00:43', NULL),
(5062, 290, 5, '5cfca064ccfae3559275', 20, '50', 'NULL', NULL, 1, '2019-06-09 09:00:57', NULL),
(5063, 290, 5, '5cfca064ccfae3559275', 21, '53', 'NULL', NULL, NULL, '2019-06-09 09:01:09', NULL),
(5064, 290, 5, '5cfca064ccfae3559275', 22, '55', 'NULL', NULL, NULL, '2019-06-09 09:01:18', NULL),
(5065, 290, 5, '5cfca064ccfae3559275', 23, '57', 'NULL', NULL, 1, '2019-06-09 09:01:25', NULL),
(5066, 290, 5, '5cfca064ccfae3559275', 24, '61', 'NULL', NULL, 1, '2019-06-09 09:01:33', NULL),
(5067, 290, 5, '5cfca064ccfae3559275', 27, '72', 'NULL', NULL, NULL, '2019-06-09 09:01:45', NULL),
(5068, 290, 5, '5cfca064ccfae3559275', 21, '5', 'NULL', NULL, 1, '2019-06-09 09:02:01', NULL),
(5069, 290, 5, '5cfca064ccfae3559275', 22, '56', 'NULL', NULL, 1, '2019-06-09 09:02:06', NULL),
(5070, 290, 5, '5cfca064ccfae3559275', 27, '71', 'NULL', NULL, 1, '2019-06-09 09:02:16', NULL),
(5071, 290, 5, '5cfca064ccfae3559275', 29, '78', 'NULL', NULL, NULL, '2019-06-09 09:02:29', NULL),
(5072, 291, 5, '5cfc9c35639308064308', 8, '23', 'NULL', NULL, NULL, '2019-06-09 11:03:26', NULL),
(5073, 291, 5, '5cfc9c35639308064308', 15, '5', 'NULL', NULL, 1, '2019-06-09 11:04:05', NULL),
(5074, 291, 5, '5cfc9c35639308064308', 16, '5', 'NULL', NULL, 1, '2019-06-09 11:04:16', NULL),
(5075, 291, 5, '5cfc9c35639308064308', 18, '45', 'NULL', NULL, 1, '2019-06-09 11:04:32', NULL),
(5076, 291, 5, '5cfc9c35639308064308', 20, '51', 'NULL', NULL, NULL, '2019-06-09 11:05:06', NULL),
(5077, 291, 5, '5cfc9c35639308064308', 21, '5', 'NULL', NULL, 1, '2019-06-09 11:05:32', NULL),
(5078, 291, 5, '5cfc9c35639308064308', 22, '56', 'NULL', NULL, 1, '2019-06-09 11:05:43', NULL),
(5079, 291, 5, '5cfc9c35639308064308', 23, '58', 'NULL', NULL, NULL, '2019-06-09 11:06:13', NULL),
(5080, 291, 5, '5cfc9c35639308064308', 24, '60', 'NULL', NULL, NULL, '2019-06-09 11:06:33', NULL),
(5081, 291, 5, '5cfc9c35639308064308', 27, '71', 'NULL', NULL, 1, '2019-06-09 11:06:52', NULL),
(5082, 291, 5, '5cfc9c35639308064308', 8, '23', 'NULL', NULL, NULL, '2019-06-09 11:07:34', NULL),
(5083, 291, 5, '5cfc9c35639308064308', 8, '22', 'NULL', NULL, NULL, '2019-06-09 11:07:47', NULL),
(5084, 291, 5, '5cfc9c35639308064308', 8, '21', 'NULL', NULL, 1, '2019-06-09 11:07:52', NULL),
(5085, 291, 5, '5cfc9c35639308064308', 20, '49', 'NULL', NULL, NULL, '2019-06-09 11:08:08', NULL),
(5086, 291, 5, '5cfc9c35639308064308', 20, '50', 'NULL', NULL, 1, '2019-06-09 11:08:15', NULL),
(5087, 291, 5, '5cfc9c35639308064308', 23, '57', 'NULL', NULL, 1, '2019-06-09 11:08:26', NULL),
(5088, 291, 5, '5cfc9c35639308064308', 24, '59', 'NULL', NULL, NULL, '2019-06-09 11:08:41', NULL),
(5089, 291, 5, '5cfc9c35639308064308', 24, '62', 'NULL', NULL, NULL, '2019-06-09 11:09:03', NULL),
(5090, 291, 5, '5cfc9c35639308064308', 24, '61', 'NULL', NULL, 1, '2019-06-09 11:09:10', NULL),
(5091, 291, 5, '5cfc9c35639308064308', 29, '77', 'NULL', NULL, NULL, '2019-06-09 11:09:25', NULL),
(5092, 291, 5, '5cfc9c35639308064308', 30, '83', 'NULL', NULL, NULL, '2019-06-09 11:10:02', NULL),
(5093, 291, 5, '5cfc9c35639308064308', 31, '6', 'NULL', NULL, 1, '2019-06-09 11:10:32', NULL),
(5094, 291, 5, '5cfc9c35639308064308', 34, '90', 'NULL', NULL, 1, '2019-06-09 11:10:51', NULL),
(5095, 291, 5, '5cfc9c35639308064308', 36, '5', 'NULL', NULL, 1, '2019-06-09 11:11:10', NULL),
(5096, 291, 5, '5cfc9c35639308064308', 38, '6', 'NULL', NULL, NULL, '2019-06-09 11:11:26', NULL),
(5097, 291, 5, '5cfc9c35639308064308', 40, '102', 'NULL', NULL, NULL, '2019-06-09 11:11:46', NULL),
(5098, 291, 5, '5cfc9c35639308064308', 44, '6', 'NULL', NULL, 1, '2019-06-09 11:12:02', NULL),
(5099, 291, 5, '5cfc9c35639308064308', 46, '6', 'NULL', NULL, NULL, '2019-06-09 11:12:13', NULL),
(5100, 291, 5, '5cfc9c35639308064308', 47, '6', 'NULL', NULL, 1, '2019-06-09 11:12:25', NULL),
(5101, 291, 5, '5cfc9c35639308064308', 29, '79', 'NULL', NULL, NULL, '2019-06-09 11:12:51', NULL),
(5102, 291, 5, '5cfc9c35639308064308', 29, '76', 'NULL', NULL, NULL, '2019-06-09 11:12:57', NULL),
(5103, 291, 5, '5cfc9c35639308064308', 29, '78', 'NULL', NULL, NULL, '2019-06-09 11:13:02', NULL),
(5104, 291, 5, '5cfc9c35639308064308', 29, '77', 'NULL', NULL, NULL, '2019-06-09 11:13:11', NULL),
(5105, 291, 5, '5cfc9c35639308064308', 29, '77, 79', 'NULL', NULL, NULL, '2019-06-09 11:13:42', NULL),
(5106, 291, 5, '5cfc9c35639308064308', 29, '77, 79, 78, 76', 'NULL', NULL, NULL, '2019-06-09 11:13:52', NULL),
(5107, 291, 5, '5cfc9c35639308064308', 29, '79, 77', 'NULL', NULL, NULL, '2019-06-09 11:14:25', NULL),
(5108, 291, 5, '5cfc9c35639308064308', 29, '77, 78', 'NULL', NULL, NULL, '2019-06-09 11:14:34', NULL),
(5109, 291, 5, '5cfc9c35639308064308', 29, '79, 77, 78', 'NULL', NULL, NULL, '2019-06-09 11:14:42', NULL),
(5110, 291, 5, '5cfc9c35639308064308', 29, '76, 79, 78', 'NULL', NULL, NULL, '2019-06-09 11:14:56', NULL),
(5111, 291, 5, '5cfc9c35639308064308', 29, '78, 76', 'NULL', NULL, NULL, '2019-06-09 11:15:10', NULL),
(5112, 291, 5, '5cfc9c35639308064308', 29, '78, 79', 'NULL', NULL, 1, '2019-06-09 11:15:43', NULL),
(5113, 291, 5, '5cfc9c35639308064308', 30, '82', 'NULL', NULL, 1, '2019-06-09 11:16:17', NULL),
(5114, 291, 5, '5cfc9c35639308064308', 38, '97', 'NULL', NULL, NULL, '2019-06-09 11:16:33', NULL),
(5115, 291, 5, '5cfc9c35639308064308', 38, '96', 'NULL', NULL, NULL, '2019-06-09 11:16:38', NULL),
(5116, 291, 5, '5cfc9c35639308064308', 38, '97, 96', 'NULL', NULL, 1, '2019-06-09 11:16:54', NULL),
(5117, 291, 5, '5cfc9c35639308064308', 40, '100', 'NULL', NULL, 1, '2019-06-09 11:17:06', NULL),
(5118, 291, 5, '5cfc9c35639308064308', 46, '6', 'NULL', NULL, NULL, '2019-06-09 11:17:17', NULL),
(5119, 291, 5, '5cfc9c35639308064308', 46, '5', 'NULL', NULL, 1, '2019-06-09 11:17:22', NULL),
(5120, 291, 5, '5cfc9c35639308064308', 48, '112', 'NULL', NULL, NULL, '2019-06-09 11:18:10', NULL),
(5121, 291, 5, '5cfc9c35639308064308', 49, '117', 'NULL', NULL, 1, '2019-06-09 11:19:15', NULL),
(5122, 291, 5, '5cfc9c35639308064308', 50, '120', 'NULL', NULL, NULL, '2019-06-09 11:19:35', NULL),
(5123, 291, 5, '5cfc9c35639308064308', 53, '133', 'NULL', NULL, NULL, '2019-06-09 11:19:53', NULL),
(5124, 291, 5, '5cfc9c35639308064308', 55, '145', 'NULL', NULL, NULL, '2019-06-09 11:20:32', NULL),
(5125, 291, 5, '5cfc9c35639308064308', 58, '157', 'NULL', NULL, NULL, '2019-06-09 11:21:55', NULL),
(5126, 291, 5, '5cfc9c35639308064308', 60, '172', 'NULL', NULL, NULL, '2019-06-09 11:22:59', NULL),
(5127, 291, 5, '5cfc9c35639308064308', 65, '5', 'NULL', NULL, NULL, '2019-06-09 11:23:26', NULL),
(5128, 291, 5, '5cfc9c35639308064308', 66, '186', 'NULL', NULL, NULL, '2019-06-09 11:23:52', NULL),
(5129, 291, 5, '5cfc9c35639308064308', 67, '189', 'NULL', NULL, NULL, '2019-06-09 11:24:14', NULL),
(5130, 291, 5, '5cfc9c35639308064308', 48, '113', 'NULL', NULL, 1, '2019-06-09 11:24:31', NULL),
(5131, 291, 5, '5cfc9c35639308064308', 50, '121', 'NULL', NULL, 1, '2019-06-09 11:24:43', NULL),
(5132, 291, 5, '5cfc9c35639308064308', 53, '133, 134', 'NULL', NULL, NULL, '2019-06-09 11:25:26', NULL),
(5133, 291, 5, '5cfc9c35639308064308', 53, '133, 131', 'NULL', NULL, 1, '2019-06-09 11:25:37', NULL),
(5134, 291, 5, '5cfc9c35639308064308', 55, '141, 145', 'NULL', NULL, 1, '2019-06-09 11:26:15', NULL),
(5135, 291, 5, '5cfc9c35639308064308', 58, '160', 'NULL', NULL, 1, '2019-06-09 11:26:31', NULL),
(5136, 291, 5, '5cfc9c35639308064308', 60, '167, 169', 'NULL', NULL, NULL, '2019-06-09 11:27:47', NULL),
(5137, 291, 5, '5cfc9c35639308064308', 60, '170, 167, 169', 'NULL', NULL, NULL, '2019-06-09 11:28:14', NULL),
(5138, 291, 5, '5cfc9c35639308064308', 60, '168, 167', 'NULL', NULL, NULL, '2019-06-09 11:28:38', NULL),
(5139, 291, 5, '5cfc9c35639308064308', 60, '172, 169, 170', 'NULL', NULL, NULL, '2019-06-09 11:29:05', NULL),
(5140, 291, 5, '5cfc9c35639308064308', 60, '167, 171, 169, 168, 170, 172', 'NULL', NULL, 1, '2019-06-09 11:29:34', NULL),
(5141, 291, 5, '5cfc9c35639308064308', 65, '185', 'NULL', NULL, 1, '2019-06-09 11:29:43', NULL),
(5142, 291, 5, '5cfc9c35639308064308', 66, '187', 'NULL', NULL, NULL, '2019-06-09 11:30:08', NULL),
(5143, 291, 5, '5cfc9c35639308064308', 66, '5', 'NULL', NULL, NULL, '2019-06-09 11:30:16', NULL),
(5144, 291, 5, '5cfc9c35639308064308', 66, '188', 'NULL', NULL, 1, '2019-06-09 11:30:25', NULL),
(5145, 291, 5, '5cfc9c35639308064308', 67, '190', 'NULL', NULL, NULL, '2019-06-09 11:31:59', NULL),
(5146, 291, 5, '5cfc9c35639308064308', 67, '191', 'NULL', NULL, 1, '2019-06-09 11:32:14', NULL),
(5147, 292, 6, '5cfd50418a8757679574', 8, '21', 'NULL', NULL, 1, '2019-06-09 21:32:56', NULL),
(5148, 292, 6, '5cfd50418a8757679574', 15, '5', 'NULL', NULL, 1, '2019-06-09 21:33:11', NULL),
(5149, 292, 6, '5cfd50418a8757679574', 16, '5', 'NULL', NULL, 1, '2019-06-09 21:33:20', NULL),
(5150, 292, 6, '5cfd50418a8757679574', 18, '45', 'NULL', NULL, 1, '2019-06-09 21:33:35', NULL),
(5151, 292, 6, '5cfd50418a8757679574', 20, '50', 'NULL', NULL, 1, '2019-06-09 21:33:42', NULL),
(5152, 292, 6, '5cfd50418a8757679574', 21, '5', 'NULL', NULL, 1, '2019-06-09 21:33:50', NULL),
(5153, 292, 6, '5cfd50418a8757679574', 22, '56', 'NULL', NULL, 1, '2019-06-09 21:34:52', NULL);
INSERT INTO `usr_answer` (`ID`, `ID_USER`, `ID_ACTION`, `PLAY_KEY`, `ID_QUESTION`, `ANSWER`, `INFO`, `SCALE_VALUE`, `IS_TRUE`, `DT_INSERTED`, `DT_MODIFIED`) VALUES
(5154, 292, 6, '5cfd50418a8757679574', 23, '58', 'NULL', NULL, NULL, '2019-06-09 21:35:00', NULL),
(5155, 150, 6, '5cf4389f2fc112389041', 8, '23', 'NULL', NULL, NULL, '2019-06-10 15:32:37', NULL),
(5156, 150, 6, '5cf4389f2fc112389041', 15, '5', 'NULL', NULL, 1, '2019-06-10 15:32:51', NULL),
(5157, 150, 6, '5cf4389f2fc112389041', 16, '5', 'NULL', NULL, 1, '2019-06-10 15:33:59', NULL),
(5158, 150, 6, '5cf4389f2fc112389041', 18, '45', 'NULL', NULL, 1, '2019-06-10 15:37:12', NULL),
(5159, 292, 6, '5cfd50418a8757679574', 24, '61', 'NULL', NULL, 1, '2019-06-11 18:56:12', NULL),
(5160, 292, 6, '5cfd50418a8757679574', 27, '71', 'NULL', NULL, 1, '2019-06-11 18:56:21', NULL),
(5161, 292, 6, '5cfd50418a8757679574', 23, '57', 'NULL', NULL, 1, '2019-06-11 18:56:40', NULL),
(5162, 292, 6, '5cfd50418a8757679574', 29, '76, 79', 'NULL', NULL, NULL, '2019-06-11 18:57:12', NULL),
(5163, 292, 6, '5cfd50418a8757679574', 30, '82', 'NULL', NULL, 1, '2019-06-11 19:04:56', NULL),
(5164, 292, 6, '5cfd50418a8757679574', 31, '6', 'NULL', NULL, 1, '2019-06-11 19:06:06', NULL),
(5165, 292, 6, '5cfd50418a8757679574', 34, '90', 'NULL', NULL, 1, '2019-06-11 19:08:05', NULL),
(5166, 292, 6, '5cfd50418a8757679574', 36, '5', 'NULL', NULL, 1, '2019-06-11 19:09:21', NULL),
(5167, 292, 6, '5cfd50418a8757679574', 38, '6', 'NULL', NULL, NULL, '2019-06-11 19:09:51', NULL),
(5168, 292, 6, '5cfd50418a8757679574', 40, '100', 'NULL', NULL, 1, '2019-06-11 19:10:37', NULL),
(5169, 292, 6, '5cfd50418a8757679574', 44, '6', 'NULL', NULL, 1, '2019-06-11 19:12:02', NULL),
(5170, 292, 6, '5cfd50418a8757679574', 46, '5', 'NULL', NULL, 1, '2019-06-11 19:13:16', NULL),
(5171, 292, 6, '5cfd50418a8757679574', 47, '6', 'NULL', NULL, 1, '2019-06-11 19:13:38', NULL),
(5172, 292, 6, '5cfd50418a8757679574', 29, '79, 77', 'NULL', NULL, NULL, '2019-06-11 19:14:06', NULL),
(5173, 292, 6, '5cfd50418a8757679574', 29, '79, 77', 'NULL', NULL, NULL, '2019-06-11 19:14:21', NULL),
(5174, 292, 6, '5cfd50418a8757679574', 29, '78, 79', 'NULL', NULL, 1, '2019-06-11 19:14:27', NULL),
(5175, 292, 6, '5cfd50418a8757679574', 38, '96', 'NULL', NULL, NULL, '2019-06-11 19:14:37', NULL),
(5176, 292, 6, '5cfd50418a8757679574', 38, '96', 'NULL', NULL, NULL, '2019-06-11 19:14:42', NULL),
(5177, 292, 6, '5cfd50418a8757679574', 38, '97', 'NULL', NULL, NULL, '2019-06-11 19:14:47', NULL),
(5178, 292, 6, '5cfd50418a8757679574', 38, '6', 'NULL', NULL, NULL, '2019-06-11 19:14:51', NULL),
(5179, 292, 6, '5cfd50418a8757679574', 38, '97, 96', 'NULL', NULL, 1, '2019-06-11 19:14:58', NULL),
(5180, 292, 6, '5cfd50418a8757679574', 48, '113', 'NULL', NULL, 1, '2019-06-11 19:15:12', NULL),
(5181, 292, 6, '5cfd50418a8757679574', 49, '117', 'NULL', NULL, 1, '2019-06-11 19:15:19', NULL),
(5182, 292, 6, '5cfd50418a8757679574', 50, '121', 'NULL', NULL, 1, '2019-06-11 19:16:14', NULL),
(5183, 292, 6, '5cfd50418a8757679574', 53, '133, 131, 132', 'NULL', NULL, NULL, '2019-06-11 19:18:07', NULL),
(5184, 292, 6, '5cfd50418a8757679574', 55, '143, 145, 141', 'NULL', NULL, NULL, '2019-06-11 19:18:20', NULL),
(5185, 292, 6, '5cfd50418a8757679574', 58, '161', 'NULL', NULL, NULL, '2019-06-11 19:18:29', NULL),
(5186, 292, 6, '5cfd50418a8757679574', 60, '167, 172, 170, 169', 'NULL', NULL, NULL, '2019-06-11 19:18:42', NULL),
(5187, 292, 6, '5cfd50418a8757679574', 65, '185', 'NULL', NULL, 1, '2019-06-11 19:19:11', NULL),
(5188, 292, 6, '5cfd50418a8757679574', 66, '187', 'NULL', NULL, NULL, '2019-06-11 19:20:32', NULL),
(5189, 293, 6, '5d0272fdae2447754783', 8, '21', 'NULL', NULL, 1, '2019-06-13 19:01:17', NULL),
(5190, 293, 6, '5d0272fdae2447754783', 15, '5', 'NULL', NULL, 1, '2019-06-13 19:01:29', NULL),
(5191, 293, 6, '5d0272fdae2447754783', 16, '5', 'NULL', NULL, 1, '2019-06-13 19:01:37', NULL),
(5192, 293, 6, '5d0272fdae2447754783', 18, '46', 'NULL', NULL, NULL, '2019-06-13 19:01:56', NULL),
(5193, 293, 6, '5d0272fdae2447754783', 20, '51', 'NULL', NULL, NULL, '2019-06-13 19:02:33', NULL),
(5194, 293, 6, '5d0272fdae2447754783', 21, '5', 'NULL', NULL, 1, '2019-06-13 19:02:46', NULL),
(5195, 293, 6, '5d0272fdae2447754783', 22, '55', 'NULL', NULL, NULL, '2019-06-13 19:03:00', NULL),
(5196, 293, 6, '5d0272fdae2447754783', 23, '57', 'NULL', NULL, 1, '2019-06-13 19:03:53', NULL),
(5197, 293, 6, '5d0272fdae2447754783', 24, '61', 'NULL', NULL, 1, '2019-06-13 19:05:10', NULL),
(5198, 293, 6, '5d0272fdae2447754783', 27, '70', 'NULL', NULL, NULL, '2019-06-13 19:05:21', NULL),
(5199, 293, 6, '5d0272fdae2447754783', 18, '45', 'NULL', NULL, 1, '2019-06-13 19:05:30', NULL),
(5200, 282, 6, '5cf7400ca7eac9490956', 15, '5', 'NULL', NULL, 1, '2019-06-14 09:14:03', NULL),
(5201, 282, 6, '5cf7400ca7eac9490956', 16, '5', 'NULL', NULL, 1, '2019-06-14 09:14:16', NULL);

-- --------------------------------------------------------

--
-- Структура таблицы `usr_login`
--

CREATE TABLE IF NOT EXISTS `usr_login` (
  `ID_USER` int(11) NOT NULL,
  `IP_USER` varchar(255) DEFAULT NULL COMMENT 'технический идентифкатор неавторизованного юзера',
  `LOGIN` varchar(255) DEFAULT NULL,
  `MAIL` varchar(255) DEFAULT NULL,
  `ROLE` varchar(255) DEFAULT NULL,
  `FIO` varchar(255) DEFAULT NULL,
  `PASS` varchar(255) DEFAULT NULL,
  `LAST_SESSION_ID` varchar(255) DEFAULT NULL,
  `LAST_SESSION_DT` datetime DEFAULT NULL,
  `LAST_SESSION_DEVICE` varchar(255) DEFAULT NULL,
  `LAST_SESSION_GPS` varchar(255) DEFAULT NULL,
  `DT_INSERTED` datetime DEFAULT CURRENT_TIMESTAMP,
  `DT_MODIFIED` datetime DEFAULT NULL ON UPDATE CURRENT_TIMESTAMP
) ENGINE=InnoDB AUTO_INCREMENT=294 DEFAULT CHARSET=utf8;

--
-- Дамп данных таблицы `usr_login`
--

INSERT INTO `usr_login` (`ID_USER`, `IP_USER`, `LOGIN`, `MAIL`, `ROLE`, `FIO`, `PASS`, `LAST_SESSION_ID`, `LAST_SESSION_DT`, `LAST_SESSION_DEVICE`, `LAST_SESSION_GPS`, `DT_INSERTED`, `DT_MODIFIED`) VALUES
(1, NULL, 'count', 'ivreshetov@mail.ru', NULL, NULL, NULL, '09lp8mnr2p67p6t7pihru4dd4g', NULL, NULL, NULL, '2019-05-10 13:27:38', '2019-05-10 14:38:16'),
(141, '46.188.121.65', NULL, 'do-mu@yandex.ru', NULL, NULL, NULL, 'no8tk0lj714r1mug0t6qb1ck14', NULL, NULL, NULL, '2019-05-10 23:09:22', '2019-05-10 23:51:14'),
(142, '213.87.155.94', NULL, NULL, NULL, NULL, NULL, 'psjc8uj9cah53orfnsc0dtfi54', NULL, NULL, NULL, '2019-05-11 00:54:11', NULL),
(143, '213.87.160.122', NULL, 'ivreshetov@mail.ru', NULL, NULL, NULL, 'i75bbnbs1hslfjmfbj7e0gka73', NULL, NULL, NULL, '2019-05-11 01:56:08', '2019-05-11 02:37:46'),
(144, '46.146.16.73', NULL, NULL, NULL, NULL, NULL, 'vsbqv0gafa521sjir9q19dgig7', NULL, NULL, NULL, '2019-05-11 10:11:31', NULL),
(145, '2a02:2168:8422:c200:60c1:e5a7:6e43:5033', NULL, NULL, NULL, NULL, NULL, '8abrn3jinj1gt38u9ke8nddsv4', NULL, NULL, NULL, '2019-05-11 11:05:00', NULL),
(146, '2a02:2168:8422:c200:1846:d74:accd:ee5', NULL, NULL, NULL, NULL, NULL, 'jo51m29d7lujn3fis4pctr81c5', NULL, NULL, NULL, '2019-05-11 14:29:34', NULL),
(147, '193.31.192.243', NULL, 'ryv1983@mail.ru', NULL, NULL, NULL, 'mq6n94d1279nv1506rht4vumv6', NULL, NULL, NULL, '2019-05-11 20:52:03', '2019-05-13 11:50:12'),
(148, '2a02:2168:8422:c200:1846:d74:accd:ee5', NULL, 'anutaresh@mail.ru', NULL, NULL, NULL, '4vu75451ism0152ilnugkvuq32', NULL, NULL, NULL, '2019-05-11 21:44:47', '2019-05-11 22:00:36'),
(149, '2a02:2168:8422:c200:1846:d74:accd:ee5', NULL, NULL, NULL, NULL, NULL, 't643jug9080fadqi3d56i03l95', NULL, NULL, NULL, '2019-05-11 22:06:47', NULL),
(150, '46.188.121.64', NULL, NULL, NULL, NULL, NULL, 'd1plqm3bqspp3o2n84itgl1v15', NULL, NULL, NULL, '2019-05-11 23:17:37', NULL),
(151, '37.19.76.111', NULL, 'Palaguta1977@inbox.ru', NULL, NULL, NULL, '6j7gacibcec79nu6vc5anavcg7', NULL, NULL, NULL, '2019-05-11 23:23:45', '2019-05-29 09:08:54'),
(152, '213.87.136.103', NULL, NULL, NULL, NULL, NULL, 'h1lcr2ohav4p2n5i590o71jb24', NULL, NULL, NULL, '2019-05-11 23:27:28', NULL),
(153, '46.188.121.64', NULL, NULL, NULL, NULL, NULL, 'mmfiii1uums15mqj5cvg2ahao0', NULL, NULL, NULL, '2019-05-11 23:31:36', NULL),
(154, '193.31.192.243', NULL, NULL, NULL, NULL, NULL, 'tabk9fkn5j59ir442eb8qmbds1', NULL, NULL, NULL, '2019-05-11 23:32:19', NULL),
(155, '213.87.128.11', NULL, NULL, NULL, NULL, NULL, 'gv4b8oncfbv0cpvhipkd18a1j5', NULL, NULL, NULL, '2019-05-12 05:07:46', NULL),
(156, '2a02:6b8:0:1495::1:5', NULL, NULL, NULL, NULL, NULL, '29ql6l473d3k26lkuga2g90rp2', NULL, NULL, NULL, '2019-05-12 08:20:58', NULL),
(157, '82.77.92.194', NULL, NULL, NULL, NULL, NULL, '60rrm8amgme65hgv039e3huic5', NULL, NULL, NULL, '2019-05-12 08:58:45', NULL),
(158, '5.18.197.169', NULL, NULL, NULL, NULL, NULL, 'vpeb7cmb549cd49pr29gi2brm5', NULL, NULL, NULL, '2019-05-12 10:57:40', NULL),
(159, '2.93.161.100', NULL, NULL, NULL, NULL, NULL, 'sh5kin68v7ojul1n6ildd39d82', NULL, NULL, NULL, '2019-05-12 13:11:07', NULL),
(160, '213.87.136.103', NULL, 'nikireshetov@gmail.com', NULL, NULL, NULL, 'kt4bebec3v2f3lsejjc52v55a3', NULL, NULL, NULL, '2019-05-12 16:12:57', '2019-05-12 16:17:31'),
(161, '176.59.46.154', NULL, NULL, NULL, NULL, NULL, '533ccu4m0o6q7e5jqk7tb4sdr6', NULL, NULL, NULL, '2019-05-12 18:08:14', NULL),
(162, '37.146.175.184', NULL, NULL, NULL, NULL, NULL, 'dasu7g2h215mvea86r4hhcm960', NULL, NULL, NULL, '2019-05-12 18:08:50', NULL),
(163, '185.79.101.63', NULL, NULL, NULL, NULL, NULL, 'sqmlounhneb9fl9a63oj4ofr22', NULL, NULL, NULL, '2019-05-12 18:09:16', NULL),
(164, '176.15.80.97', NULL, NULL, NULL, NULL, NULL, 'soe52mgupgu5mgm6le39rsa924', NULL, NULL, NULL, '2019-05-12 18:10:34', NULL),
(165, '2a00:1fa0:87d:ac35:ac16:b709:a64a:d952', NULL, NULL, NULL, NULL, NULL, 'sm37imu76u9c40a902cfukhj66', NULL, NULL, NULL, '2019-05-12 18:13:37', NULL),
(166, '45.33.136.26', NULL, NULL, NULL, NULL, NULL, '1a9scmj9hqvrc7fo901g40grh1', NULL, NULL, NULL, '2019-05-12 18:14:55', NULL),
(167, '31.173.103.45', NULL, NULL, NULL, NULL, NULL, 'vtmi6inh0d4ca273o97p42ghu1', NULL, NULL, NULL, '2019-05-12 19:34:51', NULL),
(168, '188.26.248.212', NULL, NULL, NULL, NULL, NULL, 'u2ql8dntvonmn3ah7j5a2tn9q0', NULL, NULL, NULL, '2019-05-12 21:30:04', NULL),
(169, '185.13.112.24', NULL, NULL, NULL, NULL, NULL, 'fkl3uaebnijgdaq319n3s84gs2', NULL, NULL, NULL, '2019-05-12 21:56:11', NULL),
(170, '213.87.159.158', NULL, NULL, NULL, NULL, NULL, 'fe6o7rpuo4ms7eik3gisqsjpe3', NULL, NULL, NULL, '2019-05-12 22:29:39', NULL),
(171, '81.200.23.34', NULL, NULL, NULL, NULL, NULL, '2c4i1q01oorols6hulq8apfco1', NULL, NULL, NULL, '2019-05-12 22:38:19', NULL),
(172, '37.110.132.231', NULL, NULL, NULL, NULL, NULL, '1q5f5s71j0h202dftagmubo763', NULL, NULL, NULL, '2019-05-12 22:52:19', NULL),
(173, '91.76.40.63', NULL, NULL, NULL, NULL, NULL, '3grvf09rtj13lq83lvn75fn3s7', NULL, NULL, NULL, '2019-05-12 23:14:35', NULL),
(174, '46.249.0.88', NULL, 'mlcva@yandex.ru', NULL, NULL, NULL, '49rl5tk9qgn5j2ps1j3g5kbfc0', NULL, NULL, NULL, '2019-05-12 23:54:16', '2019-05-15 22:28:09'),
(175, '185.155.18.103', NULL, NULL, NULL, NULL, NULL, 'iukcqpq168bvj443cd94hqe631', NULL, NULL, NULL, '2019-05-13 00:06:22', NULL),
(176, '83.102.169.175', NULL, NULL, NULL, NULL, NULL, 'vi4qjg229getrenvhbdq8p0j03', NULL, NULL, NULL, '2019-05-13 00:08:34', NULL),
(177, '83.220.238.190', NULL, NULL, NULL, NULL, NULL, 'ar781galv3urs6o3h9lj4c6257', NULL, NULL, NULL, '2019-05-13 00:09:35', NULL),
(178, '2a00:1fa0:6ef:5b0e:0:5e:5039:9801', NULL, NULL, NULL, NULL, NULL, 'bk7je3lfadag50vudclmc0ghj2', NULL, NULL, NULL, '2019-05-13 00:10:27', NULL),
(179, '176.59.48.49', NULL, NULL, NULL, NULL, NULL, '1nqg3km6ss2d36qqsatp6t80p5', NULL, NULL, NULL, '2019-05-13 00:10:34', NULL),
(180, '176.59.48.110', NULL, NULL, NULL, NULL, NULL, 'dnchi2301kolfnkkhd13tuhfb0', NULL, NULL, NULL, '2019-05-13 00:18:27', NULL),
(181, '2605:3e80:700:10::a53', NULL, NULL, NULL, NULL, NULL, 'u0htl3pgggnq868rkra0p34l97', NULL, NULL, NULL, '2019-05-13 00:20:03', NULL),
(182, '95.29.101.81', NULL, NULL, NULL, NULL, NULL, 'bn7c37fe84f6e4a8htrfoad4p2', NULL, NULL, NULL, '2019-05-13 00:24:01', NULL),
(183, '95.73.93.153', NULL, NULL, NULL, NULL, NULL, 'fq3v1v7r5ohg0sj393h37bhkc4', NULL, NULL, NULL, '2019-05-13 00:27:02', NULL),
(184, '194.28.28.131', NULL, NULL, NULL, NULL, NULL, 'l878pefjem9ksr13njujepj173', NULL, NULL, NULL, '2019-05-13 00:30:01', NULL),
(185, '46.39.35.1', NULL, NULL, NULL, NULL, NULL, 'rbl36ve4rfkjo2au143kgllr26', NULL, NULL, NULL, '2019-05-13 00:30:57', NULL),
(186, '176.59.34.129', NULL, NULL, NULL, NULL, NULL, 'rrch79jad13m0cvjehh6e247g2', NULL, NULL, NULL, '2019-05-13 00:31:22', NULL),
(187, '109.252.113.178', NULL, NULL, NULL, NULL, NULL, 'g8nrvdu8t56jrbguv6arjddmk0', NULL, NULL, NULL, '2019-05-13 00:41:52', NULL),
(188, '2a02:2168:8422:c200:9826:b8ea:2cf2:504b', NULL, NULL, NULL, NULL, NULL, 'm9smi6anhetg7qsbuc4uo456h0', NULL, NULL, NULL, '2019-05-13 01:12:36', NULL),
(189, '213.87.136.103', NULL, 'reshetovgo@gmail.ru', NULL, NULL, NULL, '5nldf3kmfhlp1ko0kr8a8vca14', NULL, NULL, NULL, '2019-05-13 01:58:49', '2019-05-13 12:17:36'),
(190, '83.234.182.242', NULL, NULL, NULL, NULL, NULL, 'sve3ol8jb9vr5li8b0v5pi3796', NULL, NULL, NULL, '2019-05-13 05:43:51', NULL),
(191, '213.87.160.148', NULL, NULL, NULL, NULL, NULL, 'ojb2d3s2jjfirihaap06th5vl0', NULL, NULL, NULL, '2019-05-13 10:26:20', NULL),
(192, '212.45.4.194', NULL, NULL, NULL, NULL, NULL, 'g840q3cqan2ioh6a0p715bsqn2', NULL, NULL, NULL, '2019-05-13 16:17:22', NULL),
(193, '212.7.239.18', NULL, NULL, NULL, NULL, NULL, '6938qcnk58nl5f8ms5elg8d506', NULL, NULL, NULL, '2019-05-13 16:18:27', NULL),
(194, '213.87.132.202', NULL, NULL, NULL, NULL, NULL, '28tmf16vi0ptbc3fo9ttkq3dp2', NULL, NULL, NULL, '2019-05-13 16:19:59', NULL),
(195, '62.231.11.141', NULL, 'chirkov0210@mail.ru', NULL, NULL, NULL, '1pk0nu8vrq5mdajjoac1hk5d36', NULL, NULL, NULL, '2019-05-13 16:23:57', '2019-05-13 16:51:51'),
(196, '87.239.28.40', NULL, NULL, NULL, NULL, NULL, 'o00iq2e0fuorsvrvr9q5taik65', NULL, NULL, NULL, '2019-05-13 16:24:22', NULL),
(197, '178.215.84.118', NULL, NULL, NULL, NULL, NULL, 'mt2h1649rr9um35g22s3qmh376', NULL, NULL, NULL, '2019-05-13 16:27:51', NULL),
(198, '109.252.99.248', NULL, 'marinapospelova@rambler.ru', NULL, NULL, NULL, 'dlvm44iptp76tn5drhu5c0lop0', NULL, NULL, NULL, '2019-05-14 00:06:56', '2019-05-14 00:23:54'),
(199, '37.11.194.237', NULL, NULL, NULL, NULL, NULL, 'pk9hoki8ucqhec62bbu1mvi1d5', NULL, NULL, NULL, '2019-05-14 00:07:04', NULL),
(200, '5.228.226.7', NULL, NULL, NULL, NULL, NULL, 'hobks482f20i0a9d0hmjs18nu0', NULL, NULL, NULL, '2019-05-14 00:08:20', NULL),
(201, '185.79.103.69', NULL, NULL, NULL, NULL, NULL, '6adcfpc2jdgegahr4a26j9fql2', NULL, NULL, NULL, '2019-05-14 00:10:52', NULL),
(202, '217.118.78.120', NULL, NULL, NULL, NULL, NULL, 'cus7h3so80o5rccr15onpqsj34', NULL, NULL, NULL, '2019-05-14 00:14:51', NULL),
(203, '193.202.91.11', NULL, NULL, NULL, NULL, NULL, 'q528c4on29go3am0saf4il13q1', NULL, NULL, NULL, '2019-05-14 12:59:17', NULL),
(204, '185.79.103.19', NULL, NULL, NULL, NULL, NULL, 'ltst7v3g5ahus256c81k53beb1', NULL, NULL, NULL, '2019-05-14 13:04:30', NULL),
(205, '188.170.195.154', NULL, NULL, NULL, NULL, NULL, '3n5ok88iltegl3jlkbgvpmkub2', NULL, NULL, NULL, '2019-05-14 13:11:05', NULL),
(206, '2a00:1fa2:84cb:897d:b6d:8dcd:6fdf:8521', NULL, NULL, NULL, NULL, NULL, 'qi2unmej02llgfju0oqtbe5647', NULL, NULL, NULL, '2019-05-14 18:35:35', NULL),
(207, '213.208.162.91', NULL, NULL, NULL, NULL, NULL, 'uiqmrdn5cuuiakanda9dl1cqt4', NULL, NULL, NULL, '2019-05-14 19:27:04', NULL),
(208, '91.245.134.154', NULL, NULL, NULL, NULL, NULL, '4r5qvcb55kpfkoo9srnu0b8a93', NULL, NULL, NULL, '2019-05-14 22:29:58', NULL),
(209, '213.87.158.237', NULL, NULL, NULL, NULL, NULL, 'fn2ifhj2hfim6u4h8652qjvvm2', NULL, NULL, NULL, '2019-05-14 22:31:54', NULL),
(210, '109.252.14.125', NULL, NULL, NULL, NULL, NULL, 'lvti3lu3n949r72i7c6g46n8v0', NULL, NULL, NULL, '2019-05-14 22:44:34', NULL),
(211, '46.73.131.165', NULL, NULL, NULL, NULL, NULL, '4524g5ijmo9pot48aa3dvf70m6', NULL, NULL, NULL, '2019-05-14 23:04:28', NULL),
(212, '2a02:2168:8422:c200:4ae:4981:8ba1:93b0', NULL, NULL, NULL, NULL, NULL, 'g416g52fqjntsa75gq2f1nd254', NULL, NULL, NULL, '2019-05-14 23:42:41', NULL),
(213, '193.143.119.229', NULL, NULL, NULL, NULL, NULL, 'secvjs9ddqsor0i845jt4ih381', NULL, NULL, NULL, '2019-05-15 06:26:59', NULL),
(214, '195.209.150.1', NULL, NULL, NULL, NULL, NULL, 'kqj9uadflf94hjq8fjs497rbk2', NULL, NULL, NULL, '2019-05-15 12:42:23', NULL),
(215, '84.47.145.234', NULL, NULL, NULL, NULL, NULL, 'ri65u76m2rk3h4lqoglm29h7b4', NULL, NULL, NULL, '2019-05-15 12:46:07', NULL),
(216, '176.14.48.199', NULL, NULL, NULL, NULL, NULL, 'qpbdi3d8vt6eakcjepl2a6us82', NULL, NULL, NULL, '2019-05-15 12:47:23', NULL),
(217, '185.79.101.132', NULL, NULL, NULL, NULL, NULL, '6ioa5589uf9urogvnbq0a9ihl5', NULL, NULL, NULL, '2019-05-15 13:02:33', NULL),
(218, '185.79.103.100', NULL, NULL, NULL, NULL, NULL, 'g2mdfnba6gpubt9su6ah9balr3', NULL, NULL, NULL, '2019-05-15 14:09:01', NULL),
(219, '85.30.199.184', NULL, NULL, NULL, NULL, NULL, '9h4jnuqfgidoaqfhpu4sivicl6', NULL, NULL, NULL, '2019-05-15 14:48:52', NULL),
(220, '2a00:1370:811d:2e60:f36b:a2e9:f1b3:8356', NULL, NULL, NULL, NULL, NULL, 'rgu261bb9bskcg19pug765ik91', NULL, NULL, NULL, '2019-05-15 14:53:04', NULL),
(221, '37.230.159.50', NULL, NULL, NULL, NULL, NULL, '8p1dnlm94j7b28v6h8damurpi5', NULL, NULL, NULL, '2019-05-15 15:07:34', NULL),
(222, '185.79.101.72', NULL, NULL, NULL, NULL, NULL, 'cnn4cm377hh9355aujm21n4co1', NULL, NULL, NULL, '2019-05-15 15:21:36', NULL),
(223, '213.87.137.69', NULL, NULL, NULL, NULL, NULL, 'prat3qo2hqpotuamo10064uia5', NULL, NULL, NULL, '2019-05-16 10:49:18', NULL),
(224, '176.226.169.16', NULL, NULL, NULL, NULL, NULL, 'eav8k9900gdplv4ach54lgr3q2', NULL, NULL, NULL, '2019-05-16 17:11:06', NULL),
(225, '94.25.230.125', NULL, NULL, NULL, NULL, NULL, 'u51dlc7hhggnhsogeak86esbm4', NULL, NULL, NULL, '2019-05-16 18:13:30', NULL),
(226, '212.46.12.142', NULL, NULL, NULL, NULL, NULL, 'hdhmriqfhrd36v9i1kdtc4h6c1', NULL, NULL, NULL, '2019-05-17 16:03:01', NULL),
(227, '::1', NULL, NULL, NULL, NULL, NULL, 'davap3fmsalrbqhdrkc2rsqftk', NULL, NULL, NULL, '2019-05-17 21:53:35', NULL),
(228, '::1', NULL, NULL, NULL, NULL, NULL, 'revt4bf3jdek99din2u31k2qs9', NULL, NULL, NULL, '2019-05-24 23:30:38', NULL),
(229, '::1', NULL, NULL, NULL, NULL, NULL, 'mg9u03cvaitlgqmnptc26qnrul', NULL, NULL, NULL, '2019-05-25 20:54:53', NULL),
(230, '::1', NULL, 'ivreshetov@mail.ru', NULL, NULL, NULL, '3gvpl8tl2gcom7qn6bmtl18e2d', NULL, NULL, NULL, '2019-05-25 21:12:39', '2019-05-25 22:13:52'),
(231, '::1', NULL, NULL, NULL, NULL, NULL, 'nco5996s1ria7r9b54o2gh29f9', NULL, NULL, NULL, '2019-05-25 21:21:16', NULL),
(232, '::1', NULL, NULL, NULL, NULL, NULL, 'qmkucalviu048akkbpoire9t0b', NULL, NULL, NULL, '2019-05-25 23:16:16', NULL),
(233, '37.110.144.215', NULL, NULL, NULL, NULL, NULL, 's919fvgb16oatol3evj7uk3be0', NULL, NULL, NULL, '2019-05-26 00:51:32', NULL),
(234, '213.87.130.47', NULL, 'Do-my.ru@yandex.ru', NULL, NULL, NULL, '30hi5j7iqqbt3ni7rp8flul4b3', NULL, NULL, NULL, '2019-05-26 01:38:01', '2019-05-26 21:55:43'),
(235, '213.87.130.47', NULL, 'reshetovgo@gmail.com', NULL, NULL, NULL, '8remt87lpfn21380nr4tieijl4', NULL, NULL, NULL, '2019-05-26 08:03:51', '2019-06-05 01:02:35'),
(236, '2a00:1fa0:45c:556f:9e70:b651:6f40:45f9', NULL, NULL, NULL, NULL, NULL, 'dalei2bna31rtipchq3f2ht573', NULL, NULL, NULL, '2019-05-26 08:37:04', NULL),
(237, '213.87.130.47', NULL, NULL, NULL, NULL, NULL, '003sslodh6g7f806kabafbmf16', NULL, NULL, NULL, '2019-05-26 22:36:45', NULL),
(238, '212.34.56.250', NULL, NULL, NULL, NULL, NULL, 'ndn4laro6qsmio79qt8ar1a4l3', NULL, NULL, NULL, '2019-05-27 14:07:29', NULL),
(239, '188.32.176.232', NULL, NULL, NULL, NULL, NULL, 'r8ifc20vvmq0qj2g60vqjecq76', NULL, NULL, NULL, '2019-05-27 21:20:03', NULL),
(240, '37.204.103.16', NULL, NULL, NULL, NULL, NULL, 'cq8cscru33hb39col22u76rot2', NULL, NULL, NULL, '2019-05-27 22:58:19', NULL),
(241, '2a02:2168:846b:5900:2ced:fa00:c7b0:abe1', NULL, NULL, NULL, NULL, NULL, 'qp0gekbhktgpalhtd4c0bcqgb2', NULL, NULL, NULL, '2019-05-28 00:15:12', NULL),
(242, '2a02:2168:846b:5900:2ced:fa00:c7b0:abe1', NULL, NULL, NULL, NULL, NULL, 'pifpg40c7sqkef5bj6a6l4sig4', NULL, NULL, NULL, '2019-05-28 00:21:37', NULL),
(243, '2a02:2168:846b:5900:2ced:fa00:c7b0:abe1', NULL, NULL, NULL, NULL, NULL, 'p0os98k8l4mi1plcadkhc7pue5', NULL, NULL, NULL, '2019-05-28 00:22:28', NULL),
(244, '2a02:2168:846b:5900:2ced:fa00:c7b0:abe1', NULL, NULL, NULL, NULL, NULL, '389hjog0l378pt40rhiecrfqe3', NULL, NULL, NULL, '2019-05-28 00:42:37', NULL),
(245, '2a02:2168:846b:5900:2ced:fa00:c7b0:abe1', NULL, NULL, NULL, NULL, NULL, '8cj8259bkcqm3ru4712ltv9920', NULL, NULL, NULL, '2019-05-28 00:48:37', NULL),
(246, '2a02:2168:846b:5900:2ced:fa00:c7b0:abe1', NULL, NULL, NULL, NULL, NULL, 'mvmamg5km8jvmesbd1i3j2jce2', NULL, NULL, NULL, '2019-05-28 01:04:34', NULL),
(247, '5.164.131.47', NULL, NULL, NULL, NULL, NULL, 'kns9uh07490usvf9l57gbq32b2', NULL, NULL, NULL, '2019-05-28 01:44:40', NULL),
(248, '5.164.131.47', NULL, NULL, NULL, NULL, NULL, '2b333ngf43cvn0ob47fm75f615', NULL, NULL, NULL, '2019-05-28 02:04:09', NULL),
(249, '5.164.131.47', NULL, NULL, NULL, NULL, NULL, '1p0lrnopitj3m5la51otugjkr3', NULL, NULL, NULL, '2019-05-28 02:12:29', NULL),
(250, '2a02:2168:846b:5900:e5f3:2854:e578:7b47', NULL, NULL, NULL, NULL, NULL, 'falmfdgbbde6venvdpavie4en4', NULL, NULL, NULL, '2019-05-28 07:15:05', NULL),
(251, '2a02:2168:846b:5900:e5f3:2854:e578:7b47', NULL, NULL, NULL, NULL, NULL, 'j9h83m76v8ds7nrt30dbu4r1t5', NULL, NULL, NULL, '2019-05-28 07:20:10', NULL),
(252, '88.212.194.51', NULL, NULL, NULL, NULL, NULL, 'rhg3a997f35ari5iv7ssoutm27', NULL, NULL, NULL, '2019-05-28 09:52:33', NULL),
(253, '88.212.194.51', NULL, NULL, NULL, NULL, NULL, 'fg7qqhp6lev58rk5qmtmimbno6', NULL, NULL, NULL, '2019-05-28 10:17:33', NULL),
(254, '213.87.157.55', NULL, NULL, NULL, NULL, NULL, 'jmk3qkojoanfav9hr5rl4vsk94', NULL, NULL, NULL, '2019-05-28 10:51:42', NULL),
(255, '194.186.207.223', NULL, NULL, NULL, NULL, NULL, '2cifmqgll1mda69gb42qkmbuo3', NULL, NULL, NULL, '2019-05-28 10:56:26', NULL),
(256, '185.79.103.25', NULL, NULL, NULL, NULL, NULL, 'ven6ht2p7er7k9qorcinqful57', NULL, NULL, NULL, '2019-05-28 19:09:34', NULL),
(257, '193.31.192.243', NULL, NULL, NULL, NULL, NULL, '03is3srq7cdk0hc8q5g6bd7ut7', NULL, NULL, NULL, '2019-05-29 00:21:14', NULL),
(258, '195.91.200.213', NULL, NULL, NULL, NULL, NULL, 'cm6qose2mm1tb4g0bdu4gru9d6', NULL, NULL, NULL, '2019-05-29 14:45:47', NULL),
(259, '2a02:2168:846b:5900:78ba:d4b7:eaaa:9b9a', NULL, NULL, NULL, NULL, NULL, 'k07ftioiiggukdlc9tco9995a6', NULL, NULL, NULL, '2019-05-30 00:09:45', NULL),
(260, '2a02:2168:846b:5900:78ba:d4b7:eaaa:9b9a', NULL, NULL, NULL, NULL, NULL, '0g5karv8ce0au5163ivigelhq3', NULL, NULL, NULL, '2019-05-30 00:12:49', NULL),
(261, '188.170.73.104', NULL, NULL, NULL, NULL, NULL, 'au6uljmr54d2k98k7se80plpn3', NULL, NULL, NULL, '2019-05-30 19:53:36', NULL),
(262, '2a00:1fa0:2e3:a51d:94a9:2fc7:eae6:5e6d', NULL, NULL, NULL, NULL, NULL, 'g6ms82mkv7tmjcb2v409785df4', NULL, NULL, NULL, '2019-05-30 21:28:58', NULL),
(263, '37.110.102.158', NULL, NULL, NULL, NULL, NULL, '8e48ordmdfum73mslfs194q7e7', NULL, NULL, NULL, '2019-05-30 21:30:42', NULL),
(264, '185.79.101.27', NULL, 'Konarevma@gmail.com', NULL, NULL, NULL, 'gl7ap1sf97krr8v7q8nq7h3852', NULL, NULL, NULL, '2019-05-31 09:33:00', '2019-05-31 09:49:01'),
(265, '185.79.101.35', NULL, NULL, NULL, NULL, NULL, '628n2ea7p9affhttbnn6q5j7i5', NULL, NULL, NULL, '2019-05-31 10:21:32', NULL),
(266, '213.59.239.197', NULL, NULL, NULL, NULL, NULL, 's6nr8jbphri47tgah2blftc2q7', NULL, NULL, NULL, '2019-05-31 13:15:20', NULL),
(267, '178.248.65.130', NULL, NULL, NULL, NULL, NULL, 'ecs8lq56vp5letvr89aaa88de0', NULL, NULL, NULL, '2019-05-31 15:13:23', NULL),
(268, '46.48.13.163', NULL, NULL, NULL, NULL, NULL, 'fuhjgkc01mm8oj6e4o5jiuuao4', NULL, NULL, NULL, '2019-05-31 15:19:54', NULL),
(269, '185.79.101.29', NULL, NULL, NULL, NULL, NULL, '3mg0l57dbdohp1b2gk4tmkuca2', NULL, NULL, NULL, '2019-05-31 17:15:42', NULL),
(270, '185.79.101.89', NULL, NULL, NULL, NULL, NULL, 'uc7r95mg4nvksmc9i2pktpdan6', NULL, NULL, NULL, '2019-05-31 18:23:54', NULL),
(271, '185.79.101.62', NULL, NULL, NULL, NULL, NULL, 'hmvi821h34e8p1i90ijiv3s6m2', NULL, NULL, NULL, '2019-05-31 18:37:03', NULL),
(272, '185.79.103.79', NULL, NULL, NULL, NULL, NULL, 'o7ifhlb7q9ch20h4tj95mdfuc3', NULL, NULL, NULL, '2019-05-31 19:08:08', NULL),
(273, '213.87.137.0', NULL, NULL, NULL, NULL, NULL, '10kqhojnij7naju8a2glnqnvk3', NULL, NULL, NULL, '2019-06-02 23:44:09', NULL),
(274, '188.255.109.85', NULL, 'irinivan2000@yandex.ru', NULL, NULL, NULL, '582mpmgsuv4v9qse8q7148m396', NULL, NULL, NULL, '2019-06-05 16:18:19', '2019-06-05 16:40:18'),
(275, '46.242.8.0', NULL, NULL, NULL, NULL, NULL, 'nlkv8s48f1fp130poim62o5c30', NULL, NULL, NULL, '2019-06-05 17:39:34', NULL),
(276, '185.79.103.148', NULL, NULL, NULL, NULL, NULL, 'jlmb9ti8sol2hfrq8cpv8feo25', NULL, NULL, NULL, '2019-06-05 19:07:43', NULL),
(277, '185.79.101.134', NULL, NULL, NULL, NULL, NULL, 'utkt22ttmhfq8g981ap1lf2qu1', NULL, NULL, NULL, '2019-06-05 21:25:29', NULL),
(278, '85.30.233.79', NULL, NULL, NULL, NULL, NULL, '8r5la8roljdeucgbn9pojnmfq4', NULL, NULL, NULL, '2019-06-06 12:34:36', NULL),
(279, '185.79.101.116', NULL, NULL, NULL, NULL, NULL, 'd5nrg395iudnt0cl57dfme8ij3', NULL, NULL, NULL, '2019-06-06 15:29:38', NULL),
(280, '84.53.198.20', NULL, NULL, NULL, NULL, NULL, 'g8q8iaurs06i39pt2q8qbtpmm4', NULL, NULL, NULL, '2019-06-06 21:55:05', NULL),
(281, '77.50.195.135', NULL, NULL, NULL, NULL, NULL, 'l281r79pkn63pebh4hgt1t4tn0', NULL, NULL, NULL, '2019-06-07 09:51:22', NULL),
(282, '213.87.156.131', NULL, NULL, NULL, NULL, NULL, 'iu0apgp2kkscj0d44k6fosuca3', NULL, NULL, NULL, '2019-06-07 11:06:22', NULL),
(283, '83.220.236.243', NULL, NULL, NULL, NULL, NULL, '9br1u9tfffifnemv7avsi9ppv4', NULL, NULL, NULL, '2019-06-07 16:37:33', NULL),
(284, '185.79.103.148', NULL, NULL, NULL, NULL, NULL, 'oofidpf09v1r6tqcgml2civqb7', NULL, NULL, NULL, '2019-06-07 18:51:01', NULL),
(285, '213.87.131.89', NULL, NULL, NULL, NULL, NULL, 'vmke8ntad0lrk7t7sn8a8acqa3', NULL, NULL, NULL, '2019-06-07 23:41:56', NULL),
(286, '213.87.131.89', NULL, NULL, NULL, NULL, NULL, 'krgk76gl4f3i9s0bhuqbj4gap5', NULL, NULL, NULL, '2019-06-07 23:47:37', NULL),
(287, '213.87.131.89', NULL, NULL, NULL, NULL, NULL, 'vrb54ii93ohimjr6ii1a2aaq73', NULL, NULL, NULL, '2019-06-07 23:52:07', NULL),
(288, '213.87.131.89', NULL, NULL, NULL, NULL, NULL, 'l79vfdure61egolnm3hcffmb35', NULL, NULL, NULL, '2019-06-08 00:06:47', NULL),
(289, '2a00:1fa0:46c:5e2:60d:22bc:1d1f:bef1', NULL, NULL, NULL, NULL, NULL, 'kn0r11it65l7vkgtdjt6275cs6', NULL, NULL, NULL, '2019-06-08 22:40:11', NULL),
(290, '178.140.47.45', NULL, NULL, NULL, NULL, NULL, '9qdam4jp1vee7e43u0ldo5o1v0', NULL, NULL, NULL, '2019-06-09 09:00:20', NULL),
(291, '178.140.201.105', NULL, 'german@mebel-dolphin.ru', NULL, NULL, NULL, '4ga5or1abuj4ts6agk6ted91v4', NULL, NULL, NULL, '2019-06-09 11:03:26', '2019-06-09 11:33:55'),
(292, '94.25.168.217', NULL, NULL, NULL, NULL, NULL, 'p15fb9fos6roj3mmm50s4itbj4', NULL, NULL, NULL, '2019-06-09 21:32:56', NULL),
(293, '95.161.223.105', NULL, NULL, NULL, NULL, NULL, '7vj7va8ube4o2sa8hak56t53v4', NULL, NULL, NULL, '2019-06-13 19:01:17', NULL);

--
-- Индексы сохранённых таблиц
--

--
-- Индексы таблицы `biz_reg`
--
ALTER TABLE `biz_reg`
  ADD PRIMARY KEY (`ID`);

--
-- Индексы таблицы `spr_action`
--
ALTER TABLE `spr_action`
  ADD PRIMARY KEY (`ID`) USING BTREE,
  ADD KEY `TREE` (`TREE`),
  ADD KEY `GIFT_1` (`GIFT_1`),
  ADD KEY `GIFT_2` (`GIFT_2`),
  ADD KEY `GIFT_3` (`GIFT_3`),
  ADD KEY `GIFT_4` (`GIFT_4`),
  ADD KEY `GIFT_5` (`GIFT_5`);

--
-- Индексы таблицы `spr_answer`
--
ALTER TABLE `spr_answer`
  ADD PRIMARY KEY (`ID`),
  ADD KEY `IX_ANSWER_GROUP_UNIQ` (`ID_GROUP`,`ANSWER`(255),`DT_MODIFIED`),
  ADD KEY `IX_ANSWER_UNIQ` (`ID_GROUP`,`ANSWER`(255));

--
-- Индексы таблицы `spr_answer_group`
--
ALTER TABLE `spr_answer_group`
  ADD PRIMARY KEY (`ID`);

--
-- Индексы таблицы `spr_answer_question`
--
ALTER TABLE `spr_answer_question`
  ADD UNIQUE KEY `IX_QUESTION_ANSWER_UNIQ` (`ID_QUESTION`,`ID_ANSWER`),
  ADD KEY `FK_ANSWER` (`ID_ANSWER`),
  ADD KEY `IX_ANSWER_QUESTION` (`ID_QUESTION`,`ID_ANSWER`),
  ADD KEY `IX_SHOW_INDEX` (`SHOW_INDEX`);

--
-- Индексы таблицы `spr_gift`
--
ALTER TABLE `spr_gift`
  ADD PRIMARY KEY (`ID`),
  ADD KEY `ID_BIS` (`ID_BIS`);

--
-- Индексы таблицы `spr_question`
--
ALTER TABLE `spr_question`
  ADD PRIMARY KEY (`ID`),
  ADD KEY `IX_QUESTION_UNIQ` (`ID_GROUP`,`QUESTION`(255));

--
-- Индексы таблицы `spr_question_group`
--
ALTER TABLE `spr_question_group`
  ADD PRIMARY KEY (`ID`);

--
-- Индексы таблицы `spr_question_tree`
--
ALTER TABLE `spr_question_tree`
  ADD PRIMARY KEY (`ID`),
  ADD KEY `FK_QUESTION_PARENT` (`ID_PARENT`),
  ADD KEY `FK_QUESTION_CHILD` (`ID_CHILD`),
  ADD KEY `FK_TREE` (`ID_TREE`),
  ADD KEY `FK_ANSWER_BRANCH_ID` (`ID_ASWER_BRANCH`);

--
-- Индексы таблицы `spr_tree`
--
ALTER TABLE `spr_tree`
  ADD PRIMARY KEY (`ID`);

--
-- Индексы таблицы `user_trophy`
--
ALTER TABLE `user_trophy`
  ADD PRIMARY KEY (`ID`),
  ADD KEY `ID_USER` (`ID_USER`),
  ADD KEY `ID_ACTION` (`ID_ACTION`);

--
-- Индексы таблицы `usr_answer`
--
ALTER TABLE `usr_answer`
  ADD PRIMARY KEY (`ID`),
  ADD KEY `FK_USER_ID` (`ID_USER`),
  ADD KEY `FK_QUESTION_ID` (`ID_QUESTION`),
  ADD KEY `ID_ACTION` (`ID_ACTION`);

--
-- Индексы таблицы `usr_login`
--
ALTER TABLE `usr_login`
  ADD PRIMARY KEY (`ID_USER`);

--
-- AUTO_INCREMENT для сохранённых таблиц
--

--
-- AUTO_INCREMENT для таблицы `spr_action`
--
ALTER TABLE `spr_action`
  MODIFY `ID` int(11) NOT NULL AUTO_INCREMENT,AUTO_INCREMENT=7;
--
-- AUTO_INCREMENT для таблицы `spr_answer`
--
ALTER TABLE `spr_answer`
  MODIFY `ID` int(11) NOT NULL AUTO_INCREMENT,AUTO_INCREMENT=192;
--
-- AUTO_INCREMENT для таблицы `spr_answer_group`
--
ALTER TABLE `spr_answer_group`
  MODIFY `ID` int(11) NOT NULL AUTO_INCREMENT,AUTO_INCREMENT=2;
--
-- AUTO_INCREMENT для таблицы `spr_question`
--
ALTER TABLE `spr_question`
  MODIFY `ID` int(11) NOT NULL AUTO_INCREMENT,AUTO_INCREMENT=68;
--
-- AUTO_INCREMENT для таблицы `spr_question_group`
--
ALTER TABLE `spr_question_group`
  MODIFY `ID` int(11) NOT NULL AUTO_INCREMENT,AUTO_INCREMENT=6;
--
-- AUTO_INCREMENT для таблицы `spr_question_tree`
--
ALTER TABLE `spr_question_tree`
  MODIFY `ID` int(11) NOT NULL AUTO_INCREMENT,AUTO_INCREMENT=173;
--
-- AUTO_INCREMENT для таблицы `spr_tree`
--
ALTER TABLE `spr_tree`
  MODIFY `ID` int(11) NOT NULL AUTO_INCREMENT,AUTO_INCREMENT=7;
--
-- AUTO_INCREMENT для таблицы `user_trophy`
--
ALTER TABLE `user_trophy`
  MODIFY `ID` int(255) NOT NULL AUTO_INCREMENT,AUTO_INCREMENT=53;
--
-- AUTO_INCREMENT для таблицы `usr_answer`
--
ALTER TABLE `usr_answer`
  MODIFY `ID` int(11) NOT NULL AUTO_INCREMENT,AUTO_INCREMENT=5202;
--
-- AUTO_INCREMENT для таблицы `usr_login`
--
ALTER TABLE `usr_login`
  MODIFY `ID_USER` int(11) NOT NULL AUTO_INCREMENT,AUTO_INCREMENT=294;
--
-- Ограничения внешнего ключа сохраненных таблиц
--

--
-- Ограничения внешнего ключа таблицы `spr_action`
--
ALTER TABLE `spr_action`
  ADD CONSTRAINT `spr_action_ibfk_1` FOREIGN KEY (`TREE`) REFERENCES `spr_tree` (`ID`),
  ADD CONSTRAINT `spr_action_ibfk_2` FOREIGN KEY (`GIFT_1`) REFERENCES `spr_gift` (`ID`),
  ADD CONSTRAINT `spr_action_ibfk_3` FOREIGN KEY (`GIFT_2`) REFERENCES `spr_gift` (`ID`),
  ADD CONSTRAINT `spr_action_ibfk_4` FOREIGN KEY (`GIFT_3`) REFERENCES `spr_gift` (`ID`),
  ADD CONSTRAINT `spr_action_ibfk_5` FOREIGN KEY (`GIFT_4`) REFERENCES `spr_gift` (`ID`),
  ADD CONSTRAINT `spr_action_ibfk_6` FOREIGN KEY (`GIFT_5`) REFERENCES `spr_gift` (`ID`);

--
-- Ограничения внешнего ключа таблицы `spr_answer`
--
ALTER TABLE `spr_answer`
  ADD CONSTRAINT `FK_ANSWER_GROUP` FOREIGN KEY (`ID_GROUP`) REFERENCES `spr_answer_group` (`ID`);

--
-- Ограничения внешнего ключа таблицы `spr_answer_question`
--
ALTER TABLE `spr_answer_question`
  ADD CONSTRAINT `FK_ANSWER` FOREIGN KEY (`ID_ANSWER`) REFERENCES `spr_answer` (`ID`),
  ADD CONSTRAINT `FK_QUESTION` FOREIGN KEY (`ID_QUESTION`) REFERENCES `spr_question` (`ID`);

--
-- Ограничения внешнего ключа таблицы `spr_gift`
--
ALTER TABLE `spr_gift`
  ADD CONSTRAINT `spr_gift_ibfk_1` FOREIGN KEY (`ID_BIS`) REFERENCES `biz_reg` (`ID`);

--
-- Ограничения внешнего ключа таблицы `spr_question`
--
ALTER TABLE `spr_question`
  ADD CONSTRAINT `FK_QUESTION_GROUP` FOREIGN KEY (`ID_GROUP`) REFERENCES `spr_question_group` (`ID`);

--
-- Ограничения внешнего ключа таблицы `spr_question_tree`
--
ALTER TABLE `spr_question_tree`
  ADD CONSTRAINT `FK_ANSWER_BRANCH_ID` FOREIGN KEY (`ID_ASWER_BRANCH`) REFERENCES `spr_answer` (`ID`),
  ADD CONSTRAINT `FK_QUESTION_CHILD` FOREIGN KEY (`ID_CHILD`) REFERENCES `spr_question` (`ID`),
  ADD CONSTRAINT `FK_QUESTION_PARENT` FOREIGN KEY (`ID_PARENT`) REFERENCES `spr_question` (`ID`),
  ADD CONSTRAINT `FK_TREE` FOREIGN KEY (`ID_TREE`) REFERENCES `spr_tree` (`ID`);

--
-- Ограничения внешнего ключа таблицы `user_trophy`
--
ALTER TABLE `user_trophy`
  ADD CONSTRAINT `user_trophy_ibfk_1` FOREIGN KEY (`ID_USER`) REFERENCES `usr_login` (`ID_USER`),
  ADD CONSTRAINT `user_trophy_ibfk_2` FOREIGN KEY (`ID_ACTION`) REFERENCES `spr_action` (`ID`);

--
-- Ограничения внешнего ключа таблицы `usr_answer`
--
ALTER TABLE `usr_answer`
  ADD CONSTRAINT `FK_QUESTION_ID` FOREIGN KEY (`ID_QUESTION`) REFERENCES `spr_question` (`ID`),
  ADD CONSTRAINT `FK_USER_ID` FOREIGN KEY (`ID_USER`) REFERENCES `usr_login` (`ID_USER`),
  ADD CONSTRAINT `usr_answer_ibfk_1` FOREIGN KEY (`ID_ACTION`) REFERENCES `spr_action` (`ID`);

/*!40101 SET CHARACTER_SET_CLIENT=@OLD_CHARACTER_SET_CLIENT */;
/*!40101 SET CHARACTER_SET_RESULTS=@OLD_CHARACTER_SET_RESULTS */;
/*!40101 SET COLLATION_CONNECTION=@OLD_COLLATION_CONNECTION */;
