-- phpMyAdmin SQL Dump
-- version 4.4.15.10
-- https://www.phpmyadmin.net
--
-- Хост: localhost
-- Время создания: Апр 20 2019 г., 13:48
-- Версия сервера: 5.5.56-MariaDB
-- Версия PHP: 5.4.16

SET SQL_MODE = "NO_AUTO_VALUE_ON_ZERO";
SET time_zone = "+00:00";


/*!40101 SET @OLD_CHARACTER_SET_CLIENT=@@CHARACTER_SET_CLIENT */;
/*!40101 SET @OLD_CHARACTER_SET_RESULTS=@@CHARACTER_SET_RESULTS */;
/*!40101 SET @OLD_COLLATION_CONNECTION=@@COLLATION_CONNECTION */;
/*!40101 SET NAMES utf8mb4 */;

--
-- База данных: `db_domy`
--

DELIMITER $$
--
-- Процедуры
--
CREATE DEFINER=`root`@`localhost` PROCEDURE `getAll`(IN `P_ID_TREE` INT)
    SQL SECURITY INVOKER
BEGIN
	select * from spr_question_tree join spr_question on spr_question_tree.ID_CHILD = spr_question.ID
    where spr_question_tree.ID_TREE = P_ID_TREE;
END$$

CREATE DEFINER=`root`@`localhost` PROCEDURE `getAnswer`(IN `P_ID_TREE` INT, IN `P_ID_Q` INT)
    SQL SECURITY INVOKER
BEGIN

	select spr_answer.ID as id_answer,
           spr_answer.ANSWER as answer,
           spr_answer.INFO as info,
           spr_answer_question.IS_HAVE_COMMENT as is_have_comment,
           spr_answer_question.IS_MUST_COMMENT as is_must_comment,
           spr_answer_question.IS_HAVE_SCALE as is_have_scale,
           spr_answer_question.SCALE_MIN     as scale_min,
           spr_answer_question.SCALE_MAX     as scale_max,
           spr_answer_question.SCALE_STEP    as scale_step,
           spr_answer_question.SHOW_INDEX    as show_index,
           spr_answer_question.IS_TRUE       as is_true,
           spr_answer_question.IS_TRUE_COMMENT  as is_true_comment
			           
           # SPR_QUESTION_TREE.ID_CHILD        as id_child 
                      
    from   spr_answer_question join spr_answer on spr_answer_question.ID_ANSWER = spr_answer.ID
           left join spr_question_tree on   spr_question_tree.ID_PARENT = spr_answer_question.ID_QUESTION and
           									spr_question_tree.ID_ASWER_BRANCH = spr_answer_question.ID_ANSWER and

spr_question_tree.ID_TREE = P_ID_TREE 
           
    where  spr_answer_question.ID_QUESTION = P_ID_Q
           
    order by 
    	   spr_answer_question.SHOW_INDEX;
    
END$$

CREATE DEFINER=`root`@`localhost` PROCEDURE `getQuestion`(IN `P_ID_TREE` INT, IN `P_ID_Q` INT, IN `P_ID_A` INT)
    SQL SECURITY INVOKER
BEGIN

	select spr_question.ID as id_parent,
           spr_question.QUESTION as question,
           spr_question.INFO as info,
           spr_question.IS_MULTI_ANSWER as is_multi_aswer,
           spr_question.IS_MUST_HAVE_ANSWER as is_must_have_answer,
           spr_question.ID_LEVEL as id_level
    from spr_question_tree join spr_question on spr_question_tree.ID_CHILD = spr_question.ID
    where COALESCE(spr_question_tree.ID_PARENT, 0) = COALESCE(P_ID_Q, 0) and
          ( COALESCE(spr_question_tree.ID_ASWER_BRANCH, 0)=0 or
            COALESCE(spr_question_tree.ID_ASWER_BRANCH, 0) = COALESCE(P_ID_A, 0) ) and
          spr_question_tree.ID_TREE = P_ID_TREE;
          
    
END$$

CREATE DEFINER=`root`@`localhost` PROCEDURE `getQuestionsCount`(IN `p_id_tree` INT, IN `p_id_level` INT)
    SQL SECURITY INVOKER
BEGIN
  select count(*) as questions_count 
  from spr_question_tree join spr_question on spr_question_tree.ID_CHILD = spr_question.ID
  where spr_question_tree.ID_TREE = p_id_tree and (spr_question.ID_LEVEL = p_id_level or p_id_level is null);
END$$

CREATE DEFINER=`root`@`localhost` PROCEDURE `putUserAnswer`(IN `P_ID_USER` INT, IN `P_ID_QUESTION` INT, IN `P_ANSWER` VARCHAR(255), IN `P_INFO` VARCHAR(1024), IN `P_SCALE_VALUE` FLOAT, IN `P_IS_TRUE` TINYINT)
    MODIFIES SQL DATA
    SQL SECURITY INVOKER
BEGIN

  insert into usr_answer(id_user, id_question, answer, info, scale_value, is_true) values 
  (P_ID_USER, P_ID_QUESTION, P_ANSWER, P_INFO, P_SCALE_VALUE, P_IS_TRUE);
  
END$$

DELIMITER ;

-- --------------------------------------------------------

--
-- Структура таблицы `spr_answer`
--

CREATE TABLE IF NOT EXISTS `spr_answer` (
  `ID` int(11) NOT NULL,
  `ID_GROUP` int(11) NOT NULL,
  `ANSWER` varchar(1024) NOT NULL,
  `INFO` varchar(1024) DEFAULT NULL COMMENT 'доп.инфо к ответу',
  `DT_INSERTED` datetime DEFAULT NULL,
  `DT_MODIFIED` datetime DEFAULT NULL
) ENGINE=InnoDB AUTO_INCREMENT=243 DEFAULT CHARSET=utf8;

--
-- Дамп данных таблицы `spr_answer`
--

INSERT INTO `spr_answer` (`ID`, `ID_GROUP`, `ANSWER`, `INFO`, `DT_INSERTED`, `DT_MODIFIED`) VALUES
(1, 1, 'район', NULL, '2019-01-16 23:48:24', '0000-00-00 00:00:00'),
(2, 1, 'цена', NULL, '2019-01-16 23:48:34', '0000-00-00 00:00:00'),
(3, 1, 'наличие объектов инфраструктуры (школ, больниц, садов)', NULL, '2019-01-16 23:49:04', '0000-00-00 00:00:00'),
(4, 1, 'экология', NULL, '2019-01-16 23:49:44', '2019-01-17 00:02:17'),
(5, 1, 'Да', NULL, '2019-01-17 00:07:24', '2019-04-14 11:41:13'),
(6, 1, 'Нет', NULL, '2019-01-17 00:07:37', '2019-04-14 11:41:26'),
(7, 1, '5-7 млн', NULL, '2019-01-17 00:15:33', NULL),
(8, 1, '7-10 млн', NULL, '2019-01-17 00:15:52', NULL),
(9, 1, '10-15 млн', NULL, '2019-01-17 00:16:10', NULL),
(10, 1, '15-20 млн', NULL, '2019-01-17 00:16:24', NULL),
(11, 1, 'от 20 млн', NULL, '2019-01-17 00:16:43', NULL),
(12, 1, 'да, это освободит меня от "бумажных" хлопот и снимет риски', NULL, '2019-01-17 22:50:15', NULL),
(13, 1, 'нет, я подкован и в состоянии самостоятельно совершить сделку', NULL, '2019-01-17 22:50:37', NULL),
(14, 1, 'до 1 месяца', NULL, '2019-01-17 22:51:37', NULL),
(15, 1, '1-3 месяца', NULL, '2019-01-17 22:51:57', NULL),
(16, 1, '3-6 месяцев', NULL, '2019-01-17 22:52:26', NULL),
(17, 1, 'от полугода до года', NULL, '2019-01-17 22:52:36', NULL),
(18, 1, 'свыше года', NULL, '2019-01-17 22:53:00', NULL),
(19, 1, 'введите ответ', NULL, '2019-01-17 22:57:42', NULL),
(21, 1, 'Это пример ответа', NULL, '2019-04-13 23:55:57', NULL),
(22, 1, 'Менее месяца', NULL, '2019-04-14 00:02:52', NULL),
(23, 1, 'Месяц', NULL, '2019-04-14 00:02:52', NULL),
(24, 1, 'Более месяца', NULL, '2019-04-14 00:02:52', NULL),
(25, 1, 'Более 6 месяцев', NULL, '2019-04-14 00:02:52', NULL),
(26, 1, 'Всю жизнь', NULL, '2019-04-14 00:02:52', NULL),
(27, 1, 'С 1 по 4', NULL, '2019-04-14 00:02:53', NULL),
(28, 1, 'С 4 по 7', NULL, '2019-04-14 00:02:53', NULL),
(29, 1, 'С 7 по 15', NULL, '2019-04-14 00:02:53', NULL),
(30, 1, 'От 15 и выше', NULL, '2019-04-14 00:02:53', NULL),
(31, 1, 'Лучше ближе к крыше - вот это для героев в самом расцвете сил!', NULL, '2019-04-14 00:02:53', NULL),
(32, 1, 'Да, это может быть выгодный вариант', NULL, '2019-04-14 00:02:53', NULL),
(33, 1, 'Нет, не стоит', NULL, '2019-04-14 00:02:53', NULL),
(34, 1, 'Обращаю, ближе к лифту - быстрее дома', NULL, '2019-04-14 00:02:53', NULL),
(35, 1, '"Брежневка" лучше', NULL, '2019-04-14 00:02:53', NULL),
(36, 1, 'Новостройка', NULL, '2019-04-14 00:02:53', NULL),
(37, 1, 'Какая "Брежневка" - "Сталинка", а лучше "Екатерининка"', NULL, '2019-04-14 00:02:53', NULL),
(38, 1, 'Да, на их отсуствие, чтоб владельцы авто не мешали жить пешеходам', NULL, '2019-04-14 00:02:53', NULL),
(39, 1, 'В одиночку', NULL, '2019-04-14 00:02:53', NULL),
(90, 1, 'На медведя я, друзья, выйду без испуга. Если с другом буду я, \r\nа медведь - без друга!', NULL, '2019-04-14 00:06:36', NULL),
(91, 1, 'Не влияет на принятие решения о покупке квартиры', NULL, '2019-04-14 00:06:36', NULL),
(92, 1, 'Нет, имидж с квартирой никак не связан', NULL, '2019-04-14 00:06:37', NULL),
(93, 1, 'Нет, а что надо было?', NULL, '2019-04-14 00:06:37', NULL),
(94, 1, 'Проверяю, если это не "новостройка"', NULL, '2019-04-14 00:06:37', NULL),
(95, 1, 'Утро', NULL, '2019-04-14 00:06:37', NULL),
(96, 1, 'День', NULL, '2019-04-14 00:06:37', NULL),
(97, 1, 'Вечер', NULL, '2019-04-14 00:06:37', NULL),
(98, 1, 'Ночь - а вдруг в квартире приведения живут', NULL, '2019-04-14 00:06:37', NULL),
(99, 1, 'Не знаю', NULL, '2019-04-14 00:06:37', NULL),
(100, 1, 'Конечно, характеристики', NULL, '2019-04-14 00:06:37', NULL),
(101, 1, 'Эмоции (вдруг угадаю)', NULL, '2019-04-14 00:06:37', NULL),
(102, 1, '50/50', NULL, '2019-04-14 00:06:37', NULL),
(103, 1, 'Нет (я вообще не проверяю никакой короб, вы что?)', NULL, '2019-04-14 00:06:37', NULL),
(104, 1, 'В такой проверке нет смылса - всегда можно установить вентилятор на вытяжку.', NULL, '2019-04-14 00:06:37', NULL),
(105, 1, '250-270', NULL, '2019-04-14 00:06:37', NULL),
(106, 1, '270-290', NULL, '2019-04-14 00:06:37', NULL),
(107, 1, 'Более 290', NULL, '2019-04-14 00:06:37', NULL),
(108, 1, 'Небольшая и функциональная', NULL, '2019-04-14 00:06:37', NULL),
(109, 1, 'Лучше свободные метры', NULL, '2019-04-14 00:06:37', NULL),
(110, 1, 'От 1 до 4 месяцев', NULL, '2019-04-14 00:06:37', NULL),
(111, 1, 'От 4 месяцев до года', NULL, '2019-04-14 00:06:37', NULL),
(112, 1, 'По разному', NULL, '2019-04-14 00:06:37', NULL),
(113, 1, 'С милым/милой рай и в шалаше', NULL, '2019-04-14 00:06:37', NULL),
(114, 1, '4 кв.м.', NULL, '2019-04-14 00:06:37', NULL),
(115, 1, '6 кв.м.', NULL, '2019-04-14 00:06:37', NULL),
(116, 1, '8-10 кв.м.', NULL, '2019-04-14 00:06:37', NULL),
(117, 1, '11-12 кв.м.', NULL, '2019-04-14 00:06:37', NULL),
(118, 1, '«Распашонка»', NULL, '2019-04-14 00:06:37', NULL),
(119, 1, '«Линейка»', NULL, '2019-04-14 00:06:37', NULL),
(120, 1, 'Все индивидуально', NULL, '2019-04-14 00:06:37', NULL),
(121, 1, 'Хорошо', NULL, '2019-04-14 00:06:37', NULL),
(122, 1, 'Плохо', NULL, '2019-04-14 00:06:37', NULL),
(123, 1, 'Лучше всего вовсе без углов', NULL, '2019-04-14 00:06:38', NULL),
(124, 1, 'Честно говоря, забываю', NULL, '2019-04-14 00:06:38', NULL),
(125, 1, 'Всегда стараюсь заглянуть в каждый угол', NULL, '2019-04-14 00:06:38', NULL),
(126, 1, 'Каждый угол осматривать нет смысла', NULL, '2019-04-14 00:06:38', NULL),
(127, 1, 'северная', NULL, '2019-04-14 00:06:38', NULL),
(128, 1, 'южная', NULL, '2019-04-14 00:06:38', NULL),
(129, 1, 'западная', NULL, '2019-04-14 00:06:38', NULL),
(130, 1, 'восточная', NULL, '2019-04-14 00:06:38', NULL),
(131, 1, 'Без отделки панель', NULL, '2019-04-14 00:06:38', NULL),
(132, 1, 'Без отделки кирпич', NULL, '2019-04-14 00:06:38', NULL),
(133, 1, 'Отделкой фасада штукатуркой (или мокрые фасады)', NULL, '2019-04-14 00:06:38', NULL),
(134, 1, 'Керамогранит', NULL, '2019-04-14 00:06:38', NULL),
(135, 1, 'Из соломы (как у Ниф Нифа в сказке" Три поросенка")', NULL, '2019-04-14 00:06:38', NULL),
(136, 1, 'Да, если цена выгодная', NULL, '2019-04-14 00:06:38', NULL),
(137, 1, 'Длительность строительства дома не влияет на принятие решения о покупке квартиры', NULL, '2019-04-14 00:06:38', NULL),
(138, 1, 'Спросить у соседей', NULL, '2019-04-14 00:06:38', NULL),
(139, 1, 'Сверить планировку квартиры с планом БТИ', NULL, '2019-04-14 00:06:38', NULL),
(140, 1, 'Указанные варианты не дают информации о проведенной перепланировке', NULL, '2019-04-14 00:06:38', NULL),
(141, 1, 'Транспортная нагрузка', NULL, '2019-04-14 00:06:38', NULL),
(142, 1, 'ТЭЦ', NULL, '2019-04-14 00:06:38', NULL),
(143, 1, 'Очистные сооружения', NULL, '2019-04-14 00:06:38', NULL),
(144, 1, 'Теща/Свекровь в радиусе 1 км', NULL, '2019-04-14 00:06:38', NULL),
(145, 1, 'Зависит от условий договора с застройщиком', NULL, '2019-04-14 00:06:38', NULL),
(146, 1, 'Зависит от размера ТЭЦ', NULL, '2019-04-14 00:06:38', NULL),
(147, 1, 'Да, может в разных районах города', NULL, '2019-04-14 00:06:38', NULL),
(148, 1, 'Да, может внутри одного района в разных домах', NULL, '2019-04-14 00:06:38', NULL),
(149, 1, 'Нет нельзя', NULL, '2019-04-14 00:06:38', NULL),
(150, 1, 'Да, предложить хозяину выпить воды из под крана', NULL, '2019-04-14 00:06:38', NULL),
(151, 1, 'На углу дома', NULL, '2019-04-14 00:06:38', NULL),
(152, 1, 'В середине дома', NULL, '2019-04-14 00:06:38', NULL),
(153, 1, 'Не имеет значения', NULL, '2019-04-14 00:06:39', NULL),
(154, 1, 'Нет, если привлечение третьих лиц регулируется условиями договора', NULL, '2019-04-14 00:06:39', NULL),
(155, 1, 'Зависит от формы договора', NULL, '2019-04-14 00:06:39', NULL),
(156, 1, 'На определенный срок', NULL, '2019-04-14 00:06:39', NULL),
(157, 1, 'До выполнения обязательств', NULL, '2019-04-14 00:06:39', NULL),
(158, 1, 'Нет, это его долг', NULL, '2019-04-14 00:06:39', NULL),
(159, 1, 'Нет, если отсутствие такого долга указано в договоре купли продажи', NULL, '2019-04-14 00:06:39', NULL),
(160, 1, 'Наличие водоемов поблизости', NULL, '2019-04-14 00:06:39', NULL),
(161, 1, 'Наличие парков поблизости', NULL, '2019-04-14 00:06:39', NULL),
(162, 1, 'Низкая плотность застройки', NULL, '2019-04-14 00:06:39', NULL),
(163, 1, 'Удаленность от промзон', NULL, '2019-04-14 00:06:39', '2019-04-14 11:41:52'),
(164, 1, 'Благоприятная роза ветров и возвышенность', NULL, '2019-04-14 00:06:39', NULL),
(165, 1, 'Теща/Свекровь в радиусе 1 км', NULL, '2019-04-14 00:06:39', NULL),
(166, 1, 'Северо-западе', NULL, '2019-04-14 00:06:39', NULL),
(167, 1, 'Юго-западе', NULL, '2019-04-14 00:06:39', NULL),
(168, 1, 'Юго-востоке', NULL, '2019-04-14 00:06:39', NULL),
(169, 1, 'Северо-востоке', NULL, '2019-04-14 00:06:39', NULL),
(170, 1, 'Приблизительно одинаково', NULL, '2019-04-14 00:06:39', NULL),
(171, 1, 'На 10-15%', NULL, '2019-04-14 00:06:39', NULL),
(172, 1, 'На 25-35%', NULL, '2019-04-14 00:06:39', NULL),
(173, 1, '35-40%', NULL, '2019-04-14 00:06:39', NULL),
(174, 1, 'Более 50%', NULL, '2019-04-14 00:06:39', NULL),
(175, 1, 'Провести интервью (соседей в одном блоке)', NULL, '2019-04-14 00:06:39', NULL),
(176, 1, 'По запаху рядом с дверью (всех соседей)', NULL, '2019-04-14 00:06:39', NULL),
(177, 1, 'По состоянию входной двери и входной зоны (соседей сверху и соседей снизу)', NULL, '2019-04-14 00:06:39', NULL),
(178, 1, 'В современном новом доме фактор соседей не влияет на выбор квартиры', NULL, '2019-04-14 00:06:39', NULL),
(179, 1, 'В течении первых 5 секунд замера уровень радиационного фона составил 50 мкР/ч, дальнейший замер в течении часа в разных частях квартиры показал уровень - 8 мкР/ч час;', NULL, '2019-04-14 00:06:39', NULL),
(180, 1, 'Средний уровень радиации составил 22 мкР/ч при естественном уровне радиации на улице 25 мРг/ч;', NULL, '2019-04-14 00:06:39', NULL),
(181, 1, 'Средний уровень радиации в ванне составил 65 мкР/ч, в квартире в целом - 18 мкР/ч.', NULL, '2019-04-14 00:06:39', NULL),
(182, 1, 'Кирпичный', NULL, '2019-04-14 00:06:39', NULL),
(183, 1, 'Панельный', NULL, '2019-04-14 00:06:39', NULL),
(184, 1, 'Монолитный', NULL, '2019-04-14 00:06:39', NULL),
(185, 1, '3D печать', NULL, '2019-04-14 00:06:39', NULL),
(186, 1, 'Без балконов', NULL, '2019-04-14 00:06:39', NULL),
(187, 1, 'С одним балконом 10 кв.м.', NULL, '2019-04-14 00:06:39', NULL),
(188, 1, 'С двумя балконами площадью 8 кв.м.', NULL, '2019-04-14 00:06:39', '2019-04-14 11:55:01'),
(189, 1, 'С тремя балконами площадью 15 м.кв.', NULL, '2019-04-14 00:06:39', NULL),
(190, 1, 'Приобретение аммиачной квартиры', NULL, '2019-04-14 00:06:40', NULL),
(191, 1, 'Покупка квартиры по завышенной стоимости', NULL, '2019-04-14 00:06:40', NULL),
(192, 1, 'Проблемы с системами кондиционирования', NULL, '2019-04-14 00:06:40', NULL),
(193, 1, 'Проблемы с системами вентиляции', NULL, '2019-04-14 00:06:40', NULL),
(194, 1, 'Проблемы с системами отопления', NULL, '2019-04-14 00:06:40', NULL),
(195, 1, 'Проблемы с системами электроснабжения', NULL, '2019-04-14 00:06:40', NULL),
(196, 1, 'Плохое благоустройство прилегающей территории', NULL, '2019-04-14 00:06:40', NULL),
(197, 1, 'Покупка квартиры по завышенной стоимости', NULL, '2019-04-14 00:06:40', NULL),
(198, 1, 'Бракованные стеклопакеты', NULL, '2019-04-14 00:06:40', NULL),
(199, 1, 'Проблемы с системами вентиляции', NULL, '2019-04-14 00:06:40', NULL),
(200, 1, 'Проблемы с системами отопления', NULL, '2019-04-14 00:06:40', NULL),
(201, 1, 'Проблемы с системами электроснабжения', NULL, '2019-04-14 00:06:40', NULL),
(202, 1, 'Плохое благоустройство прилегающей территории', NULL, '2019-04-14 00:06:40', NULL),
(203, 1, 'Низкое качество работы управляющей компании', NULL, '2019-04-14 00:06:40', NULL),
(204, 1, 'Затопление канализацией', NULL, '2019-04-14 00:06:40', NULL),
(205, 1, 'Затопление водой', NULL, '2019-04-14 00:06:40', NULL),
(206, 1, 'Негативные запахи', NULL, '2019-04-14 00:06:40', NULL),
(207, 1, 'Электромагнитное излучение', NULL, '2019-04-14 00:06:40', NULL),
(208, 1, '1 этаж', NULL, '2019-04-14 00:06:40', NULL),
(209, 1, '10 этаж', NULL, '2019-04-14 00:06:40', NULL),
(210, 1, '15 этаж', NULL, '2019-04-14 00:06:40', NULL),
(211, 1, 'Информации для ответа недостаточно', NULL, '2019-04-14 00:06:40', NULL),
(212, 1, 'Никакой. С джакузи - пусть покупает частный дом', NULL, '2019-04-14 00:06:40', NULL),
(213, 1, 'Автоматический выключатель в распределительном щитке этажа (далее автомат)  слишком слабый (имеет низкий порог электрической мощности по отключению)', NULL, '2019-04-14 00:06:40', NULL),
(214, 1, 'Автомат квартиры слишком мощный (имеет высокий порог  электрической мощности по отключению)', NULL, '2019-04-14 00:06:40', NULL),
(215, 1, 'Автомат квартиры слишком слабый', NULL, '2019-04-14 00:06:40', NULL),
(216, 1, 'Сечение проводящего кабеля недостаточно, автомат квартиры слишком слабый', NULL, '2019-04-14 00:06:40', NULL),
(217, 1, 'Сечение проводящего кабеля недостаточно, автомат квартиры слишком мощный', NULL, '2019-04-14 00:06:40', NULL),
(218, 1, 'СМИ (интернет, телевидение, газеты, журналы и прочее', NULL, '2019-04-14 00:06:41', NULL),
(219, 1, 'Реклама и рекомендации агентств недвижимости', NULL, '2019-04-14 00:06:41', NULL),
(220, 1, 'Данные ИФНС о строительной организации и собственниках', NULL, '2019-04-14 00:06:41', NULL),
(221, 1, 'Данные службы судебных приставов об открытых производствах по различным делам', NULL, '2019-04-14 00:06:41', NULL),
(222, 1, 'Оценка деловой репутации застройщика, полученная из разговоров с друзьями и знакомыми', NULL, '2019-04-14 00:06:41', NULL),
(223, 1, 'Информация о том, участвует ли данная новостройка в программах ипотечного кредитования у крупнейших банков из первой десятки', NULL, '2019-04-14 00:06:41', NULL),
(224, 1, 'Да, но только через нотариуса', NULL, '2019-04-14 00:06:41', NULL),
(225, 1, 'Да, осуществив запрос выписки по почте на бумажном носителе', NULL, '2019-04-14 00:06:41', NULL),
(226, 1, 'Можно, если вы являетесь совершеннолетним гражданином РФ', NULL, '2019-04-14 00:06:41', NULL),
(227, 1, 'На 5-10%', NULL, '2019-04-14 00:06:41', NULL),
(228, 1, 'На 10-12%', NULL, '2019-04-14 00:06:41', NULL),
(229, 1, 'На 0%', NULL, '2019-04-14 00:06:41', NULL),
(230, 1, 'На 1-5%', NULL, '2019-04-14 00:06:41', NULL),
(231, 1, 'О наличие скрытой комиссии агентства недвижимости', NULL, '2019-04-14 00:06:41', NULL),
(232, 1, 'Это стандартный пункт, защищающий персональные данные продавца', NULL, '2019-04-14 00:06:41', NULL),
(233, 1, 'О наличии скрытой комиссии продавца квартиры', NULL, '2019-04-14 00:06:41', NULL),
(234, 1, 'О недобросовестности агентства недвижимости', NULL, '2019-04-14 00:06:41', NULL),
(235, 1, 'Да, если это будет прописано в договоре', NULL, '2019-04-14 00:06:41', NULL),
(236, 1, 'Да, если в договоре ипотеки нет запрета на аренду третьим лицам', NULL, '2019-04-14 00:06:41', NULL),
(237, 1, 'Да, если доля собственных средств составляет  50%', NULL, '2019-04-14 00:06:41', NULL),
(238, 1, 'Да, если доля собственных средств составляет  70%', NULL, '2019-04-14 00:06:41', NULL),
(239, 1, 'Нет правильных ответов', NULL, '2019-04-14 00:06:41', NULL),
(240, 1, 'Кирпичные', NULL, '2019-04-14 00:06:41', NULL),
(241, 1, 'Панельные', NULL, '2019-04-14 00:06:41', NULL),
(242, 1, 'Монолитные', NULL, '2019-04-14 00:06:41', NULL);

-- --------------------------------------------------------

--
-- Структура таблицы `spr_answer_group`
--

CREATE TABLE IF NOT EXISTS `spr_answer_group` (
  `ID` int(11) NOT NULL,
  `GROUP_NAME` varchar(256) NOT NULL,
  `DT_INSERTED` datetime DEFAULT NULL,
  `DT_MODIFIED` datetime DEFAULT NULL
) ENGINE=InnoDB AUTO_INCREMENT=2 DEFAULT CHARSET=utf8;

--
-- Дамп данных таблицы `spr_answer_group`
--

INSERT INTO `spr_answer_group` (`ID`, `GROUP_NAME`, `DT_INSERTED`, `DT_MODIFIED`) VALUES
(1, 'Общие', '2019-01-16 22:49:13', '0000-00-00 00:00:00');

-- --------------------------------------------------------

--
-- Структура таблицы `spr_answer_question`
--

CREATE TABLE IF NOT EXISTS `spr_answer_question` (
  `ID_QUESTION` int(11) NOT NULL,
  `ID_ANSWER` int(11) NOT NULL,
  `IS_HAVE_COMMENT` smallint(6) NOT NULL DEFAULT '0' COMMENT 'есть комментарий',
  `IS_MUST_COMMENT` smallint(6) NOT NULL DEFAULT '0' COMMENT 'комментарий обязателен для заполнения',
  `IS_HAVE_SCALE` smallint(6) DEFAULT '0' COMMENT 'есть шкала оценки',
  `SCALE_MIN` smallint(6) DEFAULT NULL COMMENT 'минимальное значение шкалы',
  `SCALE_MAX` smallint(6) DEFAULT NULL COMMENT 'максимальное значение',
  `SCALE_STEP` float DEFAULT NULL COMMENT 'шаг изменения шкалы (0-произволное, null-не задано)',
  `SHOW_INDEX` smallint(6) DEFAULT NULL COMMENT 'порядок при наличии ранжирования',
  `IS_TRUE` tinyint(4) DEFAULT NULL COMMENT 'признак правильного ответа',
  `IS_TRUE_COMMENT` varchar(1024) DEFAULT NULL COMMENT 'пояснение к правильному ответу',
  `DT_INSERTED` datetime DEFAULT NULL,
  `DT_MODIFIED` datetime DEFAULT NULL
) ENGINE=InnoDB DEFAULT CHARSET=utf8;

--
-- Дамп данных таблицы `spr_answer_question`
--

INSERT INTO `spr_answer_question` (`ID_QUESTION`, `ID_ANSWER`, `IS_HAVE_COMMENT`, `IS_MUST_COMMENT`, `IS_HAVE_SCALE`, `SCALE_MIN`, `SCALE_MAX`, `SCALE_STEP`, `SHOW_INDEX`, `IS_TRUE`, `IS_TRUE_COMMENT`, `DT_INSERTED`, `DT_MODIFIED`) VALUES
(1, 1, 0, 0, 1, 1, 10, NULL, 1, 1, 'Это пример', '2019-01-17 00:03:04', '2019-03-31 23:43:42'),
(1, 2, 0, 0, 1, 1, 10, NULL, 2, NULL, NULL, '2019-01-17 00:03:32', '2019-03-22 23:16:17'),
(1, 3, 0, 0, 1, 1, 10, NULL, 3, NULL, 'Потому что ты гений', '2019-01-17 00:04:05', '2019-03-22 23:17:29'),
(1, 4, 0, 0, 1, 1, 10, NULL, 4, 1, 'Специально сделал его длинным оцень длинным. Специально сделал его длинным оцень длинным. Специально сделал его длинным оцень длинным. Специально сделал его длинным оцень длинным. Специально сделал его длинным оцень длинным. Специально сделал его длинным оцень длинным. Специально сделал его длинным оцень длинным. Специально сделал его длинным оцень длинным.\r\nСпециально сделал его длинным оцень длинным.\r\nСпециально сделал его длинным оцень длинным. Специально сделал его длинным оцень длинным. Специально сделал его длинным оцень длинным. Специально сделал его длинным оцень длинным. ', '2019-01-17 00:04:27', '2019-03-31 23:45:40'),
(2, 5, 0, 0, 0, NULL, NULL, NULL, 1, NULL, NULL, '2019-01-17 00:11:54', '2019-01-17 00:14:06'),
(2, 6, 0, 0, 0, NULL, NULL, NULL, 2, 1, 'Здесь мы  должны давать пояснения, вот оно - вы гений.', '2019-01-17 00:12:16', '2019-03-03 10:37:16'),
(3, 7, 0, 0, 0, NULL, NULL, NULL, 1, NULL, NULL, '2019-01-17 00:17:26', '2019-01-17 00:18:11'),
(3, 8, 0, 0, 0, NULL, NULL, NULL, 2, NULL, NULL, '2019-01-17 00:17:33', '2019-01-17 00:18:13'),
(3, 9, 0, 0, 0, NULL, NULL, NULL, 3, NULL, NULL, '2019-01-17 00:17:43', '2019-01-17 00:18:16'),
(3, 10, 0, 0, 0, NULL, NULL, NULL, 4, NULL, NULL, '2019-01-17 00:17:52', '2019-01-17 00:18:17'),
(3, 11, 0, 0, 0, NULL, NULL, NULL, 5, 1, 'Здесь мы  должны давать пояснения, вот оно - вы гений.', '2019-01-17 00:17:58', '2019-03-03 10:37:36'),
(4, 5, 0, 0, 0, NULL, NULL, NULL, 1, NULL, NULL, '2019-01-17 00:25:25', '2019-01-17 00:25:52'),
(4, 6, 0, 0, 0, NULL, NULL, NULL, 2, 1, 'Здесь мы  должны давать пояснения, вот оно - вы гений.', '2019-01-17 00:25:45', '2019-03-03 10:37:48'),
(5, 12, 0, 0, 0, NULL, NULL, NULL, 1, 1, NULL, '2019-01-17 22:50:57', '2019-03-26 22:11:20'),
(5, 13, 0, 0, 0, NULL, NULL, NULL, 2, 1, 'Здесь мы  должны давать пояснения, вот оно - вы гений.', '2019-01-17 22:51:11', '2019-03-03 10:37:58'),
(6, 14, 0, 0, 0, NULL, NULL, NULL, 1, NULL, NULL, '2019-01-17 22:53:27', '2019-01-17 22:54:18'),
(6, 15, 0, 0, 0, NULL, NULL, NULL, 2, NULL, NULL, '2019-01-17 22:53:37', '2019-01-17 22:54:20'),
(6, 16, 0, 0, 0, NULL, NULL, NULL, 3, NULL, NULL, '2019-01-17 22:53:48', '2019-01-17 22:54:21'),
(6, 17, 0, 0, 0, NULL, NULL, NULL, 4, NULL, NULL, '2019-01-17 22:54:04', '2019-01-17 22:54:22'),
(6, 18, 0, 0, 0, NULL, NULL, NULL, 5, 1, 'Здесь мы  должны давать пояснения, вот оно - вы гений.', '2019-01-17 22:54:10', '2019-03-03 10:38:11'),
(7, 19, 1, 0, 0, NULL, NULL, NULL, NULL, 0, 'Здесь мы  должны давать пояснения, вот оно - вы гений и меткий стрелок.', '2019-01-17 22:57:52', '2019-04-14 12:41:09'),
(7, 102, 0, 0, 0, NULL, NULL, NULL, NULL, 1, 'Это пример', '2019-04-14 09:30:27', NULL),
(55, 22, 0, 0, 0, NULL, NULL, NULL, NULL, 0, '', '2019-04-14 09:42:59', NULL),
(55, 23, 0, 0, 0, NULL, NULL, NULL, NULL, 1, 'Чем больше времени затрачиваете, тем сложнее сделать выбор. Профессионалы говорят так: "Не поторопишься - упустишь квартиру, поторопишься - приобретешь плохую". Поэтому оптимальный срок - 1 месяц.', '2019-04-14 09:43:00', NULL),
(55, 24, 0, 0, 0, NULL, NULL, NULL, NULL, 0, '', '2019-04-14 09:43:00', NULL),
(55, 25, 0, 0, 0, NULL, NULL, NULL, NULL, 0, '', '2019-04-14 09:43:00', NULL),
(55, 26, 0, 0, 0, NULL, NULL, NULL, NULL, 0, '', '2019-04-14 09:43:00', NULL),
(56, 27, 0, 0, 0, NULL, NULL, NULL, NULL, 0, '', '2019-04-14 09:43:00', NULL),
(56, 28, 0, 0, 0, NULL, NULL, NULL, NULL, 1, 'Почему лучшие этажи 4-7?  Это наиболее удобный вариант, автомобильных шумов почти не слышно, из окон открывается достаточно хороший вид, а проблемы в виде поломки лифта или отключения электричества хозяевам таких квартир не страшны, поскольку добраться достаточно просто и пешком. Хотя есть особенности, о которых мы вас спросим на следующих уровнях теста.', '2019-04-14 09:43:00', NULL),
(56, 29, 0, 0, 0, NULL, NULL, NULL, NULL, 0, '', '2019-04-14 09:43:00', NULL),
(56, 30, 0, 0, 0, NULL, NULL, NULL, NULL, 0, '', '2019-04-14 09:43:00', NULL),
(56, 31, 0, 0, 0, NULL, NULL, NULL, NULL, 0, '', '2019-04-14 09:43:00', NULL),
(57, 32, 0, 0, 0, NULL, NULL, NULL, NULL, 0, '', '2019-04-14 09:43:00', NULL),
(57, 33, 0, 0, 0, NULL, NULL, NULL, NULL, 1, 'Подобные объявления требуют вашего пристального внимания. Квартира не может стоить дешевле рынка на 15% и более. И никогда не смотрите на объявления из разряда "Живу в Европе, здесь осталась квартира, и она не нужна".', '2019-04-14 09:43:00', NULL),
(58, 5, 0, 0, 0, NULL, NULL, NULL, NULL, 1, 'Шум от лифтовой шахты может стать источником дискомфорта.', '2019-04-14 09:43:00', NULL),
(58, 6, 0, 0, 0, NULL, NULL, NULL, NULL, 0, '', '2019-04-14 09:43:01', NULL),
(58, 34, 0, 0, 0, NULL, NULL, NULL, NULL, 0, '', '2019-04-14 09:43:01', NULL),
(59, 35, 0, 0, 0, NULL, NULL, NULL, NULL, 1, 'В зависимости от конкретного примера, но, в среднем, если дом сделан с учетом всех нормативов, то качество вторички ничуть не уступает современным новостройкам. Поэтому можно сказать, что качество плюс-минус одно и то же.', '2019-04-14 09:43:01', NULL),
(59, 36, 0, 0, 0, NULL, NULL, NULL, NULL, 1, '', '2019-04-14 09:43:01', NULL),
(59, 37, 0, 0, 0, NULL, NULL, NULL, NULL, 1, '', '2019-04-14 09:43:01', NULL),
(60, 5, 0, 0, 0, NULL, NULL, NULL, NULL, 1, 'Лучше обращать, даже если авто у вас нет. Сегодня нет, завтра есть', '2019-04-14 09:43:01', NULL),
(60, 6, 0, 0, 0, NULL, NULL, NULL, NULL, 0, '', '2019-04-14 09:43:01', NULL),
(60, 38, 0, 0, 0, NULL, NULL, NULL, NULL, 0, '', '2019-04-14 09:43:01', NULL),
(61, 39, 0, 0, 0, NULL, NULL, NULL, NULL, 0, '', '2019-04-14 09:43:01', NULL),
(61, 90, 0, 0, 0, NULL, NULL, NULL, NULL, 1, 'Есть смысл взять на осмотр квартиры стороннего наблюдателя, который не будет в ней жить. Он сможет объективнее оценить плюсы и минусы квартиры и дома', '2019-04-14 09:43:01', NULL),
(61, 91, 0, 0, 0, NULL, NULL, NULL, NULL, 0, '', '2019-04-14 09:43:01', NULL),
(62, 5, 0, 0, 0, NULL, NULL, NULL, NULL, 1, 'Да, это его продолжение и неотъемлемая часть, которая во многом выбирается бессознательно.', '2019-04-14 09:43:01', NULL),
(62, 92, 0, 0, 0, NULL, NULL, NULL, NULL, 0, '', '2019-04-14 09:43:01', NULL),
(63, 5, 0, 0, 0, NULL, NULL, NULL, NULL, 1, 'Если дом окружает ветхий фонд или проекты новых строек, район превратится в сплошной шум.', '2019-04-14 09:43:01', NULL),
(63, 93, 0, 0, 0, NULL, NULL, NULL, NULL, 0, '', '2019-04-14 09:43:01', NULL),
(64, 5, 0, 0, 0, NULL, NULL, NULL, NULL, 1, 'Если квартира была в собственности менее года, это говорит о том, что, скорее всего, перед вами перекупщик. Он мог замаскировать косметическим ремонтом все неисправности, в т.ч. полученные от застройщика. Если же квартира была в собственности всего несколько месяцев и сразу продается, то это должно вас насторожить.', '2019-04-14 09:43:01', NULL),
(64, 6, 0, 0, 0, NULL, NULL, NULL, NULL, 0, '', '2019-04-14 09:43:01', NULL),
(64, 94, 0, 0, 0, NULL, NULL, NULL, NULL, 0, '', '2019-04-14 09:43:01', NULL),
(65, 95, 0, 0, 0, NULL, NULL, NULL, NULL, 0, '', '2019-04-14 09:43:01', NULL),
(65, 96, 0, 0, 0, NULL, NULL, NULL, NULL, 1, 'Осмотр квартиры целесообразнее проводить днем, чтобы увидеть все мелкие недостатки и особенности ремонта, а также недостатки благоустройства прилегающей к дому территории.', '2019-04-14 09:43:01', NULL),
(65, 97, 0, 0, 0, NULL, NULL, NULL, NULL, 0, '', '2019-04-14 09:43:02', NULL),
(65, 98, 0, 0, 0, NULL, NULL, NULL, NULL, 0, '', '2019-04-14 09:43:02', NULL),
(66, 5, 0, 0, 0, NULL, NULL, NULL, NULL, 1, 'Проверять долю владения собственника нужно обязательно. Чтобы была полная прозрачность и гарантия юридической чистоты сделки. Эта информация содержится в выписке из  ЕГРН, ее можно заказть на сайте Росреестра https://rosreestr.ru.', '2019-04-14 09:43:02', NULL),
(66, 6, 0, 0, 0, NULL, NULL, NULL, NULL, 0, '', '2019-04-14 09:43:02', NULL),
(66, 99, 0, 0, 0, NULL, NULL, NULL, NULL, 0, '', '2019-04-14 09:43:02', NULL),
(67, 100, 0, 0, 0, NULL, NULL, NULL, NULL, 0, '', '2019-04-14 09:43:02', NULL),
(67, 101, 0, 0, 0, NULL, NULL, NULL, NULL, 1, 'Исследователи доказали, что в большинстве случаев (в 2 раза) большую роль играют именно эмоции - нравится/не нравится.', '2019-04-14 09:43:02', NULL),
(67, 102, 0, 0, 0, NULL, NULL, NULL, NULL, 0, '', '2019-04-14 09:43:02', NULL),
(68, 5, 0, 0, 0, NULL, NULL, NULL, NULL, 1, 'Как проверить эффектиность вентиляции ?  Спичкой или листком. Просто поднесите их к отверстию и увидите, насколько хорошо работает тяга. От этого будет зависеть весь воздухообмен в квартире, а значит и качество жизни. В соответствии с нормативами в жилых помещениях воздух должен полностью заменяться каждый час или 1м куб. в час на 1 м.кв. площади. Иначе вы рискуете повредить здоровье, вдыхая застоявшийся воздух с повышенным содержанием токсинов от строительных конструкций и мебели. Если естественная вентиляция не работает - проблему можно решить принутильной приточной или вытяжной вентиляции - но это потребует значительных затрат и в ряде случаев капитального ремонта квартиры.', '2019-04-14 09:43:02', NULL),
(68, 103, 0, 0, 0, NULL, NULL, NULL, NULL, 0, '', '2019-04-14 09:43:02', NULL),
(68, 104, 0, 0, 0, NULL, NULL, NULL, NULL, 0, '', '2019-04-14 09:43:02', NULL),
(69, 105, 0, 0, 0, NULL, NULL, NULL, NULL, 0, '', '2019-04-14 09:43:02', NULL),
(69, 106, 0, 0, 0, NULL, NULL, NULL, NULL, 1, 'Самой хорошей считается высота от 290 см. Доказано, что чем выше высота потолка, тем психологически свободнее чувствуют себя хозяева и гости и лучше воздухообмен. Однако, учитывайте, что ремонт квартиры с высокими потолками обойдется вам дороже из-за большей площади отделки.', '2019-04-14 09:43:02', NULL),
(69, 107, 0, 0, 0, NULL, NULL, NULL, NULL, 1, '', '2019-04-14 09:43:02', NULL),
(70, 108, 0, 0, 0, NULL, NULL, NULL, NULL, 1, 'Лучше небольшая, но функциональная. Планировка должна быть функциональной и гибкой. Под функциональностью зонирования имеется в виду, что в квартире должна быть соблюдена логика перемещения (рядом со спальней есть ванная, гостиная находится по соседству с кухней и т. п.), сохранена удобная геометрия комнат, продумана расстановка мебели и техники, учтено естественное освещение и все тонкости инженерных коммуникаций', '2019-04-14 09:43:02', NULL),
(70, 109, 0, 0, 0, NULL, NULL, NULL, NULL, 0, '', '2019-04-14 09:43:02', NULL),
(71, 110, 0, 0, 0, NULL, NULL, NULL, NULL, 0, '', '2019-04-14 09:43:02', NULL),
(71, 111, 0, 0, 0, NULL, NULL, NULL, NULL, 0, '', '2019-04-14 09:43:02', NULL),
(71, 112, 0, 0, 0, NULL, NULL, NULL, NULL, 1, 'В каждом случае — индивидуально', '2019-04-14 09:43:02', NULL),
(71, 113, 0, 0, 0, NULL, NULL, NULL, NULL, 0, '', '2019-04-14 09:43:02', NULL),
(72, 114, 0, 0, 0, NULL, NULL, NULL, NULL, 0, '', '2019-04-14 09:43:02', NULL),
(72, 115, 0, 0, 0, NULL, NULL, NULL, NULL, 0, '', '2019-04-14 09:43:02', NULL),
(72, 116, 0, 0, 0, NULL, NULL, NULL, NULL, 1, '8-10 кв.м. Именно такую кухню возможно "вооружить" всем необходимым набором мебели', '2019-04-14 09:43:02', NULL),
(72, 117, 0, 0, 0, NULL, NULL, NULL, NULL, 0, '', '2019-04-14 09:43:02', NULL),
(73, 118, 0, 0, 0, NULL, NULL, NULL, NULL, 0, '', '2019-04-14 09:43:02', NULL),
(73, 119, 0, 0, 0, NULL, NULL, NULL, NULL, 0, '', '2019-04-14 09:43:02', NULL),
(73, 120, 0, 0, 0, NULL, NULL, NULL, NULL, 1, 'Все индивидуально. И зависит от каждого конкретного случая', '2019-04-14 09:43:02', NULL),
(74, 121, 0, 0, 0, NULL, NULL, NULL, NULL, 0, '', '2019-04-14 09:43:02', NULL),
(74, 122, 0, 0, 0, NULL, NULL, NULL, NULL, 1, 'Не нужно быть дизайнером, чтобы понимать: самая эргономичная форма помещения - квадрат или широкий прямоугольник. Поэтому не поддавайтесь соблазнам "креативных" планировок', '2019-04-14 09:43:02', NULL),
(74, 123, 0, 0, 0, NULL, NULL, NULL, NULL, 0, '', '2019-04-14 09:43:02', NULL),
(75, 124, 0, 0, 0, NULL, NULL, NULL, NULL, 0, '', '2019-04-14 09:43:02', NULL),
(75, 125, 0, 0, 0, NULL, NULL, NULL, NULL, 1, 'Вывести плесень можно только путем создания таких условий, при которых вы сами сбежите из своей квартиры. Осматривать каждый угол обязательно!', '2019-04-14 09:43:02', NULL),
(75, 126, 0, 0, 0, NULL, NULL, NULL, NULL, 0, '', '2019-04-14 09:43:02', NULL),
(76, 127, 0, 0, 0, NULL, NULL, NULL, NULL, 0, '', '2019-04-14 09:43:03', NULL),
(76, 128, 0, 0, 0, NULL, NULL, NULL, NULL, 0, '', '2019-04-14 09:43:03', NULL),
(76, 129, 0, 0, 0, NULL, NULL, NULL, NULL, 1, 'Северная сторона наиболее темная и холодная. Если такие комнаты в квартире есть, то вам потребуется уделить внимание их искусственному освещению и утеплению. Южная сторона, будет причинять дискомфорт в солнечные дни. В таких комнатах таже нужно избегать попадани прямых солнечных лучей на элементы отделки и мебели, чтобы не допустить потери цвета. Особеннос разу после ремонта, когда еще не успели повесить шторы!', '2019-04-14 09:43:03', NULL),
(76, 130, 0, 0, 0, NULL, NULL, NULL, NULL, 1, '', '2019-04-14 09:43:03', NULL),
(77, 131, 0, 0, 0, NULL, NULL, NULL, NULL, 0, '', '2019-04-14 09:43:03', NULL),
(77, 132, 0, 0, 0, NULL, NULL, NULL, NULL, 0, '', '2019-04-14 09:43:03', NULL),
(77, 133, 0, 0, 0, NULL, NULL, NULL, NULL, 1, 'Жилой дом с наружной отделкой фасада штукатуркой (любые типы мокрых фасадов) — это очень плохо. Через три года дом покрывается трещинами, штукатурка опадает (в месте перекрытий) из-за деформации-проседания конструкции дома появляются серые подтеки на фасаде, пыль и грязь от ближайших автодорог ложится на штукатурку замечательным тёмным слоем', '2019-04-14 09:43:03', NULL),
(77, 134, 0, 0, 0, NULL, NULL, NULL, NULL, 0, '', '2019-04-14 09:43:03', NULL),
(77, 135, 0, 0, 0, NULL, NULL, NULL, NULL, 0, '', '2019-04-14 09:43:03', NULL),
(78, 6, 0, 0, 0, NULL, NULL, NULL, NULL, 1, 'Лучше не рисковать, такое жилье не ликвидное, либо станет неликвидным со временем эксплуатации.  Дом стоял и мок несколько лет, грибок, плесень, вода в подвалах, и наверняка достроили тяп-ляп. Бетон стоял под открытым небом, арматура ржавела, соединительные конструкции - тоже. Если это монолит - это еще полбеды. А если панель - может сложиться однажды, как карточный домик.', '2019-04-14 09:43:03', NULL),
(78, 136, 0, 0, 0, NULL, NULL, NULL, NULL, 0, '', '2019-04-14 09:43:03', NULL),
(78, 137, 0, 0, 0, NULL, NULL, NULL, NULL, 0, '', '2019-04-14 09:43:03', NULL),
(79, 138, 0, 0, 0, NULL, NULL, NULL, NULL, 0, '', '2019-04-14 09:43:03', NULL),
(79, 139, 0, 0, 0, NULL, NULL, NULL, NULL, 0, '', '2019-04-14 09:43:03', NULL),
(79, 140, 0, 0, 0, NULL, NULL, NULL, NULL, 1, 'Для того, чтобы понять, есть в приобретаемой квартире перепланировка или нет, достаточно сравнить план БТИ с первоначальной планировкой квартиры и текущую планировку. Если они один-в-один соответствует друг другу, то в данной квартире перепланировки нет', '2019-04-14 09:43:03', NULL),
(80, 5, 0, 0, 0, NULL, NULL, NULL, NULL, 0, '', '2019-04-14 09:43:03', NULL),
(80, 6, 0, 0, 0, NULL, NULL, NULL, NULL, 1, 'Прописанные в квартире третьи лица не могут получить в ней долю, не могут отобрать ее у собственника. Зарегистрированный гражданин не имеет никаких прав на собственность в данной квартире. Если он отказывается выписаться самостоятельно, то собственник имеет право обратиться в суд. Кроме того, в настоящее время трудоспособного человека можно выписать просто по желанию собственника. Стоит отметить, что выписывать несовершеннолетнего ребенка, если нет информации о его будущей регистрации, нельзя.', '2019-04-14 09:43:03', NULL),
(81, 141, 0, 0, 0, NULL, NULL, NULL, NULL, 1, 'Наиболее значимый фактор — автомобили: они ответственны за 92 % всех выбросов, остальные 8 % — выбросы стационарных источников: промышленных предприятий, ТЭК, очистных сооружений и так далее.', '2019-04-14 09:43:03', NULL),
(81, 142, 0, 0, 0, NULL, NULL, NULL, NULL, 0, '', '2019-04-14 09:43:03', NULL),
(81, 143, 0, 0, 0, NULL, NULL, NULL, NULL, 0, '', '2019-04-14 09:43:03', NULL),
(81, 144, 0, 0, 0, NULL, NULL, NULL, NULL, 0, '', '2019-04-14 09:43:03', NULL),
(82, 5, 0, 0, 0, NULL, NULL, NULL, NULL, 0, '', '2019-04-14 09:43:03', NULL),
(82, 6, 0, 0, 0, NULL, NULL, NULL, NULL, 0, '', '2019-04-14 09:43:03', NULL),
(82, 145, 0, 0, 0, NULL, NULL, NULL, NULL, 1, 'Как правило, принято включать разводку электричества в черновую отделку квартиры. Но, точное определение состава работ, которые должен выполнить затройщик, дает только договор с застройщиком. Что может существенно повлиять на стоимость квартиры.', '2019-04-14 09:43:03', NULL),
(83, 5, 0, 0, 0, NULL, NULL, NULL, NULL, 1, 'Согласно СанПиН 2.2.1/2.1.1.1200-03 “Санитарно-защитные зоны и санитарная классификация предприятий, сооружений и иных объектов”, ТЭЦ и районные котельные тепловой мощностью 200 Гкал и выше, работающие на угольном и мазутном топливе, относятся ко второму классу опасности с СЗЗ не менее 500 м, работающие на газовом и газомазутном топливе - относятся к предприятиям третьего класса с СЗЗ не менее 300 м.', '2019-04-14 09:43:03', NULL),
(83, 6, 0, 0, 0, NULL, NULL, NULL, NULL, 0, '', '2019-04-14 09:43:03', NULL),
(83, 146, 0, 0, 0, NULL, NULL, NULL, NULL, 1, '', '2019-04-14 09:43:03', NULL),
(84, 5, 0, 0, 0, NULL, NULL, NULL, NULL, 1, 'Надо разделять понятия «свалка» и «полигон ТБО»: свалки — это несанкционированные места складирования отходов, полигоны — официальные. Например в Москве полигонов ТБО нет - все ТБО свозятся на полигоны в области.', '2019-04-14 09:43:03', NULL),
(84, 6, 0, 0, 0, NULL, NULL, NULL, NULL, 0, '', '2019-04-14 09:43:04', NULL),
(85, 6, 0, 0, 0, NULL, NULL, NULL, NULL, 0, '', '2019-04-14 09:43:04', NULL),
(85, 147, 0, 0, 0, NULL, NULL, NULL, NULL, 1, 'Качество воды в квартире зависит от источника забора, качества очистных сооружений, изношенности сети водопровода района и качества очистки водопроводной воды в домовом водомернов узле.', '2019-04-14 09:43:04', NULL),
(85, 148, 0, 0, 0, NULL, NULL, NULL, NULL, 1, '', '2019-04-14 09:43:04', NULL),
(86, 5, 0, 0, 0, NULL, NULL, NULL, NULL, 1, 'Первый способ - снять крышку со смывного бачка унитаза - вода в бачке отставивается и по уровню налета можно судить о составе и загрязненности воды.  Другой - брызнуть водой на стекло - чем больше примесей, тем больше будет налет после высыхания влаги. После этих действий можно задать вопросы о качестве воды продавцу.', '2019-04-14 09:43:04', NULL),
(86, 149, 0, 0, 0, NULL, NULL, NULL, NULL, 0, '', '2019-04-14 09:43:04', NULL),
(86, 150, 0, 0, 0, NULL, NULL, NULL, NULL, 0, '', '2019-04-14 09:43:04', NULL),
(87, 151, 0, 0, 0, NULL, NULL, NULL, NULL, 1, 'Современные строительные материалы обеспечивают хорошую тепло-и-шумоизоляцию, при этом угловая квартира имеет меньше соседей, поэтому меньше возможных негативных факторов, исходящих от них (шум, запах, подтопление, пожар и прочее).', '2019-04-14 09:43:04', NULL),
(87, 152, 0, 0, 0, NULL, NULL, NULL, NULL, 0, '', '2019-04-14 09:43:04', NULL),
(87, 153, 0, 0, 0, NULL, NULL, NULL, NULL, 0, '', '2019-04-14 09:43:04', NULL),
(88, 5, 0, 0, 0, NULL, NULL, NULL, NULL, 0, '', '2019-04-14 09:43:04', NULL),
(88, 6, 0, 0, 0, NULL, NULL, NULL, NULL, 0, '', '2019-04-14 09:43:04', NULL),
(88, 154, 0, 0, 0, NULL, NULL, NULL, NULL, 1, 'Условие  о привлечении третьих лиц для исполнения обязательств по договору может быть уместно и соответствует нормам ГК. Риэлторы часто включают этот пункт в договор. Например, могут привлекаться сотрудники, работающие по агентскому договору, адвокаты и юристы, то есть, те профессионалы, которые помогут провести сделку.', '2019-04-14 09:43:04', NULL),
(88, 155, 0, 0, 0, NULL, NULL, NULL, NULL, 0, '', '2019-04-14 09:43:04', NULL),
(89, 156, 0, 0, 0, NULL, NULL, NULL, NULL, 1, 'Юристы рекомендуют заключать договор на срок, не превышающий 3 месяца. В случае необходимости его можно будет продлить. Формулировка «до выполнения обязательств» в бессрочном договоре должна насторожить, потому что в такой ситуации вы можете ничего не добиться от агента годами. И обратите внимание, не предусмотрен ли штраф за досрочное расторжение договора.', '2019-04-14 09:43:04', NULL),
(89, 157, 0, 0, 0, NULL, NULL, NULL, NULL, 0, '', '2019-04-14 09:43:04', NULL),
(90, 5, 0, 0, 0, NULL, NULL, NULL, NULL, 1, 'По закону долг за капитальный ремонт переходит к следующему собственнику. Это долг, закрепленный за квартирой. См. п. 3 ст. 158 ЖК РФ. Но, чтобы этого не делать, в первую очередь, проверьте все задолженности по квартире лично через запрос в управляющую компанию.', '2019-04-14 09:43:04', NULL),
(90, 158, 0, 0, 0, NULL, NULL, NULL, NULL, 0, '', '2019-04-14 09:43:04', NULL),
(90, 159, 0, 0, 0, NULL, NULL, NULL, NULL, 0, '', '2019-04-14 09:43:04', NULL),
(91, 5, 0, 0, 0, NULL, NULL, NULL, NULL, 0, '', '2019-04-14 09:43:04', NULL),
(91, 6, 0, 0, 0, NULL, NULL, NULL, NULL, 1, 'Продать «хрущевки» сейчас можно только с дисконтом – до 15%. Привлекательность этих квартир снижается уже больше десяти лет. У новой генерации покупателей (25-35-летних) начисто отсутствует интерес к жилью в «хрущевках» – ими востребованы современные форматы. Основными покупателями квартир в старых пятиэтажках являются люди с невысоким доходом, для которых низкая цена – абсолютный приоритет при выборе жилья.', '2019-04-14 09:43:04', NULL),
(92, 5, 0, 0, 0, NULL, NULL, NULL, NULL, 1, 'Сделка возможна, но  срок экспозиции квартиры (поиска покупателя) существенно удлинится. Либо придется сделать скидку. Так как покупателю придется  пройти весь путь узаконивания и груз материальных и моральных трат упадет на него. Понятно, что мы здесь не рассматриваем недобросовестные действия участников сделки.', '2019-04-14 09:43:04', '2019-04-14 11:37:21'),
(92, 6, 0, 0, 0, NULL, NULL, NULL, NULL, 0, '', '2019-04-14 09:43:04', NULL),
(93, 5, 0, 0, 0, NULL, NULL, NULL, NULL, 1, 'С 1 июля 2019 года застройщики обязаны привлекать деньги граждан только с помощью специальных эскроу-счетов в уполномоченных банках. Для граждан использование эскроу-счетов — гарантия сохранности денег. Они лежат на счете в банке. Застройщик не имеет к ним доступа до завершения строительства — значит, исключена возможность нецелевого расходования денежных средств покупателей жилья. Дольщик может вернуть деньги, если застройщик не в состоянии закончить строительство объекта и признан банкротом', '2019-04-14 09:43:04', NULL),
(93, 6, 0, 0, 0, NULL, NULL, NULL, NULL, 0, '', '2019-04-14 09:43:04', NULL),
(94, 5, 0, 0, 0, NULL, NULL, NULL, NULL, 0, '', '2019-04-14 09:43:04', NULL),
(94, 6, 0, 0, 0, NULL, NULL, NULL, NULL, 1, 'Частой ошибкой при покупке квартиры в новостройке является подписание акта покупателем на основании устных обещаний от застройщика исправить неполадки. Такое соглашение грозит тем, что будущему владельцу придется самостоятельно проводить ремонтные работы. Лучше до исправления дефектов ничего не подписывать.', '2019-04-14 09:43:04', NULL),
(95, 144, 0, 0, 0, NULL, NULL, NULL, NULL, 0, '', '2019-04-14 09:43:04', NULL),
(95, 160, 0, 0, 0, NULL, NULL, NULL, NULL, 0, '', '2019-04-14 09:43:04', NULL),
(95, 161, 0, 0, 0, NULL, NULL, NULL, NULL, 0, '', '2019-04-14 09:43:04', NULL),
(95, 162, 0, 0, 0, NULL, NULL, NULL, NULL, 0, '', '2019-04-14 09:43:04', NULL),
(95, 163, 0, 0, 0, NULL, NULL, NULL, NULL, 0, '', '2019-04-14 09:43:04', NULL),
(95, 164, 0, 0, 0, NULL, NULL, NULL, NULL, 1, 'Наиболее значимый благориятный фактор - роза ветров со стороны природных зон и возвышенность. Т.к. это обеспечивает постоянный приток и быструю замену чистого воздуха в районе.', '2019-04-14 09:43:04', NULL),
(96, 166, 0, 0, 0, NULL, NULL, NULL, NULL, 0, '', '2019-04-14 09:43:05', NULL),
(96, 167, 0, 0, 0, NULL, NULL, NULL, NULL, 0, '', '2019-04-14 09:43:05', NULL),
(96, 168, 0, 0, 0, NULL, NULL, NULL, NULL, 1, 'Больше всего производств — около 24 % — расположено на юго-востоке Москвы.', '2019-04-14 09:43:05', '2019-04-14 11:45:43'),
(96, 169, 0, 0, 0, NULL, NULL, NULL, NULL, 0, '', '2019-04-14 09:43:05', NULL),
(96, 170, 0, 0, 0, NULL, NULL, NULL, NULL, 0, '', '2019-04-14 09:43:05', NULL),
(97, 171, 0, 0, 0, NULL, NULL, NULL, NULL, 0, '', '2019-04-14 09:43:05', NULL),
(97, 172, 0, 0, 0, NULL, NULL, NULL, NULL, 1, 'Цена на старте продаж составляет порядка 75% от окончательной цены. Можно сказать, что цена на новостройку за период строительства вырастет примерно на 33% (1/0.75=1.33)', '2019-04-14 09:43:05', NULL),
(97, 173, 0, 0, 0, NULL, NULL, NULL, NULL, 0, '', '2019-04-14 09:43:05', NULL),
(97, 174, 0, 0, 0, NULL, NULL, NULL, NULL, 0, '', '2019-04-14 09:43:05', NULL),
(98, 175, 0, 0, 0, NULL, NULL, NULL, NULL, 1, 'Соседи являются главным скрытым фактором при покупке квартиры, который впоследствии может привести к необходимости ее продажи. Соседи сверху могут угрожать вам подтоплением, засорением канализации и повышенным шумом. Соседи снизу - неприятным запахом (особенно, курильщики) из вентиляции, балконных стояков и щелей в перекрытиях, соседи по лестничной клетке - антисанитарией, шумом и низкой культурой поведения.', '2019-04-14 09:43:05', NULL),
(98, 176, 0, 0, 0, NULL, NULL, NULL, NULL, 1, '', '2019-04-14 09:43:05', NULL),
(98, 177, 0, 0, 0, NULL, NULL, NULL, NULL, 1, '', '2019-04-14 09:43:05', NULL),
(98, 178, 0, 0, 0, NULL, NULL, NULL, NULL, 0, '', '2019-04-14 09:43:05', NULL),
(99, 179, 0, 0, 0, NULL, NULL, NULL, NULL, 1, 'Даже минимальные дозы радиации способны вызвать генетические и соматические изменения. Они могут сказаться на здоровье не сразу и долго оставаться незамеченными. Поэтому абсолютно безопасных показателей радиационного излучения не существует, можно говорить лишь о допустимых пределах. Мы предлагаем ориентироваться на предел до 25 мкР/час, после которого необходимо задавать вопросы застройщику или продавцу квартиры. Для большинства регионов России естественный уровень радиации колеблется в пределах от 10 до 20 мкР/час', '2019-04-14 09:43:05', NULL),
(99, 180, 0, 0, 0, NULL, NULL, NULL, NULL, 1, '', '2019-04-14 09:43:05', NULL),
(99, 181, 0, 0, 0, NULL, NULL, NULL, NULL, 0, '', '2019-04-14 09:43:05', NULL),
(100, 182, 0, 0, 0, NULL, NULL, NULL, NULL, 1, '', '2019-04-14 09:43:05', '2019-04-14 11:52:47'),
(100, 183, 0, 0, 0, NULL, NULL, NULL, NULL, 0, '', '2019-04-14 09:43:05', NULL),
(100, 184, 0, 0, 0, NULL, NULL, NULL, NULL, 1, 'Для перепланировки требуется перенос внутренних стен и перегородок. Такая операция возможна частично или полностью в кирпичный домах за счет переноса несущих стен, либо в монолитных домах - за счет переноса внутренних перегородок, не являющихся монолитной частью дома. В блочных домах все стены являются несущими элементами и не подлежат переносу.', '2019-04-14 09:43:05', NULL),
(100, 185, 0, 0, 0, NULL, NULL, NULL, NULL, 0, '', '2019-04-14 09:43:05', NULL),
(101, 186, 0, 0, 0, NULL, NULL, NULL, NULL, 1, 'Согласно сложившейся практике при указании площади квартиры в объявлениях о продаже ее площадь указывается вместе с балконами, тогда как при определении площади квартиры в правоустанавливающих документах площадь балконов берется с коэффициентом 0,3, лоджий — 0,5.', '2019-04-14 09:43:05', NULL),
(101, 187, 0, 0, 0, NULL, NULL, NULL, NULL, 0, '', '2019-04-14 09:43:05', NULL),
(101, 188, 0, 0, 0, NULL, NULL, NULL, NULL, 0, '', '2019-04-14 09:43:05', NULL),
(101, 189, 0, 0, 0, NULL, NULL, NULL, NULL, 0, '', '2019-04-14 09:43:05', NULL),
(102, 190, 0, 0, 0, NULL, NULL, NULL, NULL, 1, 'По порядку: а) Если при постройке дома в холодное время года нарушена технология по пропорции добавления аммиачных добавок для застывания бетона на морозе, то выделение аммиака и соответствующий запах проявятся в теплое время года (зимой запах в такой квартире будет минимальным). в) Неработоспособность кондиционеров зимой полноценно  проверить невозможно. г) Если в доме нарушена система вентиляции - проблема возникнет в летнее, жаркое время, когда естественная тяга вытяжки будет в разы меньше чем зимой. е) Мощности системы электроснабжения может не хватить для работы системы кондиционирования и дополнительного подогрева воды в летнее время, ж) Зимой все изъяны благоустройства территории будут под снежным покровом', '2019-04-14 09:43:05', NULL),
(102, 191, 0, 0, 0, NULL, NULL, NULL, NULL, 0, '', '2019-04-14 09:43:05', NULL),
(102, 192, 0, 0, 0, NULL, NULL, NULL, NULL, 1, '', '2019-04-14 09:43:05', NULL),
(102, 193, 0, 0, 0, NULL, NULL, NULL, NULL, 1, '', '2019-04-14 09:43:05', NULL),
(102, 194, 0, 0, 0, NULL, NULL, NULL, NULL, 0, '', '2019-04-14 09:43:05', NULL),
(102, 195, 0, 0, 0, NULL, NULL, NULL, NULL, 1, '', '2019-04-14 09:43:05', NULL),
(102, 196, 0, 0, 0, NULL, NULL, NULL, NULL, 1, '', '2019-04-14 09:43:05', NULL),
(103, 191, 0, 0, 0, NULL, NULL, NULL, NULL, 0, '', '2019-04-14 09:43:05', NULL),
(103, 193, 0, 0, 0, NULL, NULL, NULL, NULL, 0, '', '2019-04-14 09:43:05', NULL),
(103, 194, 0, 0, 0, NULL, NULL, NULL, NULL, 1, '', '2019-04-14 09:43:05', NULL),
(103, 195, 0, 0, 0, NULL, NULL, NULL, NULL, 0, '', '2019-04-14 09:43:05', NULL),
(103, 196, 0, 0, 0, NULL, NULL, NULL, NULL, 0, '', '2019-04-14 09:43:05', NULL),
(103, 198, 0, 0, 0, NULL, NULL, NULL, NULL, 1, 'По порядку: в) Если стеклопакеты с плохой теплоизоляцией, то проверить это в жаркий летний день невозможно, д) Негерметичность систем отопления летом можно проверить только специально заказав опрессовку системы в специализированой компании - иначе есть существенные риски затопления квартиры после подачи тепла в зимнее время, з) В зимнее время от управляющей компании требуется гораздо больше усилий для уборки помещений и прилегающей территории - в летнее время такой некачественный сервис не проявится.', '2019-04-14 09:43:05', NULL),
(103, 203, 0, 0, 0, NULL, NULL, NULL, NULL, 1, '', '2019-04-14 09:43:06', NULL),
(104, 204, 0, 0, 0, NULL, NULL, NULL, NULL, 0, '', '2019-04-14 09:43:06', NULL),
(104, 205, 0, 0, 0, NULL, NULL, NULL, NULL, 1, 'Зачастую на крышах домов при соблюдении ряда условий по законодательству могут размещаться вышки ретрансляторов сотовой связи, что создает дополнительные факторы повышенного электромагнитного излучения. Риски затопления водой связаны с ошибками устройства кровельного покрытия при строительстве, что в новом доме проявляется в гарантийный период его эксплуатации. Риски затопления канализацией отсутствуют, риски негативных запахов одинаковы для всех этажей при правильном устройстве каналов вытяжек.', '2019-04-14 09:43:06', NULL),
(104, 206, 0, 0, 0, NULL, NULL, NULL, NULL, 0, '', '2019-04-14 09:43:06', NULL),
(104, 207, 0, 0, 0, NULL, NULL, NULL, NULL, 1, '', '2019-04-14 09:43:06', NULL),
(105, 208, 0, 0, 0, NULL, NULL, NULL, NULL, 0, '', '2019-04-14 09:43:06', NULL),
(105, 209, 0, 0, 0, NULL, NULL, NULL, NULL, 0, '', '2019-04-14 09:43:06', NULL),
(105, 210, 0, 0, 0, NULL, NULL, NULL, NULL, 0, '', '2019-04-14 09:43:06', NULL),
(105, 211, 0, 0, 0, NULL, NULL, NULL, NULL, 1, 'В многоэтажных домах подача воды осуществляется несколькими водонапорными устройствами, таким образом, что этажи распределены между ними примерно равными частями. Напр. 1-7 этажи первое водонапорное устройство, 8-15 - второе, 15-25 третье. На верхних этажах в указанных интервалах  напор воды будет наименьшим, на нижних - наибольшим. При этом с повышением этажа давление падает примерно на 0,3 атм. На нижних этажах интервала  устанавливают устройства понижающие давление. По СНИП нормальным считается давление в пределах от 0,3 до 6 атм. (для холодной воды) и 0,3 до 4,5 атм (для холодной воды). При этом необходимо знать,  что для стиральной машины нужно мин давление 2 атм, для посудомоечной машины - 1,5 атм, для нормальной работы джакузи и гидромассажного оборудования - 4 атм.,  а для комфортной работы большинства современных смесителей и душевых леек - 3,5 атм. Для квартир на верхних этажах интервала при недостаточном давление воды, его повышение является весьма дорогой и проблематичной задачей. Наиболее простой', '2019-04-14 09:43:06', NULL),
(105, 212, 0, 0, 0, NULL, NULL, NULL, NULL, 0, '', '2019-04-14 09:43:06', NULL),
(106, 213, 0, 0, 0, NULL, NULL, NULL, NULL, 0, '', '2019-04-14 09:43:06', NULL),
(106, 214, 0, 0, 0, NULL, NULL, NULL, NULL, 0, '', '2019-04-14 09:43:06', NULL),
(106, 215, 0, 0, 0, NULL, NULL, NULL, NULL, 0, '', '2019-04-14 09:43:06', NULL),
(106, 216, 0, 0, 0, NULL, NULL, NULL, NULL, 0, '', '2019-04-14 09:43:06', NULL),
(106, 217, 0, 0, 0, NULL, NULL, NULL, NULL, 1, 'Несоответствие характеристик автоматических выключателей квартиры  к допустимым нагрузкам электрической сети квартиры  - это наибольший из рисков владельца квартиры, который может привести к пожару! В описанном кейсе отключение автомата этажа свидетельствует, что в квартире либо отсутствует автомат, либо его предельно допустимая нагрузка на отключение существенно выше проектной. Описанное в примере подключение привело к нагрузке на провода в квартире существенно превышающей мощность допустимую для всего этажа. При правильной установке электрического оборудования в таком случае должен был немедленно, либо через короткое время после включения прибора отключиться автомат в квартире. Если автомат не отключил подачу электричества - следовательно началось нагревание проводки, что может привести с высокой вероятностью  к короткому замыкание и пожару. Электрики говорят - "чувствительный автомат лучше чем запах проводки".', '2019-04-14 09:43:06', NULL),
(107, 218, 0, 0, 0, NULL, NULL, NULL, NULL, 1, 'Конечно нужно максимально собрать информацию их всех источников. Покупка квартиры - крупнейшая сделка в жизни каждого человека. Если слепо доверять постерам, буклетам и проспектам в красочных обертках и безусловным уверениям контрагента по сделке - то можно налететь на корягу. Вы должны четко представлять, что целью каждого участника на рынке недвижимости является быстрое закрытие сделки и максимизация дохода.', '2019-04-14 09:43:06', NULL),
(107, 219, 0, 0, 0, NULL, NULL, NULL, NULL, 1, '', '2019-04-14 09:43:06', NULL),
(107, 220, 0, 0, 0, NULL, NULL, NULL, NULL, 1, '', '2019-04-14 09:43:06', NULL),
(107, 221, 0, 0, 0, NULL, NULL, NULL, NULL, 1, '', '2019-04-14 09:43:06', NULL),
(107, 222, 0, 0, 0, NULL, NULL, NULL, NULL, 1, '', '2019-04-14 09:43:06', NULL),
(107, 223, 0, 0, 0, NULL, NULL, NULL, NULL, 1, '', '2019-04-14 09:43:06', NULL),
(108, 6, 0, 0, 0, NULL, NULL, NULL, NULL, 0, '', '2019-04-14 09:43:06', NULL),
(108, 224, 0, 0, 0, NULL, NULL, NULL, NULL, 0, '', '2019-04-14 09:43:06', NULL),
(108, 225, 0, 0, 0, NULL, NULL, NULL, NULL, 0, '', '2019-04-14 09:43:06', NULL),
(108, 226, 0, 0, 0, NULL, NULL, NULL, NULL, 1, 'Данное право предусмотрено Федеральным законом № 218-ФЗ от 13.07.2015. Информация о собственнике жилья может быть направлена любому гражданину Российской Федерации, которому она необходима', '2019-04-14 09:43:06', NULL),
(109, 227, 0, 0, 0, NULL, NULL, NULL, NULL, 0, '', '2019-04-14 09:43:06', NULL),
(109, 228, 0, 0, 0, NULL, NULL, NULL, NULL, 0, '', '2019-04-14 09:43:06', NULL),
(109, 229, 0, 0, 0, NULL, NULL, NULL, NULL, 1, 'Экология не является ключевым фактором, который влияет на цену недвижимости. Например центральный район Москвы, несмотря на транспортную загруженность, все-таки самый дорогой.', '2019-04-14 09:43:06', NULL),
(109, 230, 0, 0, 0, NULL, NULL, NULL, NULL, 0, '', '2019-04-14 09:43:06', NULL),
(110, 231, 0, 0, 0, NULL, NULL, NULL, NULL, 1, 'Такой пукнт в агентских договорах  свидетельствует о намерении компании сформировать скрытую комиссию - т.е. получить комиссию с обоих сторон сделки, манипулируя стоимостью продажи.', '2019-04-14 09:43:06', NULL),
(110, 232, 0, 0, 0, NULL, NULL, NULL, NULL, 0, '', '2019-04-14 09:43:06', NULL),
(110, 233, 0, 0, 0, NULL, NULL, NULL, NULL, 0, '', '2019-04-14 09:43:07', NULL),
(110, 234, 0, 0, 0, NULL, NULL, NULL, NULL, 1, '', '2019-04-14 09:43:07', NULL),
(111, 5, 0, 0, 0, NULL, NULL, NULL, NULL, 0, '', '2019-04-14 09:43:07', NULL),
(111, 6, 0, 0, 0, NULL, NULL, NULL, NULL, 1, 'Риэлтора нельзя привлечь к судебной ответственности в качестве третьей стороны, так как продавец и покупатель вступают в правоотношения самостоятельно.', '2019-04-14 09:43:07', NULL),
(111, 235, 0, 0, 0, NULL, NULL, NULL, NULL, 0, '', '2019-04-14 09:43:07', NULL),
(112, 5, 0, 0, 0, NULL, NULL, NULL, NULL, 0, '', '2019-04-14 09:43:07', NULL),
(112, 6, 0, 0, 0, NULL, NULL, NULL, NULL, 0, '', '2019-04-14 09:43:07', NULL),
(112, 236, 0, 0, 0, NULL, NULL, NULL, NULL, 1, 'Закон этого делать не запрещает. Стоит посмотреть договор с банком, не оговаривается ли он запрет на аренду третьими лицами.', '2019-04-14 09:43:07', NULL),
(113, 5, 0, 0, 0, NULL, NULL, NULL, NULL, 0, '', '2019-04-14 09:43:07', NULL),
(113, 237, 0, 0, 0, NULL, NULL, NULL, NULL, 0, '', '2019-04-14 09:43:07', NULL),
(113, 238, 0, 0, 0, NULL, NULL, NULL, NULL, 0, '', '2019-04-14 09:43:07', NULL),
(113, 239, 0, 0, 0, NULL, NULL, NULL, NULL, 1, 'В настоящее время  доходность сдачи в аренду квартир  не превышает 5% в год от стоимости квартиры. При текущем уровне ипточетных ставок не менее 8% в год  и ставок по вкладам не менее 5% в год, сдача ипотечных квартир в аренду не эффективна с первоначальным взносом 50% и 70%. Другими словами, от такого варианта вложения денежных средств вы либо получите убыток, либо упущенную возможность дополнительного дохода по сранению  с  размещением средств на вкладе. Такой вариант вложений может иметь смысл только при высоких инфляционных ожиданиях.', '2019-04-14 09:43:07', NULL),
(114, 185, 0, 0, 0, NULL, NULL, NULL, NULL, 0, '', '2019-04-14 09:43:07', NULL),
(114, 240, 0, 0, 0, NULL, NULL, NULL, NULL, 0, '', '2019-04-14 09:43:07', NULL),
(114, 241, 0, 0, 0, NULL, NULL, NULL, NULL, 0, '', '2019-04-14 09:43:07', NULL),
(114, 242, 0, 0, 0, NULL, NULL, NULL, NULL, 1, 'Прочность железобетонных конструкций, являющихся основой монолитного строительства, со временем возрастает, чего не скажешь о кирпичных и панельных домах. В сказке  "Три поросенка" современный Наф-Наф построил бы монолитный дом.', '2019-04-14 09:43:07', NULL);

-- --------------------------------------------------------

--
-- Структура таблицы `spr_question`
--

CREATE TABLE IF NOT EXISTS `spr_question` (
  `ID` int(11) NOT NULL,
  `ID_GROUP` int(11) NOT NULL,
  `QUESTION` varchar(2000) NOT NULL,
  `INFO` varchar(1024) DEFAULT NULL COMMENT 'доп.инфо к вопросу',
  `IS_MUST_HAVE_ANSWER` smallint(6) NOT NULL DEFAULT '0' COMMENT 'обязательный ответ',
  `IS_MULTI_ANSWER` smallint(6) NOT NULL DEFAULT '0' COMMENT 'множественный ответ',
  `ID_LEVEL` smallint(6) DEFAULT '0' COMMENT 'уровень сложности',
  `DT_INSERT` datetime DEFAULT NULL,
  `DT_MODIFIED` datetime DEFAULT NULL
) ENGINE=InnoDB AUTO_INCREMENT=115 DEFAULT CHARSET=utf8;

--
-- Дамп данных таблицы `spr_question`
--

INSERT INTO `spr_question` (`ID`, `ID_GROUP`, `QUESTION`, `INFO`, `IS_MUST_HAVE_ANSWER`, `IS_MULTI_ANSWER`, `ID_LEVEL`, `DT_INSERT`, `DT_MODIFIED`) VALUES
(1, 1, 'Что для вас важно при выборе квартиры (поставьте балл от 1 до 10)?', NULL, 0, 1, 1, '2019-01-16 22:32:34', '2019-04-13 13:23:11'),
(2, 1, 'Важен ли фактор близости к работе?', NULL, 0, 0, 1, '2019-01-16 23:11:46', '2019-04-14 15:02:07'),
(3, 1, 'За какую сумму вы планируете приобрести квартиру?', NULL, 0, 0, 1, '2019-01-16 23:12:48', '2019-03-03 10:28:03'),
(4, 1, 'Нуждаетесь ли вы в привлечении ипотечного креди', NULL, 0, 0, 2, '2019-01-16 23:14:26', '2019-04-05 22:30:39'),
(5, 1, 'Важно ли для вас сопровождение риэлтора?', NULL, 0, 1, 2, '2019-01-16 23:15:13', '2019-03-26 22:10:46'),
(6, 1, 'Какое максимальное время вы готовы уделить поиску квартиры?', NULL, 0, 0, 3, '2019-01-16 23:15:51', '2019-04-14 15:02:22'),
(7, 1, 'Какие еще требования вы предъявляете к квартире?', NULL, 0, 0, 3, '2019-01-17 22:55:05', '2019-03-03 10:28:14'),
(54, 1, 'Это пример вопроса', NULL, 0, 0, 1, '2019-04-14 00:31:01', NULL),
(55, 1, 'Сколько по времени лучше выбирать квартиру?', NULL, 0, 0, 1, '2019-04-14 00:38:22', NULL),
(56, 1, 'Наилучшими для покупки квартиры считаются этажи:', NULL, 0, 0, 1, '2019-04-14 00:38:23', NULL),
(57, 1, 'Стоит ли рассматривать объявления "Срочно продам квартиру, нужны деньги"?', NULL, 0, 0, 1, '2019-04-14 00:38:23', NULL),
(58, 1, 'Обращаете ли вы внимание на шахту лифта, которая может располагаться рядом с квартирой?', NULL, 0, 0, 1, '2019-04-14 00:38:23', NULL),
(59, 1, 'Что лучше по качеству: «брежневка» из 80-х или современная новостройка?', NULL, 0, 1, 1, '2019-04-14 00:38:23', NULL),
(60, 1, 'Обращаете ли вы внимание на парковочные места?', NULL, 0, 0, 1, '2019-04-14 00:38:23', NULL),
(61, 1, 'Стоит ли смотреть квартиру с другом или лучше в одиночку, чтоб никто не отвлекал?', NULL, 0, 0, 1, '2019-04-14 00:38:23', NULL),
(62, 1, 'Как вы считаете, является ли квартира частью вашего имиджа?', NULL, 0, 0, 1, '2019-04-14 00:38:23', NULL),
(63, 1, 'Обращаете ли вы внимание на застройку района?', NULL, 0, 0, 1, '2019-04-14 00:38:23', NULL),
(64, 1, 'Проверяете ли вы количество лет, в течение которых квартира была в собственности?', NULL, 0, 0, 1, '2019-04-14 00:38:23', NULL),
(65, 1, 'В какое время лучше осматривать квартиру?', NULL, 0, 0, 1, '2019-04-14 00:38:23', NULL),
(66, 1, 'Нужно ли при покупке вторички проверять долю владения собственника?', NULL, 0, 0, 1, '2019-04-14 00:38:23', NULL),
(67, 1, 'Как вы думаете, что для большинства важнее при покупке новой квартиры: потребительские характеристики или собственные эмоции?', NULL, 0, 0, 1, '2019-04-14 00:38:23', NULL),
(68, 1, 'Знаете ли вы, как проверить тягу в вентиляционном коробе?', NULL, 0, 0, 1, '2019-04-14 00:38:23', NULL),
(69, 1, 'Какая высота потолка считается хорошей?', NULL, 0, 1, 1, '2019-04-14 00:38:23', NULL),
(70, 1, 'Что лучше: небольшая и функциональная квартира или квартира со свободными неиспользуемыми метрами?', NULL, 0, 0, 1, '2019-04-14 00:38:23', NULL),
(71, 1, 'Насколько быстро человек привыкает к новой квартире?', NULL, 0, 0, 1, '2019-04-14 00:38:23', NULL),
(72, 1, 'Какой размер кухни является минимально допустимым?', NULL, 0, 0, 1, '2019-04-14 00:38:23', NULL),
(73, 1, 'Какая планировка считается наилучшей: "распашонка" или "линейка"?', NULL, 0, 0, 1, '2019-04-14 00:38:23', NULL),
(74, 1, 'Скошенные углы в современных планировках - это хорошо или плохо?', NULL, 0, 0, 1, '2019-04-14 00:38:23', NULL),
(75, 3, 'Не забываете ли вы осмотреть каждый угол квартиры при покупке ? Интересно зачем?', NULL, 0, 0, 2, '2019-04-14 00:38:23', NULL),
(76, 3, 'Знаете ли вы, какие стороны у квартиры наиболее комфортны для проживания ?', NULL, 0, 1, 2, '2019-04-14 00:38:23', NULL),
(77, 3, 'Какая лицевая отделка дома считается самой худшей?', NULL, 0, 0, 2, '2019-04-14 00:38:23', NULL),
(78, 3, 'Стоит ли покупать квартиру в бывшем долгострое?', NULL, 0, 0, 2, '2019-04-14 00:38:23', NULL),
(79, 2, 'Как проверить, делал ли предыдущий хозяин перепланировку?', NULL, 0, 0, 2, '2019-04-14 00:38:23', NULL),
(80, 2, 'Могут ли претендовать на квартиру прописанные в ней третьи лица, если вы уже приобрели ее в собственность?', NULL, 0, 0, 2, '2019-04-14 00:38:23', NULL),
(81, 4, 'Что хуже  для экологии района?', NULL, 0, 0, 2, '2019-04-14 00:38:23', NULL),
(82, 3, 'Входит ли разводка электричества в черновую отделку новостройки?', NULL, 0, 0, 2, '2019-04-14 00:38:23', NULL),
(83, 4, 'Безопасно ли для здоровья жить в километре от ТЭЦ ?', NULL, 0, 0, 2, '2019-04-14 00:38:23', NULL),
(84, 4, 'Есть ли различия между "свалкой" и "полигоном ТБО"? (eсли вдруг вы услышали, что неподалеку имеются таковые).', NULL, 0, 0, 2, '2019-04-14 00:38:24', NULL),
(85, 4, 'Может ли отличаться качество воды в городе ?', NULL, 0, 1, 2, '2019-04-14 00:38:24', NULL),
(86, 4, 'Можно ли подручными средствами проверить качество воды при осмотре квартиры ?', NULL, 0, 0, 2, '2019-04-14 00:38:24', NULL),
(87, 3, 'Где лучше выбрать квартиру в современном новом доме?', NULL, 0, 0, 2, '2019-04-14 00:38:24', NULL),
(88, 2, 'Должна ли настораживать ситуация, когда агентство недвижимости привлекает к сделке третьих лиц?', NULL, 0, 0, 2, '2019-04-14 00:38:24', NULL),
(89, 2, 'Договор с риэлтором лучше заключать на определенный срок или до выполнения обязательств?', NULL, 0, 0, 2, '2019-04-14 00:38:24', NULL),
(90, 2, 'Стоит ли оплачивать долг за капремонт от прежнего собственника, если после сделки выяснилось, что таковой имеется?', NULL, 0, 0, 2, '2019-04-14 00:38:24', NULL),
(91, 5, 'Выгодно ли покупать квартиры в "хрущевках" с целью их ремонта и последующей перепродажи?', NULL, 0, 0, 2, '2019-04-14 00:38:24', NULL),
(92, 2, 'Можно ли продать квартиру с неузаконенной перепланировкой?', NULL, 0, 0, 2, '2019-04-14 00:38:24', NULL),
(93, 2, 'Безопасна ли в 2019 году сделка по долевому строительству?', NULL, 0, 0, 2, '2019-04-14 00:38:24', NULL),
(94, 2, 'Можно ли доверять застройщику, который предлагает подписать акт приемки, а после исправить все недочеты?', NULL, 0, 0, 2, '2019-04-14 00:38:24', NULL),
(95, 4, 'Что наиболее благоприятно для экологии района:', NULL, 0, 0, 3, '2019-04-14 00:38:24', NULL),
(96, 4, 'Интересовались ли вы при покупке квартиры в каком районе вашего города больше всего производств? А в Москве в каком районе?', NULL, 0, 0, 3, '2019-04-14 00:38:24', NULL),
(97, 5, 'На сколько процентов увеличивается стоимость жилья после ввода от старта продаж?', NULL, 0, 0, 3, '2019-04-14 00:38:24', NULL),
(98, 3, 'Как оценить комфортность соседей при выборе квартиры?', NULL, 0, 1, 3, '2019-04-14 00:38:24', NULL),
(99, 4, 'В какой из нижеприведенных квартир условия радиационного фона не влияют на принятие решение о приобретении квартиры?', NULL, 0, 1, 3, '2019-04-14 00:38:24', NULL),
(100, 3, 'В каком из типов конструкции дома имеется техническая возможность перепланировки?', NULL, 0, 1, 3, '2019-04-14 00:38:24', '2019-04-14 11:51:50'),
(101, 5, 'Какую квартиру выгоднее покупать, исходя из стоимости 1 кв. м.?', NULL, 0, 0, 3, '2019-04-14 00:38:24', NULL),
(102, 3, 'Какие риски возрастают при покупке квартиры в зимнее, холодное время года?', NULL, 0, 1, 3, '2019-04-14 00:38:24', NULL),
(103, 3, 'Какие риски возрастают при покупке квартиры в летнее, теплое время года?', NULL, 0, 1, 3, '2019-04-14 00:38:24', NULL),
(104, 3, 'Всем известно, что квартиры на верхних этажах домов дороже, но какие риски выше у владельцев таких квартир в новом доме?', NULL, 0, 1, 3, '2019-04-14 00:38:24', NULL),
(105, 3, 'При покупке квартиры  некто мечтает сделать  джакузи. Какой этаж для этого лучше выбрать в 25 этажном доме ?', NULL, 0, 0, 3, '2019-04-14 00:38:24', NULL),
(106, 3, 'Некто подключил к электрической сети в квартире в новом доме водонагревательное устройство. После включения устройства через некоторое время  отключилась подача электроэнергии у всего этажа и в квартире возник неприятный запах пластика. В чем причина отключения и запаха?', NULL, 0, 0, 3, '2019-04-14 00:38:24', NULL),
(107, 5, 'Вы решили купить квартиру в новостройке на стадии строительства от застройщика, но ничего не знаете о компании-застройщике и хотели бы максимально проверить информацию о ней и об объекте недвижимости. Какие источники информации следует использовать?', NULL, 0, 1, 3, '2019-04-14 00:38:24', NULL),
(108, 2, 'Можете ли вы при покупке жилья самостоятельно обратиться в ЕГРН (Единый государственный реестр недвижимости) и проверить всех собственников выбранного объекта недвижимости, включая наличие обременений?', NULL, 0, 0, 3, '2019-04-14 00:38:24', NULL),
(109, 5, 'Насколько дороже экологически чистые районы по отношению к загрязненным?', NULL, 0, 0, 3, '2019-04-14 00:38:25', NULL),
(110, 2, 'Если в договоре с агентством недвижимости, содержится пункт запрещающий покупателю общаться непосредственно с собственниками приобретаемой недвижимости. О чем это свидетельствует ?', NULL, 0, 1, 3, '2019-04-14 00:38:25', NULL),
(111, 2, 'Можно ли привлечь риэлтора к судебной ответственности в качестве третьей стороны, если ваша сделка будет оспорена в суде, или отменена?', NULL, 0, 0, 3, '2019-04-14 00:38:25', NULL),
(112, 5, 'Можно ли сдавать квартиру, находящуюся под ипотекой?', NULL, 0, 0, 3, '2019-04-14 00:38:25', NULL),
(113, 5, 'Выгодно ли приобретать квартиру в ипотеку  для сдачи ее в аренду?', NULL, 0, 0, 3, '2019-04-14 00:38:25', NULL),
(114, 3, 'Какие дома наиболее долговечны?', NULL, 0, 0, 3, '2019-04-14 00:38:25', NULL);

-- --------------------------------------------------------

--
-- Структура таблицы `spr_question_group`
--

CREATE TABLE IF NOT EXISTS `spr_question_group` (
  `ID` int(11) NOT NULL,
  `GROUP_NAME` varchar(256) NOT NULL,
  `DT_INSERT` timestamp NULL DEFAULT NULL,
  `DT_MODIFIED` datetime DEFAULT NULL
) ENGINE=InnoDB AUTO_INCREMENT=6 DEFAULT CHARSET=utf8;

--
-- Дамп данных таблицы `spr_question_group`
--

INSERT INTO `spr_question_group` (`ID`, `GROUP_NAME`, `DT_INSERT`, `DT_MODIFIED`) VALUES
(1, 'Общие', '2019-01-16 19:28:52', '0000-00-00 00:00:00'),
(2, 'Право', '2019-04-05 19:32:32', '2019-04-13 21:44:02'),
(3, 'Строительство', '2019-04-13 18:44:56', NULL),
(4, 'Экология', '2019-04-13 18:44:56', NULL),
(5, 'Инвестиции', '2019-04-13 18:45:29', NULL);

-- --------------------------------------------------------

--
-- Структура таблицы `spr_question_tree`
--

CREATE TABLE IF NOT EXISTS `spr_question_tree` (
  `ID` int(11) NOT NULL,
  `ID_TREE` int(11) NOT NULL,
  `ID_PARENT` int(11) DEFAULT NULL COMMENT 'Ссылка на родительский вопрос',
  `ID_CHILD` int(11) DEFAULT NULL COMMENT 'Ссылка на дочерний ответ',
  `ID_ASWER_BRANCH` int(11) DEFAULT NULL COMMENT 'id выбранного ответа по которому попадаем в эту ветку вопросов',
  `DT_INSERTED` datetime DEFAULT NULL,
  `DT_MODIFIED` datetime DEFAULT NULL
) ENGINE=InnoDB AUTO_INCREMENT=120 DEFAULT CHARSET=utf8;

--
-- Дамп данных таблицы `spr_question_tree`
--

INSERT INTO `spr_question_tree` (`ID`, `ID_TREE`, `ID_PARENT`, `ID_CHILD`, `ID_ASWER_BRANCH`, `DT_INSERTED`, `DT_MODIFIED`) VALUES
(1, 1, NULL, 1, NULL, '2019-01-16 23:19:36', '2019-04-14 14:57:39'),
(2, 1, 1, 2, NULL, '2019-01-16 23:20:01', '2019-04-14 14:57:52'),
(3, 1, 2, 3, NULL, '2019-01-16 23:20:15', '2019-04-14 14:58:23'),
(4, 1, 3, 4, NULL, '2019-01-16 23:20:31', '2019-04-14 14:58:45'),
(5, 1, 4, 5, NULL, '2019-01-16 23:20:39', '2019-04-14 14:59:24'),
(6, 1, 5, 6, NULL, '2019-01-17 23:04:27', '2019-04-14 15:00:05'),
(7, 1, 6, 7, NULL, '2019-01-26 15:22:36', '2019-04-14 15:00:27'),
(8, 3, 7, 114, NULL, '2019-04-14 09:52:38', '2019-04-14 14:49:32'),
(60, 2, NULL, 55, NULL, '2019-04-14 10:05:44', '2019-04-14 10:06:21'),
(61, 2, 55, 56, NULL, '2019-04-14 10:05:44', NULL),
(62, 2, 56, 57, NULL, '2019-04-14 10:05:44', NULL),
(63, 2, 57, 58, NULL, '2019-04-14 10:05:44', NULL),
(64, 2, 58, 59, NULL, '2019-04-14 10:05:44', NULL),
(65, 2, 59, 60, NULL, '2019-04-14 10:05:44', NULL),
(66, 2, 60, 61, NULL, '2019-04-14 10:05:44', NULL),
(67, 2, 61, 62, NULL, '2019-04-14 10:05:44', NULL),
(68, 2, 62, 63, NULL, '2019-04-14 10:05:44', NULL),
(69, 2, 63, 64, NULL, '2019-04-14 10:05:44', NULL),
(70, 2, 64, 65, NULL, '2019-04-14 10:05:44', NULL),
(71, 2, 65, 66, NULL, '2019-04-14 10:05:44', NULL),
(72, 2, 66, 67, NULL, '2019-04-14 10:05:44', NULL),
(73, 2, 67, 68, NULL, '2019-04-14 10:05:45', NULL),
(74, 2, 68, 69, NULL, '2019-04-14 10:05:45', NULL),
(75, 2, 69, 70, NULL, '2019-04-14 10:05:45', NULL),
(76, 2, 70, 71, NULL, '2019-04-14 10:05:45', NULL),
(77, 2, 71, 72, NULL, '2019-04-14 10:05:45', NULL),
(78, 2, 72, 73, NULL, '2019-04-14 10:05:45', NULL),
(79, 2, 73, 74, NULL, '2019-04-14 10:05:45', NULL),
(80, 2, 74, 75, NULL, '2019-04-14 10:05:45', NULL),
(81, 2, 75, 76, NULL, '2019-04-14 10:05:45', NULL),
(82, 2, 76, 77, NULL, '2019-04-14 10:05:45', NULL),
(83, 2, 77, 78, NULL, '2019-04-14 10:05:45', NULL),
(84, 2, 78, 79, NULL, '2019-04-14 10:05:45', NULL),
(85, 2, 79, 80, NULL, '2019-04-14 10:05:45', NULL),
(86, 2, 80, 81, NULL, '2019-04-14 10:05:45', NULL),
(87, 2, 81, 82, NULL, '2019-04-14 10:05:45', NULL),
(88, 2, 82, 83, NULL, '2019-04-14 10:05:45', NULL),
(89, 2, 83, 84, NULL, '2019-04-14 10:05:45', NULL),
(90, 2, 84, 85, NULL, '2019-04-14 10:05:45', NULL),
(91, 2, 85, 86, NULL, '2019-04-14 10:05:45', NULL),
(92, 2, 86, 87, NULL, '2019-04-14 10:05:45', NULL),
(93, 2, 87, 88, NULL, '2019-04-14 10:05:45', NULL),
(94, 2, 88, 89, NULL, '2019-04-14 10:05:45', NULL),
(95, 2, 89, 90, NULL, '2019-04-14 10:05:45', NULL),
(96, 2, 90, 91, NULL, '2019-04-14 10:05:45', NULL),
(97, 2, 91, 92, NULL, '2019-04-14 10:05:45', NULL),
(98, 2, 92, 93, NULL, '2019-04-14 10:05:45', NULL),
(99, 2, 93, 94, NULL, '2019-04-14 10:05:45', NULL),
(100, 2, 94, 95, NULL, '2019-04-14 10:05:45', NULL),
(101, 2, 95, 96, NULL, '2019-04-14 10:05:45', NULL),
(102, 2, 96, 97, NULL, '2019-04-14 10:05:45', NULL),
(103, 2, 97, 98, NULL, '2019-04-14 10:05:46', NULL),
(104, 2, 98, 99, NULL, '2019-04-14 10:05:46', NULL),
(105, 2, 99, 100, NULL, '2019-04-14 10:05:46', NULL),
(106, 2, 100, 101, NULL, '2019-04-14 10:05:46', NULL),
(107, 2, 101, 102, NULL, '2019-04-14 10:05:46', NULL),
(108, 2, 102, 103, NULL, '2019-04-14 10:05:46', NULL),
(109, 2, 103, 104, NULL, '2019-04-14 10:05:46', NULL),
(110, 2, 104, 105, NULL, '2019-04-14 10:05:46', NULL),
(111, 2, 105, 106, NULL, '2019-04-14 10:05:46', NULL),
(112, 2, 106, 107, NULL, '2019-04-14 10:05:46', NULL),
(113, 2, 107, 108, NULL, '2019-04-14 10:05:46', NULL),
(114, 2, 108, 109, NULL, '2019-04-14 10:05:46', NULL),
(115, 2, 109, 110, NULL, '2019-04-14 10:05:46', NULL),
(116, 2, 110, 111, NULL, '2019-04-14 10:05:46', NULL),
(117, 2, 111, 112, NULL, '2019-04-14 10:05:46', NULL),
(118, 2, 112, 113, NULL, '2019-04-14 10:05:46', NULL),
(119, 2, 113, 114, NULL, '2019-04-14 10:05:46', NULL);

-- --------------------------------------------------------

--
-- Структура таблицы `spr_tree`
--

CREATE TABLE IF NOT EXISTS `spr_tree` (
  `ID` int(11) NOT NULL,
  `TREE_NAME` varchar(256) NOT NULL,
  `DT_INSERTED` datetime DEFAULT NULL,
  `DT_MODIFIED` datetime DEFAULT NULL
) ENGINE=InnoDB AUTO_INCREMENT=4 DEFAULT CHARSET=utf8;

--
-- Дамп данных таблицы `spr_tree`
--

INSERT INTO `spr_tree` (`ID`, `TREE_NAME`, `DT_INSERTED`, `DT_MODIFIED`) VALUES
(1, 'Тестовое', '2019-01-16 23:16:39', '2019-04-07 23:57:38'),
(2, 'Выбор квартиры', '2019-01-22 22:56:13', '2019-04-07 23:58:02'),
(3, 'Резерв', '2019-02-11 23:22:32', '2019-04-07 23:58:21');

-- --------------------------------------------------------

--
-- Структура таблицы `usr_answer`
--

CREATE TABLE IF NOT EXISTS `usr_answer` (
  `ID` int(11) NOT NULL,
  `ID_USER` int(11) NOT NULL,
  `ID_QUESTION` int(11) NOT NULL,
  `ANSWER` varchar(255) DEFAULT NULL,
  `INFO` varchar(1024) DEFAULT NULL,
  `SCALE_VALUE` float DEFAULT NULL COMMENT 'значение шкалы',
  `IS_TRUE` tinyint(4) DEFAULT NULL,
  `DT_INSERTED` datetime DEFAULT NULL,
  `DT_MODIFIED` datetime DEFAULT NULL
) ENGINE=InnoDB AUTO_INCREMENT=611 DEFAULT CHARSET=utf8;

--
-- Дамп данных таблицы `usr_answer`
--

INSERT INTO `usr_answer` (`ID`, `ID_USER`, `ID_QUESTION`, `ANSWER`, `INFO`, `SCALE_VALUE`, `IS_TRUE`, `DT_INSERTED`, `DT_MODIFIED`) VALUES
(254, 55, 4, '6', 'NULL', NULL, 1, '2019-03-27 01:13:41', NULL),
(255, 55, 5, '12, 13', 'NULL', NULL, 1, '2019-03-27 01:13:45', NULL),
(256, 56, 4, '5', 'NULL', NULL, NULL, '2019-03-27 01:19:47', NULL),
(257, 56, 5, '12', 'NULL', NULL, NULL, '2019-03-27 01:19:50', NULL),
(258, 56, 4, '6', 'NULL', NULL, 1, '2019-03-27 01:19:55', NULL),
(259, 56, 5, '12, 13', 'NULL', NULL, 1, '2019-03-27 01:19:58', NULL),
(260, 57, 4, '6', 'NULL', NULL, 1, '2019-03-29 23:28:08', NULL),
(261, 57, 5, '13', 'NULL', NULL, NULL, '2019-03-29 23:41:10', NULL),
(262, 57, 5, '13', 'NULL', NULL, NULL, '2019-03-29 23:41:22', NULL),
(263, 57, 5, '12, 13', 'NULL', NULL, 1, '2019-03-29 23:41:31', NULL),
(264, 57, 6, '18', 'NULL', NULL, 1, '2019-03-29 23:42:32', NULL),
(265, 57, 7, '19', 'NULL', NULL, 1, '2019-03-29 23:42:38', NULL),
(266, 57, 4, '6', 'NULL', NULL, 1, '2019-03-30 00:04:59', NULL),
(267, 57, 5, '13, 12', 'NULL', NULL, 1, '2019-03-30 00:05:40', NULL),
(268, 58, 4, '6', 'NULL', NULL, 1, '2019-03-30 09:25:29', NULL),
(269, 58, 5, '13, 12', 'NULL', NULL, 1, '2019-03-30 09:49:55', NULL),
(270, 58, 6, '18', 'NULL', NULL, 1, '2019-03-30 09:50:09', NULL),
(271, 59, 4, '6', 'NULL', NULL, 1, '2019-03-30 20:30:03', NULL),
(272, 59, 5, '13, 12', 'NULL', NULL, 1, '2019-03-30 20:30:32', NULL),
(273, 59, 6, '18', 'NULL', NULL, 1, '2019-03-30 20:30:48', NULL),
(274, 61, 4, '6', 'NULL', NULL, 1, '2019-03-30 22:06:14', NULL),
(275, 61, 5, '13', 'NULL', NULL, NULL, '2019-03-30 22:06:27', NULL),
(276, 62, 4, '5', 'NULL', NULL, NULL, '2019-03-30 22:19:06', NULL),
(277, 62, 5, '13', 'NULL', NULL, NULL, '2019-03-30 22:19:11', NULL),
(278, 62, 4, '5', 'NULL', NULL, NULL, '2019-03-30 22:19:42', NULL),
(279, 62, 4, '5', 'NULL', NULL, NULL, '2019-03-30 22:20:00', NULL),
(280, 62, 4, '6', 'NULL', NULL, 1, '2019-03-30 22:20:08', NULL),
(281, 62, 5, '13', 'NULL', NULL, NULL, '2019-03-30 22:20:12', NULL),
(282, 63, 4, '6', 'NULL', NULL, 1, '2019-03-30 22:21:16', NULL),
(283, 63, 5, '12, 13', 'NULL', NULL, 1, '2019-03-30 22:21:20', NULL),
(284, 63, 6, '18', 'NULL', NULL, 1, '2019-03-30 22:21:44', NULL),
(285, 63, 7, '19', 'NULL', NULL, 1, '2019-03-30 22:21:55', NULL),
(286, 63, 4, '6', 'NULL', NULL, 1, '2019-03-30 22:25:34', NULL),
(287, 63, 5, '13, 12', 'NULL', NULL, 1, '2019-03-30 22:25:40', NULL),
(288, 64, 4, '6', 'NULL', NULL, 1, '2019-03-30 22:31:27', NULL),
(289, 64, 5, '13, 12', 'NULL', NULL, 1, '2019-03-30 22:31:33', NULL),
(290, 65, 4, '6', 'NULL', NULL, 1, '2019-03-30 22:35:00', NULL),
(291, 65, 5, '13, 12', 'NULL', NULL, 1, '2019-03-30 22:35:08', NULL),
(292, 66, 4, '6', 'NULL', NULL, 1, '2019-03-30 22:44:10', NULL),
(293, 66, 5, '12, 13', 'NULL', NULL, 1, '2019-03-30 22:44:16', NULL),
(294, 67, 4, '6', 'NULL', NULL, 1, '2019-03-30 22:45:35', NULL),
(295, 67, 5, '12, 13', 'NULL', NULL, 1, '2019-03-30 22:45:45', NULL),
(296, 68, 4, '6', 'NULL', NULL, 1, '2019-03-30 22:48:00', NULL),
(297, 68, 5, '13, 12', 'NULL', NULL, 1, '2019-03-30 22:48:05', NULL),
(298, 68, 6, '18', 'NULL', NULL, 1, '2019-03-30 22:48:23', NULL),
(299, 68, 7, '19', 'NULL', NULL, 1, '2019-03-30 22:48:28', NULL),
(300, 69, 4, '6', 'NULL', NULL, 1, '2019-03-30 22:50:17', NULL),
(301, 69, 5, '12, 13', 'NULL', NULL, 1, '2019-03-30 22:50:21', NULL),
(302, 69, 6, '18', 'NULL', NULL, 1, '2019-03-30 22:50:27', NULL),
(303, 69, 7, '19', 'NULL', NULL, 1, '2019-03-30 22:50:30', NULL),
(304, 69, 7, '19', 'NULL', NULL, 1, '2019-03-30 22:51:24', NULL),
(305, 69, 4, '6', 'NULL', NULL, 1, '2019-03-30 23:19:05', NULL),
(306, 69, 5, '12, 13', 'NULL', NULL, 1, '2019-03-30 23:21:03', NULL),
(307, 69, 6, '18', 'NULL', NULL, 1, '2019-03-30 23:21:45', NULL),
(308, 69, 7, '19', 'NULL', NULL, 1, '2019-03-30 23:24:40', NULL),
(309, 69, 4, '6', 'NULL', NULL, 1, '2019-03-30 23:29:27', NULL),
(310, 69, 5, '13, 12', 'NULL', NULL, 1, '2019-03-30 23:31:22', NULL),
(311, 69, 6, '17', 'NULL', NULL, NULL, '2019-03-30 23:31:31', NULL),
(312, 69, 7, '19', 'NULL', NULL, 1, '2019-03-30 23:31:40', NULL),
(313, 69, 6, '18', 'NULL', NULL, 1, '2019-03-30 23:33:08', NULL),
(314, 70, 4, '6', 'NULL', NULL, 1, '2019-03-31 00:16:07', NULL),
(315, 70, 5, '13', 'NULL', NULL, NULL, '2019-03-31 00:16:12', NULL),
(316, 70, 5, '12, 13', 'NULL', NULL, 1, '2019-03-31 00:16:26', NULL),
(317, 71, 4, '6', 'NULL', NULL, 1, '2019-03-31 16:46:53', NULL),
(318, 71, 5, '12, 13', 'NULL', NULL, 1, '2019-03-31 16:49:12', NULL),
(319, 72, 4, '6', 'NULL', NULL, 1, '2019-03-31 17:02:03', NULL),
(320, 72, 5, '13, 12', 'NULL', NULL, 1, '2019-03-31 17:02:37', NULL),
(321, 72, 6, '18', 'NULL', NULL, 1, '2019-03-31 17:03:12', NULL),
(322, 72, 7, '19', 'NULL', NULL, 1, '2019-03-31 17:04:03', NULL),
(323, 73, 4, '5', 'NULL', NULL, NULL, '2019-03-31 22:18:47', NULL),
(324, 73, 5, '12', 'NULL', NULL, NULL, '2019-03-31 22:21:38', NULL),
(325, 73, 4, '5', 'NULL', NULL, NULL, '2019-03-31 22:54:00', NULL),
(326, 73, 4, '5', 'NULL', NULL, NULL, '2019-03-31 22:54:21', NULL),
(327, 73, 4, '6', 'NULL', NULL, 1, '2019-03-31 22:54:30', NULL),
(328, 73, 5, '12, 13', 'NULL', NULL, 1, '2019-03-31 22:54:35', NULL),
(329, 73, 6, '17', 'NULL', NULL, NULL, '2019-03-31 22:54:54', NULL),
(330, 73, 7, '19', 'NULL', NULL, 1, '2019-03-31 22:54:59', NULL),
(331, 73, 6, '18', 'NULL', NULL, 1, '2019-03-31 22:56:15', NULL),
(332, 74, 4, '5', 'NULL', NULL, NULL, '2019-03-31 23:09:28', NULL),
(333, 74, 5, '12', 'NULL', NULL, NULL, '2019-03-31 23:09:33', NULL),
(334, 74, 4, '6', 'NULL', NULL, 1, '2019-03-31 23:20:53', NULL),
(335, 74, 5, '13', 'NULL', NULL, NULL, '2019-03-31 23:21:36', NULL),
(336, 74, 5, '13', 'NULL', NULL, NULL, '2019-03-31 23:32:04', NULL),
(337, 74, 5, '13, 12', 'NULL', NULL, 1, '2019-03-31 23:34:25', NULL),
(338, 74, 6, '18', 'NULL', NULL, 1, '2019-03-31 23:35:50', NULL),
(339, 76, 4, '6', 'NULL', NULL, 1, '2019-04-01 00:18:34', NULL),
(340, 76, 5, '13, 12', 'NULL', NULL, 1, '2019-04-01 00:19:22', NULL),
(341, 76, 6, '18', 'NULL', NULL, 1, '2019-04-01 00:20:15', NULL),
(342, 76, 7, '19', 'NULL', NULL, 1, '2019-04-01 00:20:25', NULL),
(343, 76, 4, '6', 'NULL', NULL, 1, '2019-04-01 00:50:47', NULL),
(344, 76, 5, '12, 13', 'NULL', NULL, 1, '2019-04-01 00:51:00', NULL),
(345, 76, 6, '18', 'NULL', NULL, 1, '2019-04-01 00:51:34', NULL),
(346, 76, 7, '19', 'NULL', NULL, 1, '2019-04-01 00:52:44', NULL),
(347, 79, 4, '6', 'NULL', NULL, 1, '2019-04-07 00:27:07', NULL),
(348, 79, 5, '12, 13', 'NULL', NULL, 1, '2019-04-07 00:27:17', NULL),
(349, 79, 1, '1, 4', 'NULL', NULL, 1, '2019-04-07 00:27:24', NULL),
(350, 79, 7, '19', 'NULL', NULL, 1, '2019-04-07 00:39:18', NULL),
(351, 80, 4, '5', 'NULL', NULL, NULL, '2019-04-07 01:05:17', NULL),
(352, 80, 5, '13, 12', 'NULL', NULL, 1, '2019-04-07 01:05:23', NULL),
(353, 80, 4, '6', 'NULL', NULL, 1, '2019-04-07 01:05:57', NULL),
(354, 80, 1, '4, 1', 'NULL', NULL, 1, '2019-04-07 01:06:12', NULL),
(355, 80, 7, '19', 'NULL', NULL, 1, '2019-04-07 01:06:18', NULL),
(356, 81, 4, '5', 'NULL', NULL, NULL, '2019-04-07 11:00:23', NULL),
(357, 81, 5, '13, 12', 'NULL', NULL, 1, '2019-04-07 11:00:39', NULL),
(358, 81, 4, '6', 'NULL', NULL, 1, '2019-04-07 11:01:01', NULL),
(359, 81, 1, '1', 'NULL', NULL, NULL, '2019-04-07 11:01:40', NULL),
(360, 81, 7, '19', 'NULL', NULL, 1, '2019-04-07 11:01:58', NULL),
(361, 81, 1, '1, 4', 'NULL', NULL, 1, '2019-04-07 11:02:11', NULL),
(362, 81, 4, '6', 'NULL', NULL, 1, '2019-04-07 11:20:16', NULL),
(363, 81, 5, '13, 12', 'NULL', NULL, 1, '2019-04-07 11:20:24', NULL),
(364, 83, 4, '6', 'NULL', NULL, 1, '2019-04-08 22:29:03', NULL),
(365, 83, 5, '13, 12', 'NULL', NULL, 1, '2019-04-08 22:29:17', NULL),
(366, 83, 1, '1, 4', 'NULL', NULL, 1, '2019-04-08 22:29:43', NULL),
(367, 83, 7, '19', 'NULL', NULL, 1, '2019-04-08 22:30:05', NULL),
(368, 83, 4, '6', 'NULL', NULL, 1, '2019-04-08 22:35:14', NULL),
(369, 83, 5, '13, 12', 'NULL', NULL, 1, '2019-04-08 22:35:18', NULL),
(370, 84, 4, '6', 'NULL', NULL, 1, '2019-04-08 22:40:54', NULL),
(371, 84, 5, '12, 13', 'NULL', NULL, 1, '2019-04-08 22:40:58', NULL),
(372, 84, 1, '4, 1', 'NULL', NULL, 1, '2019-04-08 22:41:48', NULL),
(373, 85, 4, '5', 'NULL', NULL, NULL, '2019-04-10 22:03:57', NULL),
(374, 85, 5, '13, 12', 'NULL', NULL, 1, '2019-04-10 22:04:05', NULL),
(375, 85, 4, '6', 'NULL', NULL, 1, '2019-04-10 22:05:01', NULL),
(376, 85, 1, '1, 4', 'NULL', NULL, 1, '2019-04-10 22:05:49', NULL),
(377, 85, 7, '19', 'NULL', NULL, 1, '2019-04-10 22:07:31', NULL),
(378, 85, 4, '5', 'NULL', NULL, NULL, '2019-04-10 22:16:01', NULL),
(379, 85, 5, '13, 12', 'NULL', NULL, 1, '2019-04-10 22:16:05', NULL),
(380, 85, 4, '6', 'NULL', NULL, 1, '2019-04-10 22:16:24', NULL),
(381, 85, 1, '4, 1', 'NULL', NULL, 1, '2019-04-10 22:16:35', NULL),
(382, 85, 7, '19', 'NULL', NULL, 1, '2019-04-10 22:16:38', NULL),
(383, 85, 4, '5', 'NULL', NULL, NULL, '2019-04-10 22:17:35', NULL),
(384, 85, 5, '13', 'NULL', NULL, NULL, '2019-04-10 22:17:41', NULL),
(385, 85, 4, '6', 'NULL', NULL, 1, '2019-04-10 22:18:28', NULL),
(386, 85, 5, '13, 12', 'NULL', NULL, 1, '2019-04-10 22:18:46', NULL),
(387, 86, 4, '5', 'NULL', NULL, NULL, '2019-04-10 22:24:45', NULL),
(388, 86, 5, '12', 'NULL', NULL, NULL, '2019-04-10 22:24:48', NULL),
(389, 86, 4, '6', 'NULL', NULL, 1, '2019-04-10 22:26:23', NULL),
(390, 86, 5, '12, 13', 'NULL', NULL, 1, '2019-04-10 22:26:35', NULL),
(391, 86, 1, '4, 1', 'NULL', NULL, 1, '2019-04-10 22:26:43', NULL),
(392, 86, 7, '19', 'NULL', NULL, 1, '2019-04-10 22:26:59', NULL),
(393, 86, 4, '5', 'NULL', NULL, NULL, '2019-04-13 11:41:27', NULL),
(394, 86, 5, '13, 12', 'NULL', NULL, 1, '2019-04-13 11:41:35', NULL),
(395, 86, 4, '6', 'NULL', NULL, 1, '2019-04-13 11:42:12', NULL),
(396, 86, 1, '4, 1', 'NULL', NULL, 1, '2019-04-13 11:43:59', NULL),
(397, 86, 7, '19', 'NULL', NULL, 1, '2019-04-13 11:44:35', NULL),
(398, 87, 4, '6', 'NULL', NULL, 1, '2019-04-13 13:26:26', NULL),
(399, 87, 5, '13, 12', 'NULL', NULL, 1, '2019-04-13 13:26:50', NULL),
(400, 88, 4, '6', 'NULL', NULL, 1, '2019-04-13 13:28:31', NULL),
(401, 88, 5, '12, 13', 'NULL', NULL, 1, '2019-04-13 13:28:34', NULL),
(402, 88, 6, '18', 'NULL', NULL, 1, '2019-04-13 13:49:44', NULL),
(403, 88, 7, '19', 'NULL', NULL, 1, '2019-04-13 13:49:54', NULL),
(404, 88, 4, '6', 'NULL', NULL, 1, '2019-04-13 14:09:06', NULL),
(405, 88, 5, '13, 12', 'NULL', NULL, 1, '2019-04-13 14:09:10', NULL),
(406, 88, 6, '18', 'NULL', NULL, 1, '2019-04-13 14:09:19', NULL),
(407, 88, 7, '19', 'NULL', NULL, 1, '2019-04-13 14:09:26', NULL),
(408, 88, 4, '6', 'NULL', NULL, 1, '2019-04-13 14:21:02', NULL),
(409, 88, 5, '12, 13', 'NULL', NULL, 1, '2019-04-13 14:21:06', NULL),
(410, 88, 6, '18', 'NULL', NULL, 1, '2019-04-13 14:21:24', NULL),
(411, 88, 7, '19', 'NULL', NULL, 1, '2019-04-13 14:21:29', NULL),
(412, 88, 4, '6', 'NULL', NULL, 1, '2019-04-13 14:23:46', NULL),
(413, 88, 5, '12, 13', 'NULL', NULL, 1, '2019-04-13 14:23:51', NULL),
(414, 88, 6, '18', 'NULL', NULL, 1, '2019-04-13 14:25:44', NULL),
(415, 88, 7, '19', 'NULL', NULL, 1, '2019-04-13 14:25:49', NULL),
(416, 88, 4, '6', 'NULL', NULL, 1, '2019-04-13 14:35:57', NULL),
(417, 88, 5, '12, 13', 'NULL', NULL, 1, '2019-04-13 14:36:07', NULL),
(418, 88, 6, '18', 'NULL', NULL, 1, '2019-04-13 14:36:26', NULL),
(419, 88, 7, '19', 'NULL', NULL, 1, '2019-04-13 14:36:32', NULL),
(420, 88, 4, '6', 'NULL', NULL, 1, '2019-04-13 14:37:48', NULL),
(421, 88, 5, '13, 12', 'NULL', NULL, 1, '2019-04-13 14:37:53', NULL),
(422, 88, 6, '18', 'NULL', NULL, 1, '2019-04-13 14:38:13', NULL),
(423, 88, 7, '19', 'NULL', NULL, 1, '2019-04-13 14:38:16', NULL),
(424, 88, 4, '6', 'NULL', NULL, 1, '2019-04-13 14:39:21', NULL),
(425, 88, 5, '12, 13', 'NULL', NULL, 1, '2019-04-13 14:39:25', NULL),
(426, 88, 6, '18', 'NULL', NULL, 1, '2019-04-13 14:39:31', NULL),
(427, 88, 7, '19', 'NULL', NULL, 1, '2019-04-13 14:39:34', NULL),
(428, 88, 4, '6', 'NULL', NULL, 1, '2019-04-13 14:53:23', NULL),
(429, 88, 5, '12, 13', 'NULL', NULL, 1, '2019-04-13 14:53:30', NULL),
(430, 88, 6, '18', 'NULL', NULL, 1, '2019-04-13 14:53:36', NULL),
(431, 88, 7, '19', 'NULL', NULL, 1, '2019-04-13 14:53:42', NULL),
(432, 88, 4, '6', 'NULL', NULL, 1, '2019-04-13 15:02:45', NULL),
(433, 88, 5, '12, 13', 'NULL', NULL, 1, '2019-04-13 15:02:49', NULL),
(434, 88, 6, '18', 'NULL', NULL, 1, '2019-04-13 15:02:56', NULL),
(435, 88, 7, '19', 'NULL', NULL, 1, '2019-04-13 15:07:23', NULL),
(436, 88, 4, '6', 'NULL', NULL, 1, '2019-04-13 15:09:03', NULL),
(437, 88, 5, '13', 'NULL', NULL, NULL, '2019-04-13 15:09:09', NULL),
(438, 88, 5, '12', 'NULL', NULL, NULL, '2019-04-13 15:09:51', NULL),
(439, 88, 5, '13, 12', 'NULL', NULL, 1, '2019-04-13 15:10:08', NULL),
(440, 88, 6, '18', 'NULL', NULL, 1, '2019-04-13 15:10:45', NULL),
(441, 88, 7, '19', 'NULL', NULL, 1, '2019-04-13 15:15:40', NULL),
(442, 88, 4, '6', 'NULL', NULL, 1, '2019-04-13 15:20:56', NULL),
(443, 88, 5, '12, 13', 'NULL', NULL, 1, '2019-04-13 15:21:01', NULL),
(444, 88, 6, '18', 'NULL', NULL, 1, '2019-04-13 15:21:07', NULL),
(445, 88, 7, '19', 'NULL', NULL, 1, '2019-04-13 15:21:14', NULL),
(446, 88, 4, '6', 'NULL', NULL, 1, '2019-04-13 17:19:55', NULL),
(447, 88, 5, '12, 13', 'NULL', NULL, 1, '2019-04-13 17:19:59', NULL),
(448, 88, 6, '18', 'NULL', NULL, 1, '2019-04-13 17:20:05', NULL),
(449, 88, 7, '19', 'NULL', NULL, 1, '2019-04-13 17:20:17', NULL),
(450, 88, 4, '6', 'NULL', NULL, 1, '2019-04-13 17:33:52', NULL),
(451, 88, 5, '13, 12', 'NULL', NULL, 1, '2019-04-13 17:34:07', NULL),
(452, 89, 4, '6', 'NULL', NULL, 1, '2019-04-13 17:37:10', NULL),
(453, 89, 5, '12, 13', 'NULL', NULL, 1, '2019-04-13 18:12:13', NULL),
(454, 89, 6, '18', 'NULL', NULL, 1, '2019-04-13 18:31:38', NULL),
(455, 89, 7, '19', 'NULL', NULL, 1, '2019-04-13 18:34:07', NULL),
(456, 89, 4, '6', 'NULL', NULL, 1, '2019-04-13 18:38:12', NULL),
(457, 89, 5, '12, 13', 'NULL', NULL, 1, '2019-04-13 18:38:17', NULL),
(458, 89, 6, '18', 'NULL', NULL, 1, '2019-04-13 18:38:33', NULL),
(459, 89, 7, '19', 'NULL', NULL, 1, '2019-04-13 18:38:37', NULL),
(460, 89, 4, '6', 'NULL', NULL, 1, '2019-04-13 18:47:59', NULL),
(461, 89, 5, '13, 12', 'NULL', NULL, 1, '2019-04-13 18:48:07', NULL),
(462, 89, 6, '18', 'NULL', NULL, 1, '2019-04-13 18:48:11', NULL),
(463, 89, 7, '19', 'NULL', NULL, 1, '2019-04-13 18:48:15', NULL),
(464, 89, 7, '19', 'NULL', NULL, 1, '2019-04-13 18:52:04', NULL),
(465, 89, 4, '6', 'NULL', NULL, 1, '2019-04-14 09:20:29', NULL),
(466, 90, 4, '6', 'NULL', NULL, 1, '2019-04-14 10:09:02', NULL),
(467, 90, 5, '13, 12', 'NULL', NULL, 1, '2019-04-14 10:09:07', NULL),
(468, 90, 6, '18', 'NULL', NULL, 1, '2019-04-14 10:09:14', NULL),
(469, 90, 7, '19', 'NULL', NULL, 1, '2019-04-14 10:09:43', NULL),
(470, 90, 114, '242', 'NULL', NULL, 1, '2019-04-14 10:09:57', NULL),
(471, 91, 75, '125', 'NULL', NULL, 1, '2019-04-14 10:41:22', NULL),
(472, 91, 76, '127, 129', 'NULL', NULL, NULL, '2019-04-14 10:41:31', NULL),
(473, 91, 77, '135', 'NULL', NULL, 0, '2019-04-14 10:41:55', NULL),
(474, 91, 78, '6', 'NULL', NULL, 1, '2019-04-14 10:42:15', NULL),
(475, 91, 79, '140', 'NULL', NULL, 1, '2019-04-14 10:42:47', NULL),
(476, 91, 75, '124', 'NULL', NULL, 0, '2019-04-14 11:02:31', NULL),
(477, 91, 76, '129, 130', 'NULL', NULL, 1, '2019-04-14 11:03:13', NULL),
(478, 91, 77, '133', 'NULL', NULL, 1, '2019-04-14 11:11:40', NULL),
(479, 91, 78, '6', 'NULL', NULL, 1, '2019-04-14 11:11:47', NULL),
(480, 91, 79, '140', 'NULL', NULL, 1, '2019-04-14 11:17:06', NULL),
(481, 91, 80, '6', 'NULL', NULL, 1, '2019-04-14 11:17:33', NULL),
(482, 91, 81, '141', 'NULL', NULL, 1, '2019-04-14 11:17:40', NULL),
(483, 91, 82, '145', 'NULL', NULL, 1, '2019-04-14 11:17:46', NULL),
(484, 91, 83, '6', 'NULL', NULL, 0, '2019-04-14 11:17:57', NULL),
(485, 91, 84, '5', 'NULL', NULL, 1, '2019-04-14 11:18:19', NULL),
(486, 91, 85, '147, 148', 'NULL', NULL, 1, '2019-04-14 11:18:39', NULL),
(487, 91, 86, '5', 'NULL', NULL, 1, '2019-04-14 11:18:44', NULL),
(488, 91, 87, '152', 'NULL', NULL, 0, '2019-04-14 11:19:05', NULL),
(489, 91, 88, '154', 'NULL', NULL, 1, '2019-04-14 11:20:29', NULL),
(490, 91, 89, '156', 'NULL', NULL, 1, '2019-04-14 11:22:00', NULL),
(491, 91, 90, '5', 'NULL', NULL, 1, '2019-04-14 11:22:16', NULL),
(492, 91, 91, '6', 'NULL', NULL, 1, '2019-04-14 11:22:25', NULL),
(493, 91, 92, '5', 'NULL', NULL, 1, '2019-04-14 11:32:08', NULL),
(494, 91, 93, '5', 'NULL', NULL, 1, '2019-04-14 11:37:40', NULL),
(495, 91, 94, '6', 'NULL', NULL, 1, '2019-04-14 11:38:44', NULL),
(496, 91, 75, '125', 'NULL', NULL, 1, '2019-04-14 11:39:06', NULL),
(497, 91, 83, '5', 'NULL', NULL, 1, '2019-04-14 11:40:05', NULL),
(498, 91, 87, '151', 'NULL', NULL, 1, '2019-04-14 11:40:17', NULL),
(499, 91, 95, '164', 'NULL', NULL, 1, '2019-04-14 11:44:15', NULL),
(500, 91, 96, '168', 'NULL', NULL, 1, '2019-04-14 11:44:38', NULL),
(501, 91, 97, '173', 'NULL', NULL, 0, '2019-04-14 11:46:00', NULL),
(502, 91, 98, '175, 177, 176', 'NULL', NULL, 1, '2019-04-14 11:48:00', NULL),
(503, 91, 99, '179, 180', 'NULL', NULL, 1, '2019-04-14 11:48:28', NULL),
(504, 91, 100, '184, 182', 'NULL', NULL, 1, '2019-04-14 11:53:55', NULL),
(505, 91, 101, '186', 'NULL', NULL, 1, '2019-04-14 11:55:17', NULL),
(506, 91, 102, '196, 192, 190, 195', 'NULL', NULL, NULL, '2019-04-14 11:56:45', NULL),
(507, 91, 103, '203, 198, 194', 'NULL', NULL, 1, '2019-04-14 11:57:14', NULL),
(508, 91, 104, '207, 205', 'NULL', NULL, 1, '2019-04-14 11:57:34', NULL),
(509, 91, 105, '211', 'NULL', NULL, 1, '2019-04-14 11:58:04', NULL),
(510, 91, 106, '217', 'NULL', NULL, 1, '2019-04-14 11:59:24', NULL),
(511, 91, 107, '220, 222, 221, 218, 223, 219', 'NULL', NULL, 1, '2019-04-14 12:00:06', NULL),
(512, 91, 108, '226', 'NULL', NULL, 1, '2019-04-14 12:00:27', NULL),
(513, 91, 109, '229', 'NULL', NULL, 1, '2019-04-14 12:00:35', NULL),
(514, 91, 110, '231, 234', 'NULL', NULL, 1, '2019-04-14 12:01:01', NULL),
(515, 91, 111, '6', 'NULL', NULL, 1, '2019-04-14 12:01:11', NULL),
(516, 91, 112, '236', 'NULL', NULL, 1, '2019-04-14 12:01:42', NULL),
(517, 91, 113, '239', 'NULL', NULL, 1, '2019-04-14 12:02:38', NULL),
(518, 91, 114, '242', 'NULL', NULL, 1, '2019-04-14 12:03:04', NULL),
(519, 91, 97, '173', 'NULL', NULL, 0, '2019-04-14 12:03:22', NULL),
(520, 91, 97, '172', 'NULL', NULL, 1, '2019-04-14 12:04:11', NULL),
(521, 91, 102, '192, 196, 193, 195, 190', 'NULL', NULL, 1, '2019-04-14 12:05:16', NULL),
(522, 92, 4, '5', 'NULL', NULL, NULL, '2019-04-14 13:17:11', NULL),
(523, 92, 5, '13', 'NULL', NULL, NULL, '2019-04-14 13:17:16', NULL),
(524, 92, 4, '5', 'NULL', NULL, NULL, '2019-04-14 13:17:22', NULL),
(525, 92, 5, '13', 'NULL', NULL, NULL, '2019-04-14 13:17:29', NULL),
(526, 92, 4, '6', 'NULL', NULL, 1, '2019-04-14 13:17:36', NULL),
(527, 92, 5, '12, 13', 'NULL', NULL, 1, '2019-04-14 13:17:44', NULL),
(528, 92, 2, '6', 'NULL', NULL, 1, '2019-04-14 13:19:27', NULL),
(529, 92, 7, '102', 'NULL', NULL, 1, '2019-04-14 13:19:34', NULL),
(530, 92, 114, '242', 'NULL', NULL, 1, '2019-04-14 13:19:45', NULL),
(531, 94, 4, '6', 'NULL', NULL, 1, '2019-04-14 13:53:15', NULL),
(532, 94, 5, '12, 13', 'NULL', NULL, 1, '2019-04-14 13:53:27', NULL),
(533, 94, 2, '5', 'NULL', NULL, NULL, '2019-04-14 14:20:07', NULL),
(534, 94, 7, '19', 'NULL', NULL, 0, '2019-04-14 14:20:16', NULL),
(535, 94, 114, '242', 'NULL', NULL, 1, '2019-04-14 14:22:01', NULL),
(536, 94, 2, '5', 'NULL', NULL, NULL, '2019-04-14 14:22:09', NULL),
(537, 94, 7, '102', 'NULL', NULL, 1, '2019-04-14 14:22:16', NULL),
(538, 94, 2, '6', 'NULL', NULL, 1, '2019-04-14 14:22:42', NULL),
(539, 94, 4, '6', 'NULL', NULL, 1, '2019-04-14 14:28:55', NULL),
(540, 94, 5, '12, 13', 'NULL', NULL, 1, '2019-04-14 14:29:02', NULL),
(541, 94, 2, '5', 'NULL', NULL, NULL, '2019-04-14 14:30:48', NULL),
(542, 94, 7, '102', 'NULL', NULL, 1, '2019-04-14 14:30:52', NULL),
(543, 94, 114, '240', 'NULL', NULL, 0, '2019-04-14 14:30:56', NULL),
(544, 94, 2, '6', 'NULL', NULL, 1, '2019-04-14 14:31:05', NULL),
(545, 94, 114, '242', 'NULL', NULL, 1, '2019-04-14 14:31:10', NULL),
(546, 94, 4, '6', 'NULL', NULL, 1, '2019-04-14 14:39:54', NULL),
(547, 94, 5, '12, 13', 'NULL', NULL, 1, '2019-04-14 14:39:57', NULL),
(548, 94, 2, '6', 'NULL', NULL, 1, '2019-04-14 14:40:04', NULL),
(549, 94, 7, '102', 'NULL', NULL, 1, '2019-04-14 14:40:06', NULL),
(550, 94, 114, '242', 'NULL', NULL, 1, '2019-04-14 14:40:11', NULL),
(551, 96, 4, '5', 'NULL', NULL, NULL, '2019-04-14 15:03:47', NULL),
(552, 96, 5, '12', 'NULL', NULL, NULL, '2019-04-14 15:03:58', NULL),
(553, 96, 4, '6', 'NULL', NULL, 1, '2019-04-14 15:04:04', NULL),
(554, 96, 5, '12', 'NULL', NULL, NULL, '2019-04-14 15:04:07', NULL),
(555, 96, 5, '13, 12', 'NULL', NULL, 1, '2019-04-14 15:04:29', NULL),
(556, 96, 6, '17', 'NULL', NULL, NULL, '2019-04-14 15:04:36', NULL),
(557, 96, 7, '102', 'NULL', NULL, 1, '2019-04-14 15:04:42', NULL),
(558, 96, 6, '15', 'NULL', NULL, NULL, '2019-04-14 15:04:48', NULL),
(559, 96, 6, '18', 'NULL', NULL, 1, '2019-04-14 15:05:01', NULL),
(560, 96, 4, '6', 'NULL', NULL, 1, '2019-04-14 15:10:44', NULL),
(561, 96, 5, '13, 12', 'NULL', NULL, 1, '2019-04-14 15:11:20', NULL),
(562, 96, 6, '18', 'NULL', NULL, 1, '2019-04-14 15:12:26', NULL),
(563, 96, 7, '102', 'NULL', NULL, 1, '2019-04-14 15:12:32', NULL),
(564, 96, 4, '6', 'NULL', NULL, 1, '2019-04-14 15:24:41', NULL),
(565, 96, 5, '12, 13', 'NULL', NULL, 1, '2019-04-14 15:25:16', NULL),
(566, 97, 4, '6', 'NULL', NULL, 1, '2019-04-14 20:30:41', NULL),
(567, 97, 5, '12, 13', 'NULL', NULL, 1, '2019-04-14 20:30:49', NULL),
(568, 97, 6, '18', 'NULL', NULL, 1, '2019-04-14 20:31:15', NULL),
(569, 97, 7, '102', 'NULL', NULL, 1, '2019-04-14 20:31:19', NULL),
(570, 97, 4, '6', 'NULL', NULL, 1, '2019-04-14 20:33:21', NULL),
(571, 97, 5, '12, 13', 'NULL', NULL, 1, '2019-04-14 20:33:25', NULL),
(572, 97, 6, '18', 'NULL', NULL, 1, '2019-04-14 20:33:45', NULL),
(573, 97, 7, '102', 'NULL', NULL, 1, '2019-04-14 20:33:52', NULL),
(574, 97, 4, '5', 'NULL', NULL, NULL, '2019-04-14 20:39:37', NULL),
(575, 97, 5, '13', 'NULL', NULL, NULL, '2019-04-14 20:39:41', NULL),
(576, 97, 4, '6', 'NULL', NULL, 1, '2019-04-14 20:40:00', NULL),
(577, 97, 5, '12, 13', 'NULL', NULL, 1, '2019-04-14 20:40:04', NULL),
(578, 97, 6, '18', 'NULL', NULL, 1, '2019-04-14 20:40:11', NULL),
(579, 97, 7, '102', 'NULL', NULL, 1, '2019-04-14 20:40:15', NULL),
(580, 98, 4, '6', 'NULL', NULL, 1, '2019-04-14 20:44:42', NULL),
(581, 98, 5, '13', 'NULL', NULL, NULL, '2019-04-14 20:44:49', NULL),
(582, 98, 5, '13, 12', 'NULL', NULL, 1, '2019-04-14 20:44:58', NULL),
(583, 98, 6, '18', 'NULL', NULL, 1, '2019-04-14 20:45:03', NULL),
(584, 98, 7, '102', 'NULL', NULL, 1, '2019-04-14 20:45:07', NULL),
(585, 99, 4, '6', 'NULL', NULL, 1, '2019-04-14 20:56:28', NULL),
(586, 99, 5, '13, 12', 'NULL', NULL, 1, '2019-04-14 20:56:36', NULL),
(587, 99, 6, '18', 'NULL', NULL, 1, '2019-04-14 20:57:04', NULL),
(588, 99, 7, '102', 'NULL', NULL, 1, '2019-04-14 20:57:11', NULL),
(589, 99, 4, '6', 'NULL', NULL, 1, '2019-04-14 21:01:38', NULL),
(590, 99, 5, '13', 'NULL', NULL, NULL, '2019-04-14 21:01:41', NULL),
(591, 99, 5, '12, 13', 'NULL', NULL, 1, '2019-04-14 21:01:52', NULL),
(592, 99, 6, '18', 'NULL', NULL, 1, '2019-04-14 21:02:15', NULL),
(593, 99, 7, '102', 'NULL', NULL, 1, '2019-04-14 21:02:21', NULL),
(594, 99, 4, '6', 'NULL', NULL, 1, '2019-04-14 21:04:30', NULL),
(595, 99, 5, '12, 13', 'NULL', NULL, 1, '2019-04-14 21:04:34', NULL),
(596, 99, 6, '18', 'NULL', NULL, 1, '2019-04-14 21:04:40', NULL),
(597, 99, 7, '102', 'NULL', NULL, 1, '2019-04-14 21:04:42', NULL),
(598, 99, 4, '6', 'NULL', NULL, 1, '2019-04-15 12:49:04', NULL),
(599, 99, 5, '13, 12', 'NULL', NULL, 1, '2019-04-15 12:49:07', NULL),
(600, 99, 6, '18', 'NULL', NULL, 1, '2019-04-15 12:49:14', NULL),
(601, 99, 7, '102', 'NULL', NULL, 1, '2019-04-15 12:49:18', NULL),
(602, 99, 4, '6', 'NULL', NULL, 1, '2019-04-15 14:03:22', NULL),
(603, 99, 5, '13, 12', 'NULL', NULL, 1, '2019-04-15 14:03:29', NULL),
(604, 99, 6, '18', 'NULL', NULL, 1, '2019-04-15 14:03:49', NULL),
(605, 99, 7, '102', 'NULL', NULL, 1, '2019-04-15 14:03:53', NULL),
(606, 99, 4, '6', 'NULL', NULL, 1, '2019-04-15 15:52:41', NULL),
(607, 99, 5, '12, 13', 'NULL', NULL, 1, '2019-04-15 15:52:52', NULL),
(608, 99, 6, '18', 'NULL', NULL, 1, '2019-04-15 15:53:39', NULL),
(609, 99, 7, '102', 'NULL', NULL, 1, '2019-04-15 15:53:44', NULL),
(610, 99, 2, '3', '', 0, 1, NULL, NULL);

-- --------------------------------------------------------

--
-- Структура таблицы `usr_login`
--

CREATE TABLE IF NOT EXISTS `usr_login` (
  `ID_USER` int(11) NOT NULL,
  `IP_USER` varchar(255) DEFAULT NULL COMMENT 'технический идентифкатор неавторизованного юзера',
  `LOGIN` varchar(255) DEFAULT NULL,
  `MAIL` varchar(255) DEFAULT NULL,
  `ROLE` varchar(255) DEFAULT NULL,
  `FIO` varchar(255) DEFAULT NULL,
  `PASS` varchar(255) DEFAULT NULL,
  `LAST_SESSION_ID` varchar(255) DEFAULT NULL,
  `LAST_SESSION_DT` datetime DEFAULT NULL,
  `LAST_SESSION_DEVICE` varchar(255) DEFAULT NULL,
  `LAST_SESSION_GPS` varchar(255) DEFAULT NULL,
  `DT_INSERTED` datetime DEFAULT NULL,
  `DT_MODIFIED` datetime DEFAULT NULL
) ENGINE=InnoDB AUTO_INCREMENT=100 DEFAULT CHARSET=utf8;

--
-- Дамп данных таблицы `usr_login`
--

INSERT INTO `usr_login` (`ID_USER`, `IP_USER`, `LOGIN`, `MAIL`, `ROLE`, `FIO`, `PASS`, `LAST_SESSION_ID`, `LAST_SESSION_DT`, `LAST_SESSION_DEVICE`, `LAST_SESSION_GPS`, `DT_INSERTED`, `DT_MODIFIED`) VALUES
(1, '', 'user1', NULL, NULL, NULL, NULL, 'утро', NULL, NULL, NULL, '2019-01-17 00:20:50', '2019-03-10 19:03:09'),
(22, '::1', NULL, NULL, NULL, NULL, NULL, 'el6fsbj095s8sorkuqj5d9ooe3', NULL, NULL, NULL, '2019-03-10 23:03:46', NULL),
(23, '::1', NULL, NULL, NULL, NULL, NULL, 'iu57ubvjnpaa4ookkdb5odj108', NULL, NULL, NULL, '2019-03-10 23:17:58', NULL),
(24, '::1', NULL, NULL, NULL, NULL, NULL, '6ml79t9u9taa64j6qngrn803eh', NULL, NULL, NULL, '2019-03-11 00:09:55', NULL),
(25, '::1', NULL, NULL, NULL, NULL, NULL, 'eubj44rek5dr2rev8neodm372u', NULL, NULL, NULL, '2019-03-11 00:11:41', NULL),
(26, '127.0.0.1', NULL, NULL, NULL, NULL, NULL, '9ht4jt8n3l9a4mvea207fb8j0b', NULL, NULL, NULL, '2019-03-11 00:22:12', NULL),
(27, '::1', NULL, NULL, NULL, NULL, NULL, 'vefbi9ackdvbbphkdrvqabhe0t', NULL, NULL, NULL, '2019-03-11 00:33:05', NULL),
(28, '::1', NULL, NULL, NULL, NULL, NULL, 'j30ba19fqglgv2m3ech95lfu5d', NULL, NULL, NULL, '2019-03-13 21:48:10', NULL),
(29, '::1', NULL, NULL, NULL, NULL, NULL, '5aevq71dl2rkrdnc8vug566kf0', NULL, NULL, NULL, '2019-03-13 22:27:37', NULL),
(30, '::1', NULL, NULL, NULL, NULL, NULL, '8sddb3ub6bvi5tj245tunoa4dp', NULL, NULL, NULL, '2019-03-13 22:29:34', NULL),
(31, '::1', NULL, NULL, NULL, NULL, NULL, 'ucf93t6l23dhmuv0kh6ckleutl', NULL, NULL, NULL, '2019-03-17 17:12:23', NULL),
(32, '127.0.0.1', NULL, NULL, NULL, NULL, NULL, 'qj0dcfd968j4pp0rrm9rjj01qi', NULL, NULL, NULL, '2019-03-17 17:25:09', NULL),
(33, '::1', NULL, NULL, NULL, NULL, NULL, 'miou58vfhqrnnub4kd5aebpjt6', NULL, NULL, NULL, '2019-03-17 19:48:20', NULL),
(34, '::1', NULL, NULL, NULL, NULL, NULL, '5rm0tcnkceegtc12f6oksidge7', NULL, NULL, NULL, '2019-03-18 22:38:27', NULL),
(35, '::1', NULL, NULL, NULL, NULL, NULL, '1pfmaf90ehb00k9vl64taiti73', NULL, NULL, NULL, '2019-03-19 00:25:58', NULL),
(36, '::1', NULL, NULL, NULL, NULL, NULL, 'u45janlteq877f3f335uerj1rq', NULL, NULL, NULL, '2019-03-19 00:40:27', NULL),
(37, '::1', NULL, NULL, NULL, NULL, NULL, 'cv8a0f5uigqdbh9bsli0n8m3ct', NULL, NULL, NULL, '2019-03-19 23:44:54', NULL),
(38, '::1', NULL, NULL, NULL, NULL, NULL, 'aoejqnnsm4ei4s5ruid4c49ev8', NULL, NULL, NULL, '2019-03-19 23:51:51', NULL),
(39, '::1', NULL, NULL, NULL, NULL, NULL, 'tdn6b9jb7s25i6b9snskkooisk', NULL, NULL, NULL, '2019-03-19 23:55:06', NULL),
(40, '::1', NULL, NULL, NULL, NULL, NULL, 'tkimr0ri187thicbfhp7t5bspv', NULL, NULL, NULL, '2019-03-20 00:10:24', NULL),
(41, '::1', NULL, NULL, NULL, NULL, NULL, 'leq5cv4tf8nlthct9fg5bq2060', NULL, NULL, NULL, '2019-03-20 00:23:08', NULL),
(42, '::1', NULL, NULL, NULL, NULL, NULL, 'mpk1el68c4vfska4h1rfdmh4l2', NULL, NULL, NULL, '2019-03-23 00:47:04', NULL),
(43, '::1', NULL, NULL, NULL, NULL, NULL, 'fk8urnvimcil03bnlg8u5sjdft', NULL, NULL, NULL, '2019-03-24 09:19:08', NULL),
(44, '::1', NULL, NULL, NULL, NULL, NULL, '8aopua7dhiqotaepo492mborn7', NULL, NULL, NULL, '2019-03-24 23:02:00', NULL),
(45, '::1', NULL, NULL, NULL, NULL, NULL, 'luabstqq3om6vp4n82v43l7oqu', NULL, NULL, NULL, '2019-03-26 22:44:58', NULL),
(46, '::1', NULL, NULL, NULL, NULL, NULL, 'dhace5lvsd6shhi090leu5fhuj', NULL, NULL, NULL, '2019-03-27 00:18:46', NULL),
(47, '::1', NULL, NULL, NULL, NULL, NULL, 'ino0qnnt10uh8jur3t4eu1m5f7', NULL, NULL, NULL, '2019-03-27 00:22:12', NULL),
(48, '::1', NULL, NULL, NULL, NULL, NULL, 'qc7kv0vhrkpcf6uaalb6gth2sj', NULL, NULL, NULL, '2019-03-27 00:29:37', NULL),
(49, '::1', NULL, NULL, NULL, NULL, NULL, 'rb7suiqi31p3hm8t8uddlrv6ia', NULL, NULL, NULL, '2019-03-27 00:33:12', NULL),
(50, '::1', NULL, NULL, NULL, NULL, NULL, 'jdi0v70a83bjqk1o6d5l1hq60p', NULL, NULL, NULL, '2019-03-27 00:45:55', NULL),
(51, '127.0.0.1', NULL, NULL, NULL, NULL, NULL, '8f46mgr1dgbmcu8sgbi844ahie', NULL, NULL, NULL, '2019-03-27 00:47:48', NULL),
(52, '::1', NULL, NULL, NULL, NULL, NULL, '88qejtcut0h8jglc5c5q8j7mic', NULL, NULL, NULL, '2019-03-27 00:52:55', NULL),
(53, '::1', NULL, NULL, NULL, NULL, NULL, 'd3kue5ii6h0ee8knjh7urkels2', NULL, NULL, NULL, '2019-03-27 00:56:06', NULL),
(54, '::1', NULL, NULL, NULL, NULL, NULL, 'e1b94joa68u1d6sc6mvldi84aq', NULL, NULL, NULL, '2019-03-27 00:57:49', NULL),
(55, '::1', NULL, NULL, NULL, NULL, NULL, 'ojaqgifb5mrujf1sm8asjfhpcu', NULL, NULL, NULL, '2019-03-27 01:13:26', NULL),
(56, '::1', NULL, NULL, NULL, NULL, NULL, 'pifdncme388rlfhpqoljbsrod3', NULL, NULL, NULL, '2019-03-27 01:19:42', NULL),
(57, '::1', NULL, NULL, NULL, NULL, NULL, 'grjrpijstnb49olf0cij7fim1p', NULL, NULL, NULL, '2019-03-29 21:24:26', NULL),
(58, '::1', NULL, NULL, NULL, NULL, NULL, '6n0tbkk2tnj5l390i21me3tvq0', NULL, NULL, NULL, '2019-03-30 09:24:55', NULL),
(59, '::1', NULL, NULL, NULL, NULL, NULL, 'ca32hu2vul92rnc72hrg64atlc', NULL, NULL, NULL, '2019-03-30 10:55:54', NULL),
(60, '127.0.0.1', NULL, NULL, NULL, NULL, NULL, 'uhrmj2kkb41bmn121irp37102j', NULL, NULL, NULL, '2019-03-30 22:04:24', NULL),
(61, '::1', NULL, NULL, NULL, NULL, NULL, 'lbpam057nntfo3gogfai60g9t6', NULL, NULL, NULL, '2019-03-30 22:05:56', NULL),
(62, '::1', NULL, NULL, NULL, NULL, NULL, '9n4gg4ue1nisf9vm2p848o3jnj', NULL, NULL, NULL, '2019-03-30 22:09:38', NULL),
(63, '::1', NULL, NULL, NULL, NULL, NULL, 'mc0end55imfbmmln4p0uf81duv', NULL, NULL, NULL, '2019-03-30 22:20:55', NULL),
(64, '::1', NULL, NULL, NULL, NULL, NULL, '1mlg43brk812t1tbv4182k6gjs', NULL, NULL, NULL, '2019-03-30 22:31:18', NULL),
(65, '::1', NULL, NULL, NULL, NULL, NULL, 'f020o7sv4j2qlao5rvh4mu939e', NULL, NULL, NULL, '2019-03-30 22:34:50', NULL),
(66, '::1', NULL, NULL, NULL, NULL, NULL, '0rt0gsrqa2g9s39gt9t1m5gvdg', NULL, NULL, NULL, '2019-03-30 22:43:47', NULL),
(67, '::1', NULL, NULL, NULL, NULL, NULL, 'iq7cibunt9he1r0jp7lk9vdd7e', NULL, NULL, NULL, '2019-03-30 22:45:28', NULL),
(68, '::1', NULL, NULL, NULL, NULL, NULL, '0cdqq9cjb28fk3kn0qa5f5c6lk', NULL, NULL, NULL, '2019-03-30 22:47:54', NULL),
(69, '::1', NULL, NULL, NULL, NULL, NULL, '1p916c5699t78henia7c0i05ac', NULL, NULL, NULL, '2019-03-30 22:50:12', NULL),
(70, '::1', NULL, NULL, NULL, NULL, NULL, '8o1a802kl27de3e00ifmonho8r', NULL, NULL, NULL, '2019-03-31 00:15:50', NULL),
(71, '::1', NULL, NULL, NULL, NULL, NULL, 'g0le570qag8altd0bujp5hnk3h', NULL, NULL, NULL, '2019-03-31 16:44:48', NULL),
(72, '::1', NULL, NULL, NULL, NULL, NULL, 't1s4gdv8mg1mtga2c42uol0kd1', NULL, NULL, NULL, '2019-03-31 16:58:29', NULL),
(73, '::1', NULL, NULL, NULL, NULL, NULL, 'diqqrs94easfsei9hi1kfuuncv', NULL, NULL, NULL, '2019-03-31 22:17:40', NULL),
(74, '::1', NULL, NULL, NULL, NULL, NULL, '7go85ohkkajtbsluqhl43ol794', NULL, NULL, NULL, '2019-03-31 23:08:59', NULL),
(75, '::1', NULL, NULL, NULL, NULL, NULL, 'a71icsc0ubdi8lbuv3chbt6cfs', NULL, NULL, NULL, '2019-03-31 23:52:11', NULL),
(76, '::1', NULL, NULL, NULL, NULL, NULL, '1q7nebp1aec20gu4mf9d76gp7a', NULL, NULL, NULL, '2019-04-01 00:10:38', NULL),
(77, '::1', NULL, NULL, NULL, NULL, NULL, '2hfe0968vh5tk54082sm6qec2c', NULL, NULL, NULL, '2019-04-06 22:51:52', NULL),
(78, '::1', NULL, NULL, NULL, NULL, NULL, 'dsmrpk5fl4nsvtlohodem24met', NULL, NULL, NULL, '2019-04-06 23:14:10', NULL),
(79, '::1', NULL, NULL, NULL, NULL, NULL, 'm49hjt7hughidnig56jvh96j4a', NULL, NULL, NULL, '2019-04-07 00:26:57', NULL),
(80, '::1', NULL, NULL, NULL, NULL, NULL, 'p3q6cvqmehec9to6r2o3v145c9', NULL, NULL, NULL, '2019-04-07 01:04:56', NULL),
(81, '::1', NULL, NULL, NULL, NULL, NULL, '2pnl53d9okna8dttsglka3e4u2', NULL, NULL, NULL, '2019-04-07 11:00:05', NULL),
(82, '::1', NULL, NULL, NULL, NULL, NULL, 'h7ie96mbie8ahp4gabv9cllois', NULL, NULL, NULL, '2019-04-07 11:48:30', NULL),
(83, '::1', NULL, NULL, NULL, NULL, NULL, '1718bgn5kvbge7731bm3b38fkt', NULL, NULL, NULL, '2019-04-08 22:28:06', NULL),
(84, '::1', NULL, NULL, NULL, NULL, NULL, 'ekj6f9ve8cvf82ffipthohfmks', NULL, NULL, NULL, '2019-04-08 22:40:37', NULL),
(85, '127.0.0.1', NULL, NULL, NULL, NULL, NULL, 'c7oes3aap75pl3d3g1g21gbekv', NULL, NULL, NULL, '2019-04-10 22:03:42', NULL),
(86, '::1', NULL, NULL, NULL, NULL, NULL, 'svc0fh98q3ppvi0bo15jiavk66', NULL, NULL, NULL, '2019-04-10 22:23:56', NULL),
(87, '::1', NULL, NULL, NULL, NULL, NULL, '9gfu5vgho8tjdfbhhva1lbnd2g', NULL, NULL, NULL, '2019-04-13 13:25:55', NULL),
(88, '::1', NULL, NULL, NULL, NULL, NULL, '99djcrat9vpf0n4pbcu8vrqfsh', NULL, NULL, NULL, '2019-04-13 13:28:19', NULL),
(89, '::1', NULL, NULL, NULL, NULL, NULL, 'nrgp0t7kh2dpdq1cvq495o90bn', NULL, NULL, NULL, '2019-04-13 17:35:13', NULL),
(90, '127.0.0.1', NULL, NULL, NULL, NULL, NULL, 'edhddq1vif1ndg6oa596qfpdik', NULL, NULL, NULL, '2019-04-14 10:08:56', NULL),
(91, '::1', NULL, NULL, NULL, NULL, NULL, 'jbkmqjv7ceuk2v832aolf8k4lb', NULL, NULL, NULL, '2019-04-14 10:40:42', NULL),
(92, '::1', NULL, NULL, NULL, NULL, NULL, 'a1tva61vqh9e6r4b2jd0qu307a', NULL, NULL, NULL, '2019-04-14 13:16:38', NULL),
(93, '::1', NULL, NULL, NULL, NULL, NULL, 'k71ekjmd2gp25uc01jq25jd46c', NULL, NULL, NULL, '2019-04-14 13:25:49', NULL),
(94, '::1', NULL, NULL, NULL, NULL, NULL, 'rrdne07f18cd3ljk237j5kk81e', NULL, NULL, NULL, '2019-04-14 13:31:25', NULL),
(95, '::1', NULL, NULL, NULL, NULL, NULL, 'kr6ktkpfnvsi58sojra6sg52vu', NULL, NULL, NULL, '2019-04-14 14:55:19', NULL),
(96, '::1', NULL, NULL, NULL, NULL, NULL, 'qib25hi9u57b76at5sfn7lj419', NULL, NULL, NULL, '2019-04-14 15:03:42', NULL),
(97, '::1', NULL, NULL, NULL, NULL, NULL, 'gg3k4m178r0cpb3129n1nug1o2', NULL, NULL, NULL, '2019-04-14 20:30:35', NULL),
(98, '::1', NULL, NULL, NULL, NULL, NULL, 'r5ef519u5mnat7dj3oc88phah6', NULL, NULL, NULL, '2019-04-14 20:43:55', NULL),
(99, '::1', NULL, NULL, NULL, NULL, NULL, 'ae3h6kqg91h8t0id6vr45iu1io', NULL, NULL, NULL, '2019-04-14 20:56:18', NULL);

--
-- Индексы сохранённых таблиц
--

--
-- Индексы таблицы `spr_answer`
--
ALTER TABLE `spr_answer`
  ADD PRIMARY KEY (`ID`),
  ADD KEY `IX_ANSWER_GROUP_UNIQ` (`ID_GROUP`,`ANSWER`(255),`DT_MODIFIED`),
  ADD KEY `IX_ANSWER_UNIQ` (`ID_GROUP`,`ANSWER`(255));

--
-- Индексы таблицы `spr_answer_group`
--
ALTER TABLE `spr_answer_group`
  ADD PRIMARY KEY (`ID`);

--
-- Индексы таблицы `spr_answer_question`
--
ALTER TABLE `spr_answer_question`
  ADD UNIQUE KEY `IX_QUESTION_ANSWER_UNIQ` (`ID_QUESTION`,`ID_ANSWER`),
  ADD KEY `FK_ANSWER` (`ID_ANSWER`),
  ADD KEY `IX_ANSWER_QUESTION` (`ID_QUESTION`,`ID_ANSWER`),
  ADD KEY `IX_SHOW_INDEX` (`SHOW_INDEX`);

--
-- Индексы таблицы `spr_question`
--
ALTER TABLE `spr_question`
  ADD PRIMARY KEY (`ID`),
  ADD KEY `IX_QUESTION_UNIQ` (`ID_GROUP`,`QUESTION`(255));

--
-- Индексы таблицы `spr_question_group`
--
ALTER TABLE `spr_question_group`
  ADD PRIMARY KEY (`ID`);

--
-- Индексы таблицы `spr_question_tree`
--
ALTER TABLE `spr_question_tree`
  ADD PRIMARY KEY (`ID`),
  ADD KEY `FK_QUESTION_PARENT` (`ID_PARENT`),
  ADD KEY `FK_QUESTION_CHILD` (`ID_CHILD`),
  ADD KEY `FK_TREE` (`ID_TREE`),
  ADD KEY `FK_ANSWER_BRANCH_ID` (`ID_ASWER_BRANCH`);

--
-- Индексы таблицы `spr_tree`
--
ALTER TABLE `spr_tree`
  ADD PRIMARY KEY (`ID`);

--
-- Индексы таблицы `usr_answer`
--
ALTER TABLE `usr_answer`
  ADD PRIMARY KEY (`ID`),
  ADD KEY `FK_USER_ID` (`ID_USER`),
  ADD KEY `FK_QUESTION_ID` (`ID_QUESTION`);

--
-- Индексы таблицы `usr_login`
--
ALTER TABLE `usr_login`
  ADD PRIMARY KEY (`ID_USER`);

--
-- AUTO_INCREMENT для сохранённых таблиц
--

--
-- AUTO_INCREMENT для таблицы `spr_answer`
--
ALTER TABLE `spr_answer`
  MODIFY `ID` int(11) NOT NULL AUTO_INCREMENT,AUTO_INCREMENT=243;
--
-- AUTO_INCREMENT для таблицы `spr_answer_group`
--
ALTER TABLE `spr_answer_group`
  MODIFY `ID` int(11) NOT NULL AUTO_INCREMENT,AUTO_INCREMENT=2;
--
-- AUTO_INCREMENT для таблицы `spr_question`
--
ALTER TABLE `spr_question`
  MODIFY `ID` int(11) NOT NULL AUTO_INCREMENT,AUTO_INCREMENT=115;
--
-- AUTO_INCREMENT для таблицы `spr_question_group`
--
ALTER TABLE `spr_question_group`
  MODIFY `ID` int(11) NOT NULL AUTO_INCREMENT,AUTO_INCREMENT=6;
--
-- AUTO_INCREMENT для таблицы `spr_question_tree`
--
ALTER TABLE `spr_question_tree`
  MODIFY `ID` int(11) NOT NULL AUTO_INCREMENT,AUTO_INCREMENT=120;
--
-- AUTO_INCREMENT для таблицы `spr_tree`
--
ALTER TABLE `spr_tree`
  MODIFY `ID` int(11) NOT NULL AUTO_INCREMENT,AUTO_INCREMENT=4;
--
-- AUTO_INCREMENT для таблицы `usr_answer`
--
ALTER TABLE `usr_answer`
  MODIFY `ID` int(11) NOT NULL AUTO_INCREMENT,AUTO_INCREMENT=611;
--
-- AUTO_INCREMENT для таблицы `usr_login`
--
ALTER TABLE `usr_login`
  MODIFY `ID_USER` int(11) NOT NULL AUTO_INCREMENT,AUTO_INCREMENT=100;
--
-- Ограничения внешнего ключа сохраненных таблиц
--

--
-- Ограничения внешнего ключа таблицы `spr_answer`
--
ALTER TABLE `spr_answer`
  ADD CONSTRAINT `FK_ANSWER_GROUP` FOREIGN KEY (`ID_GROUP`) REFERENCES `spr_answer_group` (`ID`);

--
-- Ограничения внешнего ключа таблицы `spr_answer_question`
--
ALTER TABLE `spr_answer_question`
  ADD CONSTRAINT `FK_ANSWER` FOREIGN KEY (`ID_ANSWER`) REFERENCES `spr_answer` (`ID`),
  ADD CONSTRAINT `FK_QUESTION` FOREIGN KEY (`ID_QUESTION`) REFERENCES `spr_question` (`ID`);

--
-- Ограничения внешнего ключа таблицы `spr_question`
--
ALTER TABLE `spr_question`
  ADD CONSTRAINT `FK_QUESTION_GROUP` FOREIGN KEY (`ID_GROUP`) REFERENCES `spr_question_group` (`ID`);

--
-- Ограничения внешнего ключа таблицы `spr_question_tree`
--
ALTER TABLE `spr_question_tree`
  ADD CONSTRAINT `FK_ANSWER_BRANCH_ID` FOREIGN KEY (`ID_ASWER_BRANCH`) REFERENCES `spr_answer` (`ID`),
  ADD CONSTRAINT `FK_QUESTION_CHILD` FOREIGN KEY (`ID_CHILD`) REFERENCES `spr_question` (`ID`),
  ADD CONSTRAINT `FK_QUESTION_PARENT` FOREIGN KEY (`ID_PARENT`) REFERENCES `spr_question` (`ID`),
  ADD CONSTRAINT `FK_TREE` FOREIGN KEY (`ID_TREE`) REFERENCES `spr_tree` (`ID`);

--
-- Ограничения внешнего ключа таблицы `usr_answer`
--
ALTER TABLE `usr_answer`
  ADD CONSTRAINT `FK_QUESTION_ID` FOREIGN KEY (`ID_QUESTION`) REFERENCES `spr_question` (`ID`),
  ADD CONSTRAINT `FK_USER_ID` FOREIGN KEY (`ID_USER`) REFERENCES `usr_login` (`ID_USER`);

/*!40101 SET CHARACTER_SET_CLIENT=@OLD_CHARACTER_SET_CLIENT */;
/*!40101 SET CHARACTER_SET_RESULTS=@OLD_CHARACTER_SET_RESULTS */;
/*!40101 SET COLLATION_CONNECTION=@OLD_COLLATION_CONNECTION */;
